chrom	start	end	sample	cell	class	scalar	num_bins	sv_call_name	sv_call_haplotype	sv_call_name_2nd	sv_call_haplotype_2nd	llr_to_ref	llr_to_2nd	af
chr1	2600000	2800000	fastq0024_HPNE_T3	HCJY7AFX7_MIxT1XT3_24s001577-1-1_Jeong_lane1T3xiTRU1A10	WW	1	1	idup_h2	1011	complex	1111	8.15803871330961	2.04855208211987	0.0294117647058824
chr1	2600000	2800000	fastq0024_HPNE_T3	HCJY7AFX7_MIxT1XT3_24s001577-1-1_Jeong_lane1T3xiTRU1A35	WC	1	1	inv_h2	1001	idup_h2	1011	6.80562204210133	0.0571960876200546	0.0294117647058824
chr1	2600000	2800000	fastq0024_HPNE_T3	HCJY7AFX7_MIxT1XT3_24s001577-1-1_Jeong_lane1T3xiTRU1A39	WC	1	1	complex	2110	idup_h1	1110	8.86310579961108	2.73500672793526	0.0294117647058824
chr1	2800000	3800000	fastq0024_HPNE_T3	HCJY7AFX7_MIxT1XT3_24s001577-1-1_Jeong_lane1T3xiTRU1A10	WW	1	4	idup_h1	1110	idup_h2	1011	5.15269756079085	0.0256997689836549	0.0294117647058824
chr1	2800000	3800000	fastq0024_HPNE_T3	HCJY7AFX7_MIxT1XT3_24s001577-1-1_Jeong_lane1T3xiTRU1A39	WC	1	4	dup_hom	2020	dup_h2	1020	6.8107270025937	2.48721230137539	0.0294117647058824
chr1	3800000	12800000	fastq0024_HPNE_T3	HCJY7AFX7_MIxT1XT3_24s001577-1-1_Jeong_lane1T3xiTRU1A05	CC	1	43	dup_h2	1020	dup_h1	2010	6.99084456444767	4.1632344417782	0.117647058823529
chr1	3800000	12800000	fastq0024_HPNE_T3	HCJY7AFX7_MIxT1XT3_24s001577-1-1_Jeong_lane1T3xiTRU1A10	WW	1	43	inv_h1	0110	idup_h1	1110	27.7277973071939	3.92143137065184	0.0294117647058824
chr1	3800000	12800000	fastq0024_HPNE_T3	HCJY7AFX7_MIxT1XT3_24s001577-1-1_Jeong_lane1T3xiTRU1A25	CC	1	43	dup_h1	2010	dup_h2	1020	13.6451692778053	3.46138454438121	0.0588235294117647
chr1	3800000	12800000	fastq0024_HPNE_T3	HCJY7AFX7_MIxT1XT3_24s001577-1-1_Jeong_lane1T3xiTRU1A39	WC	1	43	dup_h2	1020	dup_hom	2020	13.0772043888258	2.87443653983132	0.117647058823529
chr1	3800000	12800000	fastq0024_HPNE_T3	HCJY7AFX7_MIxT1XT3_24s001577-1-1_Jeong_lane1T3xiTRU1A66	WW	1	43	dup_h2	1020	dup_h1	2010	8.94590645231281	2.08379290009836	0.117647058823529
chr1	3800000	12800000	fastq0024_HPNE_T3	HCJY7AFX7_MIxT1XT3_24s001577-1-1_Jeong_lane1T3xiTRU1A79	CC	1	43	dup_h2	1020	dup_h1	2010	8.87890283890878	4.85638162233815	0.117647058823529
chr1	3800000	12800000	fastq0024_HPNE_T3	HCJY7AFX7_MIxT1XT3_24s001577-1-1_Jeong_lane1T3xiTRU1A80	CC	1	43	dup_h1	2010	dup_h2	1020	6.33555865676325	3.46138454438121	0.0588235294117647
chr1	13400000	22800000	fastq0024_HPNE_T3	HCJY7AFX7_MIxT1XT3_24s001577-1-1_Jeong_lane1T3xiTRU1A02	CC	1	45	dup_h2	1020	dup_h1	2010	4.78321189123571	2.07903867689693	0.176470588235294
chr1	13400000	22800000	fastq0024_HPNE_T3	HCJY7AFX7_MIxT1XT3_24s001577-1-1_Jeong_lane1T3xiTRU1A05	CC	1	45	dup_h1	2010	dup_h2	1020	5.12776561592432	1.38669722590279	0.117647058823529
chr1	13400000	22800000	fastq0024_HPNE_T3	HCJY7AFX7_MIxT1XT3_24s001577-1-1_Jeong_lane1T3xiTRU1A25	CC	1	45	dup_h2	1020	dup_h1	2010	9.54946374133511	4.85162739913672	0.176470588235294
chr1	13400000	22800000	fastq0024_HPNE_T3	HCJY7AFX7_MIxT1XT3_24s001577-1-1_Jeong_lane1T3xiTRU1A27	CC	1	45	dup_h1	2010	ref_hom	1010	4.33573708177295	4.33573708177295	0.117647058823529
chr1	13400000	22800000	fastq0024_HPNE_T3	HCJY7AFX7_MIxT1XT3_24s001577-1-1_Jeong_lane1T3xiTRU1A39	WC	1	45	dup_h1	2010	dup_hom	2020	8.16717697774529	0.399395182984959	0.117647058823529
chr1	13400000	22800000	fastq0024_HPNE_T3	HCJY7AFX7_MIxT1XT3_24s001577-1-1_Jeong_lane1T3xiTRU1A42	WW	1	45	dup_h2	1020	dup_h1	2010	6.16028880681385	1.38589149633699	0.176470588235294
chr1	13400000	22800000	fastq0024_HPNE_T3	HCJY7AFX7_MIxT1XT3_24s001577-1-1_Jeong_lane1T3xiTRU1A65	WW	1	45	dup_h2	1020	ref_hom	1010	5.08962299545791	5.08962299545791	0.176470588235294
chr1	13400000	22800000	fastq0024_HPNE_T3	HCJY7AFX7_MIxT1XT3_24s001577-1-1_Jeong_lane1T3xiTRU1A66	WW	1	45	dup_h1	2010	dup_h2	1020	9.1761651456599	4.15928594814257	0.117647058823529
chr1	13400000	22800000	fastq0024_HPNE_T3	HCJY7AFX7_MIxT1XT3_24s001577-1-1_Jeong_lane1T3xiTRU1A79	CC	1	45	dup_h2	1020	dup_h1	2010	5.8676629450908	4.85162739913672	0.176470588235294
chr1	13400000	22800000	fastq0024_HPNE_T3	HCJY7AFX7_MIxT1XT3_24s001577-1-1_Jeong_lane1T3xiTRU1A80	CC	1	45	dup_h2	1020	ref_hom	1010	5.97341776026764	5.97341776026764	0.176470588235294
chr1	22800000	33200000	fastq0024_HPNE_T3	HCJY7AFX7_MIxT1XT3_24s001577-1-1_Jeong_lane1T3xiTRU1A05	CC	1	51	dup_h2	1020	dup_h1	2010	8.22342858603933	2.77245590800343	0.117647058823529
chr1	22800000	33200000	fastq0024_HPNE_T3	HCJY7AFX7_MIxT1XT3_24s001577-1-1_Jeong_lane1T3xiTRU1A10	WW	1	51	dup_h2	1020	dup_h1	2010	8.98646976732321	2.07930872744349	0.117647058823529
chr1	22800000	33200000	fastq0024_HPNE_T3	HCJY7AFX7_MIxT1XT3_24s001577-1-1_Jeong_lane1T3xiTRU1A40	WW	1	51	dup_h1	2010	dup_h2	1020	8.99246796530871	2.77272153647613	0.117647058823529
chr1	22800000	33200000	fastq0024_HPNE_T3	HCJY7AFX7_MIxT1XT3_24s001577-1-1_Jeong_lane1T3xiTRU1A42	WW	1	51	dup_h1	2010	dup_h2	1020	7.44778007326057	0.000132814236351919	0.117647058823529
chr1	22800000	33200000	fastq0024_HPNE_T3	HCJY7AFX7_MIxT1XT3_24s001577-1-1_Jeong_lane1T3xiTRU1A48	CC	1	51	dup_h2	1020	ref_hom	1010	4.01740348117531	4.01740348117531	0.117647058823529
chr1	22800000	33200000	fastq0024_HPNE_T3	HCJY7AFX7_MIxT1XT3_24s001577-1-1_Jeong_lane1T3xiTRU1A66	WW	1	51	dup_h2	1020	dup_h1	2010	5.5741945669293	0.693014366323595	0.117647058823529
chr1	22800000	33200000	fastq0024_HPNE_T3	HCJY7AFX7_MIxT1XT3_24s001577-1-1_Jeong_lane1T3xiTRU1A79	CC	1	51	dup_h1	2010	dup_h2	1020	8.53170254686443	5.54531025871592	0.117647058823529
chr1	22800000	33200000	fastq0024_HPNE_T3	HCJY7AFX7_MIxT1XT3_24s001577-1-1_Jeong_lane1T3xiTRU1A80	CC	1	51	dup_h1	2010	dup_h2	1020	6.87363614948115	0.693279994796299	0.117647058823529
chr1	33200000	48200000	fastq0024_HPNE_T3	HCJY7AFX7_MIxT1XT3_24s001577-1-1_Jeong_lane1T3xiTRU1A40	WW	1	71	dup_h1	2010	dup_h2	1020	8.07546132680345	2.77258255035827	0.0294117647058824
chr1	68400000	83600000	fastq0024_HPNE_T3	HCJY7AFX7_MIxT1XT3_24s001577-1-1_Jeong_lane1T3xiTRU1A05	CC	1	76	del_h1	0010	ref_hom	1010	9.25984330576398	9.25984330576398	0.0294117647058824
chr1	91600000	95200000	fastq0024_HPNE_T3	HCJY7AFX7_MIxT1XT3_24s001577-1-1_Jeong_lane1T3xiTRU1A37	CW	1	18	complex	2000	inv_h2	1001	14.3149979427364	2.00244814635879	0.0294117647058824
chr1	95200000	108600000	fastq0024_HPNE_T3	HCJY7AFX7_MIxT1XT3_24s001577-1-1_Jeong_lane1T3xiTRU1A37	CW	1	65	complex	2000	del_h2	1000	18.59004617683	1.93392392647556	0.0294117647058824
chr1	108600000	110800000	fastq0024_HPNE_T3	HCJY7AFX7_MIxT1XT3_24s001577-1-1_Jeong_lane1T3xiTRU1A37	CW	1	11	complex	3000	complex	2000	18.7728111952734	0.27002304473792	0.0294117647058824
chr1	110800000	117800000	fastq0024_HPNE_T3	HCJY7AFX7_MIxT1XT3_24s001577-1-1_Jeong_lane1T3xiTRU1A37	CW	1	35	complex	2000	inv_h2	1001	23.198956250899	7.1137380269524	0.0294117647058824
chr1	117800000	120400000	fastq0024_HPNE_T3	HCJY7AFX7_MIxT1XT3_24s001577-1-1_Jeong_lane1T3xiTRU1A37	CW	1	11	inv_h2	1001	del_h2	1000	14.8578921868335	2.053529004521	0.0294117647058824
chr1	151800000	153400000	fastq0024_HPNE_T3	HCJY7AFX7_MIxT1XT3_24s001577-1-1_Jeong_lane1T3xiTRU1A37	CW	1	8	inv_h2	1001	complex	0002	18.5284617764398	3.26593590109387	0.0294117647058824
chr1	153400000	157000000	fastq0024_HPNE_T3	HCJY7AFX7_MIxT1XT3_24s001577-1-1_Jeong_lane1T3xiTRU1A08	WW	1	18	idup_h2	1011	complex	0021	7.26012652191761	3.46333601542505	0.0294117647058824
chr1	153400000	157000000	fastq0024_HPNE_T3	HCJY7AFX7_MIxT1XT3_24s001577-1-1_Jeong_lane1T3xiTRU1A37	CW	1	18	inv_h2	1001	complex	3000	12.1776446662378	0.118340617945089	0.0294117647058824
chr1	157000000	162800000	fastq0024_HPNE_T3	HCJY7AFX7_MIxT1XT3_24s001577-1-1_Jeong_lane1T3xiTRU1A37	CW	1	29	complex	2000	inv_h2	1001	18.299349142145	4.42034983069301	0.0294117647058824
chr1	162800000	164400000	fastq0024_HPNE_T3	HCJY7AFX7_MIxT1XT3_24s001577-1-1_Jeong_lane1T3xiTRU1A37	CW	1	8	del_h2	1000	inv_h2	1001	14.5022620305296	3.68347558954669	0.0294117647058824
chr1	164400000	168800000	fastq0024_HPNE_T3	HCJY7AFX7_MIxT1XT3_24s001577-1-1_Jeong_lane1T3xiTRU1A37	CW	1	22	inv_h2	1001	complex	2000	18.3084307308407	2.57230501873806	0.0294117647058824
chr1	168800000	175000000	fastq0024_HPNE_T3	HCJY7AFX7_MIxT1XT3_24s001577-1-1_Jeong_lane1T3xiTRU1A37	CW	1	31	complex	2000	inv_h2	1001	18.673412314977	2.61261805909756	0.0294117647058824
chr1	175000000	176000000	fastq0024_HPNE_T3	HCJY7AFX7_MIxT1XT3_24s001577-1-1_Jeong_lane1T3xiTRU1A37	CW	1	5	inv_h2	1001	complex	3000	7.76757401924241	1.45751200741322	0.0294117647058824
chr1	176000000	178800000	fastq0024_HPNE_T3	HCJY7AFX7_MIxT1XT3_24s001577-1-1_Jeong_lane1T3xiTRU1A37	CW	1	14	inv_h2	1001	del_h2	1000	21.2012155794982	4.54931150995309	0.0294117647058824
chr1	185600000	199800000	fastq0024_HPNE_T3	HCJY7AFX7_MIxT1XT3_24s001577-1-1_Jeong_lane1T3xiTRU1A02	CC	1	71	del_h2	1000	ref_hom	1010	5.88456896936868	5.88456896936868	0.176470588235294
chr1	185600000	199800000	fastq0024_HPNE_T3	HCJY7AFX7_MIxT1XT3_24s001577-1-1_Jeong_lane1T3xiTRU1A05	CC	1	71	del_h2	1000	del_h1	0010	14.3619470804122	2.73558953267639e-13	0.176470588235294
chr1	185600000	199800000	fastq0024_HPNE_T3	HCJY7AFX7_MIxT1XT3_24s001577-1-1_Jeong_lane1T3xiTRU1A10	WW	1	71	del_h2	1000	del_h1	0010	14.7030029371472	2.74447131687339e-13	0.176470588235294
chr1	185600000	199800000	fastq0024_HPNE_T3	HCJY7AFX7_MIxT1XT3_24s001577-1-1_Jeong_lane1T3xiTRU1A25	CC	1	71	del_h2	1000	del_h1	0010	15.4684474314033	11.9829290942162	0.176470588235294
chr1	185600000	199800000	fastq0024_HPNE_T3	HCJY7AFX7_MIxT1XT3_24s001577-1-1_Jeong_lane1T3xiTRU1A27	CC	1	71	del_h2	1000	del_h1	0010	14.7487650861156	2.74447131687339e-13	0.176470588235294
chr1	185600000	199800000	fastq0024_HPNE_T3	HCJY7AFX7_MIxT1XT3_24s001577-1-1_Jeong_lane1T3xiTRU1A48	CC	1	71	del_h1	0010	del_h2	1000	8.05219103069012	5.99146454710771	0.0882352941176471
chr1	185600000	199800000	fastq0024_HPNE_T3	HCJY7AFX7_MIxT1XT3_24s001577-1-1_Jeong_lane1T3xiTRU1A66	WW	1	71	del_h1	0010	del_h2	1000	12.0462180352379	5.99146454710771	0.0882352941176471
chr1	185600000	199800000	fastq0024_HPNE_T3	HCJY7AFX7_MIxT1XT3_24s001577-1-1_Jeong_lane1T3xiTRU1A79	CC	1	71	del_h1	0010	ref_hom	1010	8.21496306911064	8.21496306911064	0.0882352941176471
chr1	185600000	199800000	fastq0024_HPNE_T3	HCJY7AFX7_MIxT1XT3_24s001577-1-1_Jeong_lane1T3xiTRU1A83	WW	1	71	del_h2	1000	ref_hom	1010	10.0563242919244	10.0563242919244	0.176470588235294
chr1	199800000	205600000	fastq0024_HPNE_T3	HCJY7AFX7_MIxT1XT3_24s001577-1-1_Jeong_lane1T3xiTRU1A39	WC	1	28	dup_h2	1020	ref_hom	1010	4.40675612119839	4.40675612119839	0.0294117647058824
chr1	232000000	237600000	fastq0024_HPNE_T3	HCJY7AFX7_MIxT1XT3_24s001577-1-1_Jeong_lane1T3xiTRU1A27	CC	1	28	inv_h2	1001	complex	1100	26.704212463518	8.97587096074355	0.0294117647058824
chr1	232000000	237600000	fastq0024_HPNE_T3	HCJY7AFX7_MIxT1XT3_24s001577-1-1_Jeong_lane1T3xiTRU1A35	WC	1	28	complex	2000	complex	3000	19.7748653237244	6.58339923423624	0.0294117647058824
chr1	237600000	243800000	fastq0024_HPNE_T3	HCJY7AFX7_MIxT1XT3_24s001577-1-1_Jeong_lane1T3xiTRU1A02	CC	1	31	inv_h1	0110	complex	1100	26.9412113143536	8.88295036608202	0.0294117647058824
chr1	237600000	243800000	fastq0024_HPNE_T3	HCJY7AFX7_MIxT1XT3_24s001577-1-1_Jeong_lane1T3xiTRU1A27	CC	1	31	inv_h2	1001	complex	0011	27.1319527502121	9.07371484375996	0.0588235294117647
chr1	237600000	243800000	fastq0024_HPNE_T3	HCJY7AFX7_MIxT1XT3_24s001577-1-1_Jeong_lane1T3xiTRU1A35	WC	1	31	inv_h2	1001	complex	2000	21.8237556151407	2.23425058698718	0.0588235294117647
chr1	243800000	247400000	fastq0024_HPNE_T3	HCJY7AFX7_MIxT1XT3_24s001577-1-1_Jeong_lane1T3xiTRU1A02	CC	1	18	inv_h1	0110	complex	1100	31.6073788160294	8.0706914669469	0.0294117647058824
chr1	243800000	247400000	fastq0024_HPNE_T3	HCJY7AFX7_MIxT1XT3_24s001577-1-1_Jeong_lane1T3xiTRU1A27	CC	1	18	inv_hom	0101	complex	0002	16.9875519288417	5.78209103743904	0.0294117647058824
chr1	243800000	247400000	fastq0024_HPNE_T3	HCJY7AFX7_MIxT1XT3_24s001577-1-1_Jeong_lane1T3xiTRU1A35	WC	1	18	complex	2000	complex	3000	20.5277998914582	3.98464461449569	0.0294117647058824
chr1	247400000	248956422	fastq0024_HPNE_T3	HCJY7AFX7_MIxT1XT3_24s001577-1-1_Jeong_lane1T3xiTRU1A02	CC	1	8	inv_h2	1001	inv_h1	0110	7.22301348822826	1.04738105685924	0.0588235294117647
chr1	247400000	248956422	fastq0024_HPNE_T3	HCJY7AFX7_MIxT1XT3_24s001577-1-1_Jeong_lane1T3xiTRU1A27	CC	1	8	inv_hom	0101	complex	0002	16.4876060139522	5.3670301346577	0.0294117647058824
chr1	247400000	248956422	fastq0024_HPNE_T3	HCJY7AFX7_MIxT1XT3_24s001577-1-1_Jeong_lane1T3xiTRU1A35	WC	1	8	inv_h2	1001	complex	2000	9.4271176573958	1.52777947894336	0.0588235294117647
chr10	50800000	59200000	fastq0024_HPNE_T3	HCJY7AFX7_MIxT1XT3_24s001577-1-1_Jeong_lane1T3xiTRU1A25	WW	1	42	del_h2	1000	ref_hom	1010	5.01215556298704	5.01215556298704	0.0294117647058824
chr10	67800000	71400000	fastq0024_HPNE_T3	HCJY7AFX7_MIxT1XT3_24s001577-1-1_Jeong_lane1T3xiTRU1A40	CC	1	17	dup_h2	1020	ref_hom	1010	5.23788113791996	5.23788113791996	0.0294117647058824
chr10	77400000	79600000	fastq0024_HPNE_T3	HCJY7AFX7_MIxT1XT3_24s001577-1-1_Jeong_lane1T3xiTRU1A40	CW	1	9	inv_hom	0101	complex	1101	9.72344014720159	2.93385428912462	0.0294117647058824
chr10	79600000	80200000	fastq0024_HPNE_T3	HCJY7AFX7_MIxT1XT3_24s001577-1-1_Jeong_lane1T3xiTRU1A02	WW	1	3	inv_h2	1001	inv_h1	0110	7.87772698718253	1.31240593589496	0.764705882352941
chr10	79600000	80200000	fastq0024_HPNE_T3	HCJY7AFX7_MIxT1XT3_24s001577-1-1_Jeong_lane1T3xiTRU1A05	CW	1	3	inv_h2	1001	del_h2	1000	6.45656661265377	2.60235231349116	0.764705882352941
chr10	79600000	80200000	fastq0024_HPNE_T3	HCJY7AFX7_MIxT1XT3_24s001577-1-1_Jeong_lane1T3xiTRU1A08	CC	1	3	inv_h1	0110	idup_h1	1110	13.3854750397042	2.8463838599187	0.117647058823529
chr10	79600000	80200000	fastq0024_HPNE_T3	HCJY7AFX7_MIxT1XT3_24s001577-1-1_Jeong_lane1T3xiTRU1A10	WC	1	3	inv_h2	1001	del_h2	1000	13.2705542594155	0.856087375553657	0.764705882352941
chr10	79600000	80200000	fastq0024_HPNE_T3	HCJY7AFX7_MIxT1XT3_24s001577-1-1_Jeong_lane1T3xiTRU1A16	CW	1	3	inv_h2	1001	del_h2	1000	8.16129176850818	1.51786988798138	0.764705882352941
chr10	79600000	80200000	fastq0024_HPNE_T3	HCJY7AFX7_MIxT1XT3_24s001577-1-1_Jeong_lane1T3xiTRU1A20	CC	1	3	inv_h2	1001	complex	1002	24.2616831850902	5.50848074173338	0.764705882352941
chr10	79600000	80200000	fastq0024_HPNE_T3	HCJY7AFX7_MIxT1XT3_24s001577-1-1_Jeong_lane1T3xiTRU1A21	WW	1	3	inv_h1	0110	idup_h1	1110	10.3666703978007	3.59856910862584	0.117647058823529
chr10	79600000	80200000	fastq0024_HPNE_T3	HCJY7AFX7_MIxT1XT3_24s001577-1-1_Jeong_lane1T3xiTRU1A25	WW	1	3	inv_h2	1001	inv_h1	0110	10.7095476947947	4.30813820944896	0.764705882352941
chr10	79600000	80200000	fastq0024_HPNE_T3	HCJY7AFX7_MIxT1XT3_24s001577-1-1_Jeong_lane1T3xiTRU1A27	WC	1	3	inv_h2	1001	del_h2	1000	6.04643990719499	2.97186897624337	0.764705882352941
chr10	79600000	80200000	fastq0024_HPNE_T3	HCJY7AFX7_MIxT1XT3_24s001577-1-1_Jeong_lane1T3xiTRU1A34	CW	1	3	inv_h2	1001	del_h2	1000	15.1551496538255	2.01265444505588	0.764705882352941
chr10	79600000	80200000	fastq0024_HPNE_T3	HCJY7AFX7_MIxT1XT3_24s001577-1-1_Jeong_lane1T3xiTRU1A35	CW	1	3	inv_h2	1001	del_h2	1000	7.38343312854236	1.76975177246403	0.764705882352941
chr10	79600000	80200000	fastq0024_HPNE_T3	HCJY7AFX7_MIxT1XT3_24s001577-1-1_Jeong_lane1T3xiTRU1A37	CW	1	3	inv_h2	1001	del_h2	1000	9.67521828116998	1.22026879492685	0.764705882352941
chr10	79600000	80200000	fastq0024_HPNE_T3	HCJY7AFX7_MIxT1XT3_24s001577-1-1_Jeong_lane1T3xiTRU1A40	CW	1	3	inv_h1	0110	del_h1	0010	9.15284215779493	2.33513375484255	0.117647058823529
chr10	79600000	80200000	fastq0024_HPNE_T3	HCJY7AFX7_MIxT1XT3_24s001577-1-1_Jeong_lane1T3xiTRU1A41	CC	1	3	inv_h1	0110	idup_h2	1011	6.86564377982291	3.73464709538266	0.117647058823529
chr10	79600000	80200000	fastq0024_HPNE_T3	HCJY7AFX7_MIxT1XT3_24s001577-1-1_Jeong_lane1T3xiTRU1A42	CW	1	3	inv_h2	1001	del_h2	1000	12.2440548121048	2.60808645235921	0.764705882352941
chr10	79600000	80200000	fastq0024_HPNE_T3	HCJY7AFX7_MIxT1XT3_24s001577-1-1_Jeong_lane1T3xiTRU1A43	WW	1	3	inv_h2	1001	inv_h1	0110	7.37914048969343	1.31240593589496	0.764705882352941
chr10	79600000	80200000	fastq0024_HPNE_T3	HCJY7AFX7_MIxT1XT3_24s001577-1-1_Jeong_lane1T3xiTRU1A44	WW	1	3	inv_h2	1001	inv_h1	0110	8.13495905849742	1.31240593589496	0.764705882352941
chr10	79600000	80200000	fastq0024_HPNE_T3	HCJY7AFX7_MIxT1XT3_24s001577-1-1_Jeong_lane1T3xiTRU1A50	WW	1	3	inv_h2	1001	inv_h1	0110	8.72629622038048	1.31240593589496	0.764705882352941
chr10	79600000	80200000	fastq0024_HPNE_T3	HCJY7AFX7_MIxT1XT3_24s001577-1-1_Jeong_lane1T3xiTRU1A55	WC	1	3	del_h2	1000	inv_h2	1001	10.8562649993056	0.145501774624767	0.0588235294117647
chr10	79600000	80200000	fastq0024_HPNE_T3	HCJY7AFX7_MIxT1XT3_24s001577-1-1_Jeong_lane1T3xiTRU1A57	CW	1	3	inv_h2	1001	del_h2	1000	10.5717139749946	2.41834149747373	0.764705882352941
chr10	79600000	80200000	fastq0024_HPNE_T3	HCJY7AFX7_MIxT1XT3_24s001577-1-1_Jeong_lane1T3xiTRU1A63	CW	1	3	del_h2	1000	inv_h2	1001	14.1929807221688	0.0787633058387778	0.0588235294117647
chr10	79600000	80200000	fastq0024_HPNE_T3	HCJY7AFX7_MIxT1XT3_24s001577-1-1_Jeong_lane1T3xiTRU1A64	CW	1	3	inv_h2	1001	del_h2	1000	10.5642158988881	1.83512779512057	0.764705882352941
chr10	79600000	80200000	fastq0024_HPNE_T3	HCJY7AFX7_MIxT1XT3_24s001577-1-1_Jeong_lane1T3xiTRU1A65	CC	1	3	inv_h2	1001	inv_h1	0110	7.9162978061799	1.31240593589496	0.764705882352941
chr10	79600000	80200000	fastq0024_HPNE_T3	HCJY7AFX7_MIxT1XT3_24s001577-1-1_Jeong_lane1T3xiTRU1A66	WC	1	3	inv_h2	1001	del_h2	1000	11.5295698644493	1.85196706708512	0.764705882352941
chr10	79600000	80200000	fastq0024_HPNE_T3	HCJY7AFX7_MIxT1XT3_24s001577-1-1_Jeong_lane1T3xiTRU1A67	CC	1	3	inv_h2	1001	inv_h1	0110	9.92594138281321	1.31240593589496	0.764705882352941
chr10	79600000	80200000	fastq0024_HPNE_T3	HCJY7AFX7_MIxT1XT3_24s001577-1-1_Jeong_lane1T3xiTRU1A75	CC	1	3	inv_h2	1001	inv_h1	0110	6.81708778772606	1.31240593589496	0.764705882352941
chr10	79600000	80200000	fastq0024_HPNE_T3	HCJY7AFX7_MIxT1XT3_24s001577-1-1_Jeong_lane1T3xiTRU1A76	WC	1	3	inv_h2	1001	complex	0002	15.1105651897321	4.12215256802198	0.764705882352941
chr10	79600000	80200000	fastq0024_HPNE_T3	HCJY7AFX7_MIxT1XT3_24s001577-1-1_Jeong_lane1T3xiTRU1A78	WW	1	3	inv_h2	1001	inv_h1	0110	7.74486497439132	1.31240593589496	0.764705882352941
chr10	79600000	80200000	fastq0024_HPNE_T3	HCJY7AFX7_MIxT1XT3_24s001577-1-1_Jeong_lane1T3xiTRU1A79	CC	1	3	inv_h2	1001	inv_h1	0110	7.88192195626669	1.31240593589496	0.764705882352941
chr10	79600000	80200000	fastq0024_HPNE_T3	HCJY7AFX7_MIxT1XT3_24s001577-1-1_Jeong_lane1T3xiTRU1A80	WW	1	3	inv_h2	1001	inv_h1	0110	8.78943556650719	1.31240593589496	0.764705882352941
chr10	79600000	80200000	fastq0024_HPNE_T3	HCJY7AFX7_MIxT1XT3_24s001577-1-1_Jeong_lane1T3xiTRU1A83	CC	1	3	inv_h2	1001	inv_h1	0110	8.45745466440732	1.31240593589496	0.764705882352941
chr10	79600000	80200000	fastq0024_HPNE_T3	HCJY7AFX7_MIxT1XT3_24s001577-1-1_Jeong_lane1T3xiTRU1A92	CW	1	3	inv_h2	1001	del_h2	1000	21.7146338606697	6.00306913761906	0.764705882352941
chr10	99400000	103800000	fastq0024_HPNE_T3	HCJY7AFX7_MIxT1XT3_24s001577-1-1_Jeong_lane1T3xiTRU1A40	CW	1	21	complex	3000	complex	2001	19.9503541475967	0.349453087107442	0.0294117647058824
chr10	123400000	125200000	fastq0024_HPNE_T3	HCJY7AFX7_MIxT1XT3_24s001577-1-1_Jeong_lane1T3xiTRU1A65	CC	1	9	complex	3000	dup_h1	2010	5.13222709804414	0.761230795263433	0.0294117647058824
chr10	123400000	125200000	fastq0024_HPNE_T3	HCJY7AFX7_MIxT1XT3_24s001577-1-1_Jeong_lane1T3xiTRU1A75	WC	1	9	dup_h2	1020	ref_hom	1010	4.3134054455255	4.3134054455255	0.0294117647058824
chr10	125200000	127000000	fastq0024_HPNE_T3	HCJY7AFX7_MIxT1XT3_24s001577-1-1_Jeong_lane1T3xiTRU1A10	WC	1	9	complex	2000	inv_h2	1001	13.2682693813956	0.0199833036376997	0.0294117647058824
chr10	127000000	131400000	fastq0024_HPNE_T3	HCJY7AFX7_MIxT1XT3_24s001577-1-1_Jeong_lane1T3xiTRU1A10	WC	1	22	inv_h2	1001	complex	2001	42.3852617384424	0.00816850897304278	0.0294117647058824
chr10	127000000	131400000	fastq0024_HPNE_T3	HCJY7AFX7_MIxT1XT3_24s001577-1-1_Jeong_lane1T3xiTRU1A25	WW	1	22	idup_h1	1110	inv_h1	0110	31.2225335926092	1.42609462980229	0.0588235294117647
chr10	127000000	131400000	fastq0024_HPNE_T3	HCJY7AFX7_MIxT1XT3_24s001577-1-1_Jeong_lane1T3xiTRU1A39	WC	1	22	idup_h1	1110	complex	1111	6.85056385729668	6.26313626819758	0.0588235294117647
chr10	127000000	131400000	fastq0024_HPNE_T3	HCJY7AFX7_MIxT1XT3_24s001577-1-1_Jeong_lane1T3xiTRU1A80	WW	1	22	complex	0030	complex	0020	4.3298264675804	0.544852470640741	0.0294117647058824
chr10	131400000	133600000	fastq0024_HPNE_T3	HCJY7AFX7_MIxT1XT3_24s001577-1-1_Jeong_lane1T3xiTRU1A05	CW	1	11	complex	0120	complex	0130	20.012601034341	0.937968136159112	0.0882352941176471
chr10	131400000	133600000	fastq0024_HPNE_T3	HCJY7AFX7_MIxT1XT3_24s001577-1-1_Jeong_lane1T3xiTRU1A10	WC	1	11	complex	3000	complex	2000	21.9738496087735	2.84935631996959	0.0882352941176471
chr10	131400000	133600000	fastq0024_HPNE_T3	HCJY7AFX7_MIxT1XT3_24s001577-1-1_Jeong_lane1T3xiTRU1A25	WW	1	11	complex	1111	idup_h1	1110	21.6309465918169	2.67644858633166	0.0882352941176471
chr10	131400000	133600000	fastq0024_HPNE_T3	HCJY7AFX7_MIxT1XT3_24s001577-1-1_Jeong_lane1T3xiTRU1A39	WC	1	11	dup_hom	2020	dup_h1	2010	7.64346282917901	2.43939769470303	0.0294117647058824
chr11	0	4000000	fastq0024_HPNE_T3	HCJY7AFX7_MIxT1XT3_24s001577-1-1_Jeong_lane1T3xiTRU1A10	CC	1	19	idup_h1	1110	inv_h1	0110	35.0267343334744	5.72519821230403	0.0294117647058824
chr11	0	4000000	fastq0024_HPNE_T3	HCJY7AFX7_MIxT1XT3_24s001577-1-1_Jeong_lane1T3xiTRU1A39	CW	1	19	complex	2200	complex	2110	5.02277858160612	1.26652041303543	0.0294117647058824
chr11	4000000	7400000	fastq0024_HPNE_T3	HCJY7AFX7_MIxT1XT3_24s001577-1-1_Jeong_lane1T3xiTRU1A10	CC	1	17	inv_h1	0110	complex	0011	19.243216377221	7.09950702495664	0.0294117647058824
chr11	7400000	9800000	fastq0024_HPNE_T3	HCJY7AFX7_MIxT1XT3_24s001577-1-1_Jeong_lane1T3xiTRU1A10	CC	1	12	idup_h1	1110	inv_h1	0110	20.0368574537685	2.25523198984691	0.0294117647058824
chr11	7400000	9800000	fastq0024_HPNE_T3	HCJY7AFX7_MIxT1XT3_24s001577-1-1_Jeong_lane1T3xiTRU1A39	CW	1	12	inv_hom	0101	idup_h2	1011	4.49317069654014	1.41398505674721	0.0294117647058824
chr11	44000000	47200000	fastq0024_HPNE_T3	HCJY7AFX7_MIxT1XT3_24s001577-1-1_Jeong_lane1T3xiTRU1A41	WC	1	15	inv_hom	0101	idup_h2	1011	4.31021158831611	4.06440098564777	0.0294117647058824
chr11	47200000	48200000	fastq0024_HPNE_T3	HCJY7AFX7_MIxT1XT3_24s001577-1-1_Jeong_lane1T3xiTRU1A80	CC	1	5	idup_h1	1110	complex	2110	8.98398146726764	4.58228180077254	0.0294117647058824
chr11	50200000	50400000	fastq0024_HPNE_T3	HCJY7AFX7_MIxT1XT3_24s001577-1-1_Jeong_lane1T3xiTRU1A10	CC	1	1	inv_hom	0101	inv_h1	0110	6.3668501557275	1.48680546569359	0.176470588235294
chr11	50200000	50400000	fastq0024_HPNE_T3	HCJY7AFX7_MIxT1XT3_24s001577-1-1_Jeong_lane1T3xiTRU1A20	WW	1	1	inv_hom	0101	inv_h1	0110	6.76641259299158	1.15926862237642	0.176470588235294
chr11	50200000	50400000	fastq0024_HPNE_T3	HCJY7AFX7_MIxT1XT3_24s001577-1-1_Jeong_lane1T3xiTRU1A34	WW	1	1	inv_hom	0101	inv_h1	0110	10.4532781014521	3.05146584940121	0.176470588235294
chr11	50200000	50400000	fastq0024_HPNE_T3	HCJY7AFX7_MIxT1XT3_24s001577-1-1_Jeong_lane1T3xiTRU1A50	WW	1	1	inv_hom	0101	inv_h1	0110	4.00254513658817	0.652022940890091	0.176470588235294
chr11	50200000	50400000	fastq0024_HPNE_T3	HCJY7AFX7_MIxT1XT3_24s001577-1-1_Jeong_lane1T3xiTRU1A66	CC	1	1	inv_hom	0101	inv_h1	0110	7.48322049743667	3.42525054913469	0.176470588235294
chr11	50200000	50400000	fastq0024_HPNE_T3	HCJY7AFX7_MIxT1XT3_24s001577-1-1_Jeong_lane1T3xiTRU1A92	CC	1	1	inv_hom	0101	inv_h1	0110	10.6488066744649	2.42193136254285	0.176470588235294
chr11	60800000	71200000	fastq0024_HPNE_T3	HCJY7AFX7_MIxT1XT3_24s001577-1-1_Jeong_lane1T3xiTRU1A10	CC	1	52	dup_h2	1020	dup_h1	2010	12.3429949989457	8.31790988095272	0.0294117647058824
chr11	60800000	71200000	fastq0024_HPNE_T3	HCJY7AFX7_MIxT1XT3_24s001577-1-1_Jeong_lane1T3xiTRU1A25	CW	1	52	dup_hom	2020	dup_h2	1020	11.7159342340194	6.54351242565007	0.0588235294117647
chr11	60800000	71200000	fastq0024_HPNE_T3	HCJY7AFX7_MIxT1XT3_24s001577-1-1_Jeong_lane1T3xiTRU1A37	WW	1	52	dup_h1	2010	dup_h2	1020	4.84768780370111	3.46559218856637	0.0882352941176471
chr11	60800000	71200000	fastq0024_HPNE_T3	HCJY7AFX7_MIxT1XT3_24s001577-1-1_Jeong_lane1T3xiTRU1A39	CW	1	52	dup_hom	2020	dup_h1	2010	9.18316755500946	4.14045087328824	0.0588235294117647
chr11	60800000	71200000	fastq0024_HPNE_T3	HCJY7AFX7_MIxT1XT3_24s001577-1-1_Jeong_lane1T3xiTRU1A40	CC	1	52	dup_h1	2010	dup_hom	2020	14.5227787678853	11.4085887708444	0.0882352941176471
chr11	60800000	71200000	fastq0024_HPNE_T3	HCJY7AFX7_MIxT1XT3_24s001577-1-1_Jeong_lane1T3xiTRU1A80	CC	1	52	dup_h1	2010	dup_h2	1020	6.70130820972849	2.07929782744648	0.0882352941176471
chr11	115400000	121600000	fastq0024_HPNE_T3	HCJY7AFX7_MIxT1XT3_24s001577-1-1_Jeong_lane1T3xiTRU1A21	WW	1	30	inv_h2	1001	idup_h2	1011	19.8608348965234	3.65846078983181	0.0294117647058824
chr11	121600000	129600000	fastq0024_HPNE_T3	HCJY7AFX7_MIxT1XT3_24s001577-1-1_Jeong_lane1T3xiTRU1A21	WW	1	39	inv_h2	1001	complex	1100	20.3237632752715	2.14529170841748	0.0294117647058824
chr11	129600000	135086622	fastq0024_HPNE_T3	HCJY7AFX7_MIxT1XT3_24s001577-1-1_Jeong_lane1T3xiTRU1A21	WW	1	28	inv_h1	0110	inv_h2	1001	14.6329883992048	2.54908449903724e-09	0.0294117647058824
chr12	0	7200000	fastq0024_HPNE_T3	HCJY7AFX7_MIxT1XT3_24s001577-1-1_Jeong_lane1T3xiTRU1A83	WC	1	36	idup_h2	1011	complex	2002	6.66687527055563	3.34427842123534	0.0294117647058824
chr12	33000000	47600000	fastq0024_HPNE_T3	HCJY7AFX7_MIxT1XT3_24s001577-1-1_Jeong_lane1T3xiTRU1A08	CW	1	61	inv_hom	0101	complex	1100	5.0410569895675	4.60516591485027	0.0294117647058824
chr12	58000000	62400000	fastq0024_HPNE_T3	HCJY7AFX7_MIxT1XT3_24s001577-1-1_Jeong_lane1T3xiTRU1A08	CW	1	22	inv_hom	0101	complex	1100	4.61941045323629	4.60516591484956	0.0294117647058824
chr12	70000000	75400000	fastq0024_HPNE_T3	HCJY7AFX7_MIxT1XT3_24s001577-1-1_Jeong_lane1T3xiTRU1A25	WW	1	27	del_h1	0010	ref_hom	1010	5.18333009206561	5.18333009206561	0.0588235294117647
chr12	70000000	75400000	fastq0024_HPNE_T3	HCJY7AFX7_MIxT1XT3_24s001577-1-1_Jeong_lane1T3xiTRU1A79	WW	1	27	del_h1	0010	ref_hom	1010	5.47201019849073	5.47201019849073	0.0588235294117647
chr12	77200000	92000000	fastq0024_HPNE_T3	HCJY7AFX7_MIxT1XT3_24s001577-1-1_Jeong_lane1T3xiTRU1A25	WW	1	74	del_h2	1000	del_h1	0010	7.72255266947262	5.9914645471079	0.0294117647058824
chr12	77200000	92000000	fastq0024_HPNE_T3	HCJY7AFX7_MIxT1XT3_24s001577-1-1_Jeong_lane1T3xiTRU1A48	CC	1	74	del_h1	0010	complex	0020	5.05310903665523	1.25925333845136	0.0588235294117647
chr12	77200000	92000000	fastq0024_HPNE_T3	HCJY7AFX7_MIxT1XT3_24s001577-1-1_Jeong_lane1T3xiTRU1A79	WW	1	74	del_h1	0010	ref_hom	1010	7.5243558665847	7.5243558665847	0.0588235294117647
chr12	116400000	121600000	fastq0024_HPNE_T3	HCJY7AFX7_MIxT1XT3_24s001577-1-1_Jeong_lane1T3xiTRU1A39	WC	1	26	dup_h1	2010	dup_hom	2020	4.50967763567021	1.08075920200824	0.0294117647058824
chr12	116400000	121600000	fastq0024_HPNE_T3	HCJY7AFX7_MIxT1XT3_24s001577-1-1_Jeong_lane1T3xiTRU1A80	WW	1	26	dup_h2	1020	dup_h1	2010	4.22604437913621	1.39024657778427	0.0294117647058824
chr12	121600000	125200000	fastq0024_HPNE_T3	HCJY7AFX7_MIxT1XT3_24s001577-1-1_Jeong_lane1T3xiTRU1A25	WW	1	18	dup_h2	1020	complex	0030	5.94874018710007	2.05955011229844	0.0294117647058824
chr12	121600000	125200000	fastq0024_HPNE_T3	HCJY7AFX7_MIxT1XT3_24s001577-1-1_Jeong_lane1T3xiTRU1A43	CW	1	18	inv_h1	0110	complex	0030	17.26538272166	0.413484716763445	0.0294117647058824
chr12	125200000	130400000	fastq0024_HPNE_T3	HCJY7AFX7_MIxT1XT3_24s001577-1-1_Jeong_lane1T3xiTRU1A43	CW	1	26	inv_h1	0110	complex	0020	20.8699032986393	0.223191432154975	0.0294117647058824
chr12	130400000	133200000	fastq0024_HPNE_T3	HCJY7AFX7_MIxT1XT3_24s001577-1-1_Jeong_lane1T3xiTRU1A02	WW	1	14	inv_h2	1001	idup_h2	1011	18.7214315537952	0.499081089547389	0.0294117647058824
chr12	130400000	133200000	fastq0024_HPNE_T3	HCJY7AFX7_MIxT1XT3_24s001577-1-1_Jeong_lane1T3xiTRU1A25	WW	1	14	dup_h1	2010	complex	3000	4.91844391078776	1.60728975066321	0.0294117647058824
chr12	130400000	133200000	fastq0024_HPNE_T3	HCJY7AFX7_MIxT1XT3_24s001577-1-1_Jeong_lane1T3xiTRU1A39	WC	1	14	dup_hom	2020	dup_h2	1020	10.7417156737773	6.57334673976006	0.0294117647058824
chr12	130400000	133200000	fastq0024_HPNE_T3	HCJY7AFX7_MIxT1XT3_24s001577-1-1_Jeong_lane1T3xiTRU1A43	CW	1	14	inv_h1	0110	complex	0020	16.6876317973557	1.98634465964821	0.0294117647058824
chr13	16200000	17400000	fastq0024_HPNE_T3	HCJY7AFX7_MIxT1XT3_24s001577-1-1_Jeong_lane1T3xiTRU1A08	CW	1	6	inv_hom	0101	complex	0011	5.2169741368125	4.63688021702512	0.117647058823529
chr13	16200000	17400000	fastq0024_HPNE_T3	HCJY7AFX7_MIxT1XT3_24s001577-1-1_Jeong_lane1T3xiTRU1A20	CW	1	6	inv_h1	0110	del_h1	0010	11.2340024072368	1.68040353728829	0.0588235294117647
chr13	16200000	17400000	fastq0024_HPNE_T3	HCJY7AFX7_MIxT1XT3_24s001577-1-1_Jeong_lane1T3xiTRU1A21	WW	1	6	inv_h1	0110	inv_h2	1001	11.4168385374138	2.93644344361751	0.0588235294117647
chr13	16200000	17400000	fastq0024_HPNE_T3	HCJY7AFX7_MIxT1XT3_24s001577-1-1_Jeong_lane1T3xiTRU1A27	WW	1	6	inv_hom	0101	complex	0100	35.9017493851643	7.20966367060988	0.117647058823529
chr13	16200000	17400000	fastq0024_HPNE_T3	HCJY7AFX7_MIxT1XT3_24s001577-1-1_Jeong_lane1T3xiTRU1A34	CC	1	6	inv_h2	1001	inv_h1	0110	8.48160919044425	0.0592888299364827	0.0882352941176471
chr13	16200000	17400000	fastq0024_HPNE_T3	HCJY7AFX7_MIxT1XT3_24s001577-1-1_Jeong_lane1T3xiTRU1A35	WC	1	6	del_h1	0010	inv_h1	0110	7.86534207785892	6.40785291144277	0.0588235294117647
chr13	16200000	17400000	fastq0024_HPNE_T3	HCJY7AFX7_MIxT1XT3_24s001577-1-1_Jeong_lane1T3xiTRU1A44	CW	1	6	inv_h2	1001	complex	0002	6.41978038582624	3.85004620308643	0.0882352941176471
chr13	16200000	17400000	fastq0024_HPNE_T3	HCJY7AFX7_MIxT1XT3_24s001577-1-1_Jeong_lane1T3xiTRU1A57	CC	1	6	inv_hom	0101	inv_h2	1001	14.448726395206	1.8814887088373	0.117647058823529
chr13	16200000	17400000	fastq0024_HPNE_T3	HCJY7AFX7_MIxT1XT3_24s001577-1-1_Jeong_lane1T3xiTRU1A63	CW	1	6	inv_h2	1001	del_h2	1000	5.40125998966556	3.18443454410891	0.0882352941176471
chr13	16200000	17400000	fastq0024_HPNE_T3	HCJY7AFX7_MIxT1XT3_24s001577-1-1_Jeong_lane1T3xiTRU1A75	CC	1	6	inv_hom	0101	complex	0100	17.90124282313	4.49910449056176	0.117647058823529
chr13	16200000	17400000	fastq0024_HPNE_T3	HCJY7AFX7_MIxT1XT3_24s001577-1-1_Jeong_lane1T3xiTRU1A80	CW	1	6	del_h1	0010	inv_h1	0110	8.05355713848354	2.78364195786832	0.0588235294117647
chr13	18200000	18400000	fastq0024_HPNE_T3	HCJY7AFX7_MIxT1XT3_24s001577-1-1_Jeong_lane1T3xiTRU1A02	WC	1	1	idup_h2	1011	complex	1021	7.52440446570927	0.909559437951737	0.235294117647059
chr13	18200000	18400000	fastq0024_HPNE_T3	HCJY7AFX7_MIxT1XT3_24s001577-1-1_Jeong_lane1T3xiTRU1A05	CW	1	1	idup_h1	1110	complex	1210	11.1841946950475	2.49494940612337	0.117647058823529
chr13	18200000	18400000	fastq0024_HPNE_T3	HCJY7AFX7_MIxT1XT3_24s001577-1-1_Jeong_lane1T3xiTRU1A08	CW	1	1	complex	0220	complex	0310	56.3243067607573	1.72984415468083	0.588235294117647
chr13	18200000	18400000	fastq0024_HPNE_T3	HCJY7AFX7_MIxT1XT3_24s001577-1-1_Jeong_lane1T3xiTRU1A10	WC	1	1	idup_h2	1011	complex	1111	19.831381733554	0.438223499016829	0.235294117647059
chr13	18200000	18400000	fastq0024_HPNE_T3	HCJY7AFX7_MIxT1XT3_24s001577-1-1_Jeong_lane1T3xiTRU1A16	WC	1	1	complex	1111	idup_h2	1011	10.1367652151001	2.5535566479675	0.588235294117647
chr13	18200000	18400000	fastq0024_HPNE_T3	HCJY7AFX7_MIxT1XT3_24s001577-1-1_Jeong_lane1T3xiTRU1A20	CW	1	1	complex	1111	idup_h1	1110	25.8080401530458	10.2572782041816	0.588235294117647
chr13	18200000	18400000	fastq0024_HPNE_T3	HCJY7AFX7_MIxT1XT3_24s001577-1-1_Jeong_lane1T3xiTRU1A21	WW	1	1	complex	0211	complex	0301	36.2946531694064	1.06445591623191	0.588235294117647
chr13	18200000	18400000	fastq0024_HPNE_T3	HCJY7AFX7_MIxT1XT3_24s001577-1-1_Jeong_lane1T3xiTRU1A25	CC	1	1	complex	0310	inv_h1	0110	13.7294300081368	0.757683213674015	0.588235294117647
chr13	18200000	18400000	fastq0024_HPNE_T3	HCJY7AFX7_MIxT1XT3_24s001577-1-1_Jeong_lane1T3xiTRU1A27	WW	1	1	idup_h2	1011	complex	1021	4.52196781448315	1.69873769261212	0.235294117647059
chr13	18200000	18400000	fastq0024_HPNE_T3	HCJY7AFX7_MIxT1XT3_24s001577-1-1_Jeong_lane1T3xiTRU1A34	CC	1	1	dup_hom	2020	dup_h1	2010	6.20071769734678	3.20153246574345	0.0588235294117647
chr13	18200000	18400000	fastq0024_HPNE_T3	HCJY7AFX7_MIxT1XT3_24s001577-1-1_Jeong_lane1T3xiTRU1A35	WC	1	1	idup_h1	1110	complex	1210	21.7834916258128	2.53325530138326	0.117647058823529
chr13	18200000	18400000	fastq0024_HPNE_T3	HCJY7AFX7_MIxT1XT3_24s001577-1-1_Jeong_lane1T3xiTRU1A37	WC	1	1	idup_h1	1110	complex	2110	5.52454643074252	1.43756533152272	0.117647058823529
chr13	18200000	18400000	fastq0024_HPNE_T3	HCJY7AFX7_MIxT1XT3_24s001577-1-1_Jeong_lane1T3xiTRU1A39	WC	1	1	complex	1111	idup_h1	1110	14.2411914368378	5.94938509534227	0.588235294117647
chr13	18200000	18400000	fastq0024_HPNE_T3	HCJY7AFX7_MIxT1XT3_24s001577-1-1_Jeong_lane1T3xiTRU1A40	WW	1	1	idup_h2	1011	complex	1021	12.481949837793	0.0849183760107461	0.235294117647059
chr13	18200000	18400000	fastq0024_HPNE_T3	HCJY7AFX7_MIxT1XT3_24s001577-1-1_Jeong_lane1T3xiTRU1A41	CW	1	1	complex	2002	inv_h2	1001	32.4241729363192	0.908178424308534	0.588235294117647
chr13	18200000	18400000	fastq0024_HPNE_T3	HCJY7AFX7_MIxT1XT3_24s001577-1-1_Jeong_lane1T3xiTRU1A42	WW	1	1	complex	0112	complex	0211	55.5482055926314	0.740036437796386	0.588235294117647
chr13	18200000	18400000	fastq0024_HPNE_T3	HCJY7AFX7_MIxT1XT3_24s001577-1-1_Jeong_lane1T3xiTRU1A43	CC	1	1	idup_h1	1110	complex	1210	5.72770152730238	2.9389304907527	0.117647058823529
chr13	18200000	18400000	fastq0024_HPNE_T3	HCJY7AFX7_MIxT1XT3_24s001577-1-1_Jeong_lane1T3xiTRU1A44	CW	1	1	complex	1111	idup_h1	1110	11.7824205984661	2.04077420329847	0.588235294117647
chr13	18200000	18400000	fastq0024_HPNE_T3	HCJY7AFX7_MIxT1XT3_24s001577-1-1_Jeong_lane1T3xiTRU1A48	CW	1	1	idup_h2	1011	complex	1021	4.86766588454898	1.7510786042304	0.235294117647059
chr13	18200000	18400000	fastq0024_HPNE_T3	HCJY7AFX7_MIxT1XT3_24s001577-1-1_Jeong_lane1T3xiTRU1A50	CW	1	1	idup_h2	1011	complex	1111	10.0538623818121	2.22752902186293	0.235294117647059
chr13	18200000	18400000	fastq0024_HPNE_T3	HCJY7AFX7_MIxT1XT3_24s001577-1-1_Jeong_lane1T3xiTRU1A55	CW	1	1	complex	1012	idup_h2	1011	46.5751919890586	0.466016973431243	0.588235294117647
chr13	18200000	18400000	fastq0024_HPNE_T3	HCJY7AFX7_MIxT1XT3_24s001577-1-1_Jeong_lane1T3xiTRU1A57	CC	1	1	dup_hom	2020	dup_h1	2010	5.39210680783789	0.0490422605660363	0.0588235294117647
chr13	18200000	18400000	fastq0024_HPNE_T3	HCJY7AFX7_MIxT1XT3_24s001577-1-1_Jeong_lane1T3xiTRU1A63	CW	1	1	complex	0121	complex	0130	23.7475421977449	3.69820962252583	0.588235294117647
chr13	18200000	18400000	fastq0024_HPNE_T3	HCJY7AFX7_MIxT1XT3_24s001577-1-1_Jeong_lane1T3xiTRU1A64	CW	1	1	complex	1111	complex	1201	34.9985177635143	0.795842615909173	0.588235294117647
chr13	18200000	18400000	fastq0024_HPNE_T3	HCJY7AFX7_MIxT1XT3_24s001577-1-1_Jeong_lane1T3xiTRU1A65	WW	1	1	idup_h2	1011	complex	2011	6.13265661653177	0.175925715826946	0.235294117647059
chr13	18200000	18400000	fastq0024_HPNE_T3	HCJY7AFX7_MIxT1XT3_24s001577-1-1_Jeong_lane1T3xiTRU1A66	CW	1	1	complex	2002	complex	3001	34.0751098199509	1.18419765733238	0.588235294117647
chr13	18200000	18400000	fastq0024_HPNE_T3	HCJY7AFX7_MIxT1XT3_24s001577-1-1_Jeong_lane1T3xiTRU1A67	CC	1	1	complex	1111	idup_h2	1011	17.1286135695567	2.56057871401658	0.588235294117647
chr13	18200000	18400000	fastq0024_HPNE_T3	HCJY7AFX7_MIxT1XT3_24s001577-1-1_Jeong_lane1T3xiTRU1A75	CC	1	1	complex	1102	complex	1111	60.6302336024156	1.34264758765703	0.588235294117647
chr13	18200000	18400000	fastq0024_HPNE_T3	HCJY7AFX7_MIxT1XT3_24s001577-1-1_Jeong_lane1T3xiTRU1A76	CW	1	1	complex	1111	idup_h1	1110	22.2251357675914	1.04541943375983	0.588235294117647
chr13	18200000	18400000	fastq0024_HPNE_T3	HCJY7AFX7_MIxT1XT3_24s001577-1-1_Jeong_lane1T3xiTRU1A78	CC	1	1	complex	1111	complex	2101	28.2419045515077	8.73602054796705	0.588235294117647
chr13	18200000	18400000	fastq0024_HPNE_T3	HCJY7AFX7_MIxT1XT3_24s001577-1-1_Jeong_lane1T3xiTRU1A79	WW	1	1	idup_h2	1011	complex	2011	9.87630871340774	0.297115671927132	0.235294117647059
chr13	18200000	18400000	fastq0024_HPNE_T3	HCJY7AFX7_MIxT1XT3_24s001577-1-1_Jeong_lane1T3xiTRU1A80	CW	1	1	complex	1111	idup_h2	1011	22.4052982609419	2.37570496892867	0.588235294117647
chr13	18200000	18400000	fastq0024_HPNE_T3	HCJY7AFX7_MIxT1XT3_24s001577-1-1_Jeong_lane1T3xiTRU1A83	WC	1	1	complex	1111	idup_h1	1110	11.8568499447571	3.76919287703941	0.588235294117647
chr13	18200000	18400000	fastq0024_HPNE_T3	HCJY7AFX7_MIxT1XT3_24s001577-1-1_Jeong_lane1T3xiTRU1A92	CC	1	1	complex	1111	idup_h1	1110	42.9986694980765	13.4981795494821	0.588235294117647
chr13	18600000	28000000	fastq0024_HPNE_T3	HCJY7AFX7_MIxT1XT3_24s001577-1-1_Jeong_lane1T3xiTRU1A48	CW	1	47	dup_hom	2020	ref_hom	1010	14.1462816723777	14.1462816723777	0.0294117647058824
chr13	18600000	28000000	fastq0024_HPNE_T3	HCJY7AFX7_MIxT1XT3_24s001577-1-1_Jeong_lane1T3xiTRU1A55	CW	1	47	complex	1021	dup_h2	1020	20.3694047763425	11.671956616842	0.0294117647058824
chr13	18600000	28000000	fastq0024_HPNE_T3	HCJY7AFX7_MIxT1XT3_24s001577-1-1_Jeong_lane1T3xiTRU1A63	CW	1	47	dup_h1	2010	idup_h2	1011	10.5192810188702	6.1767201652291	0.0294117647058824
chr13	28000000	28200000	fastq0024_HPNE_T3	HCJY7AFX7_MIxT1XT3_24s001577-1-1_Jeong_lane1T3xiTRU1A55	CW	1	1	dup_hom	2020	dup_h2	1020	4.74804873590582	2.37085248960767	0.0294117647058824
chr13	28200000	33400000	fastq0024_HPNE_T3	HCJY7AFX7_MIxT1XT3_24s001577-1-1_Jeong_lane1T3xiTRU1A48	CW	1	26	dup_hom	2020	dup_h1	2010	14.9576511532186	9.93403112111718	0.0294117647058824
chr13	28200000	33400000	fastq0024_HPNE_T3	HCJY7AFX7_MIxT1XT3_24s001577-1-1_Jeong_lane1T3xiTRU1A55	CW	1	26	complex	1021	dup_hom	2020	13.4766806435709	3.10235612145548	0.0294117647058824
chr13	28200000	33400000	fastq0024_HPNE_T3	HCJY7AFX7_MIxT1XT3_24s001577-1-1_Jeong_lane1T3xiTRU1A63	CW	1	26	dup_h1	2010	idup_h2	1011	14.6366474425643	5.56740235158107	0.0294117647058824
chr13	33400000	40000000	fastq0024_HPNE_T3	HCJY7AFX7_MIxT1XT3_24s001577-1-1_Jeong_lane1T3xiTRU1A48	CW	1	33	dup_hom	2020	dup_h2	1020	6.20439280413935	0.407073270298485	0.0294117647058824
chr13	33400000	40000000	fastq0024_HPNE_T3	HCJY7AFX7_MIxT1XT3_24s001577-1-1_Jeong_lane1T3xiTRU1A55	CW	1	33	complex	1021	dup_hom	2020	10.4785859774141	1.04980503835328	0.0294117647058824
chr13	33400000	40000000	fastq0024_HPNE_T3	HCJY7AFX7_MIxT1XT3_24s001577-1-1_Jeong_lane1T3xiTRU1A63	CW	1	33	dup_h1	2010	idup_h2	1011	7.46780930771415	0.222305613675998	0.0294117647058824
chr13	40000000	46600000	fastq0024_HPNE_T3	HCJY7AFX7_MIxT1XT3_24s001577-1-1_Jeong_lane1T3xiTRU1A39	WC	1	33	inv_hom	0101	complex	0011	4.80124710715338	4.60516591161639	0.0294117647058824
chr13	40000000	46600000	fastq0024_HPNE_T3	HCJY7AFX7_MIxT1XT3_24s001577-1-1_Jeong_lane1T3xiTRU1A48	CW	1	33	dup_hom	2020	complex	2110	14.8303961212934	7.21824655326254	0.0588235294117647
chr13	40000000	46600000	fastq0024_HPNE_T3	HCJY7AFX7_MIxT1XT3_24s001577-1-1_Jeong_lane1T3xiTRU1A55	CW	1	33	dup_hom	2020	complex	1021	13.8545263354876	5.17707351546836	0.0588235294117647
chr13	40000000	46600000	fastq0024_HPNE_T3	HCJY7AFX7_MIxT1XT3_24s001577-1-1_Jeong_lane1T3xiTRU1A63	CW	1	33	dup_h1	2010	idup_h2	1011	11.3116040964802	7.00586634492556	0.0294117647058824
chr13	46600000	49200000	fastq0024_HPNE_T3	HCJY7AFX7_MIxT1XT3_24s001577-1-1_Jeong_lane1T3xiTRU1A55	CW	1	13	dup_hom	2020	complex	2110	13.5495136922802	5.95585260372298	0.0294117647058824
chr13	46600000	49200000	fastq0024_HPNE_T3	HCJY7AFX7_MIxT1XT3_24s001577-1-1_Jeong_lane1T3xiTRU1A63	CW	1	13	del_h2	1000	complex	2000	19.7346243418261	12.5789743969572	0.0294117647058824
chr13	49200000	53600000	fastq0024_HPNE_T3	HCJY7AFX7_MIxT1XT3_24s001577-1-1_Jeong_lane1T3xiTRU1A48	CW	1	22	complex	1021	dup_hom	2020	12.1185439864528	0.147048408114072	0.0588235294117647
chr13	49200000	53600000	fastq0024_HPNE_T3	HCJY7AFX7_MIxT1XT3_24s001577-1-1_Jeong_lane1T3xiTRU1A55	CW	1	22	complex	1021	dup_hom	2020	13.0964489009457	2.76947956616543	0.0588235294117647
chr13	49200000	53600000	fastq0024_HPNE_T3	HCJY7AFX7_MIxT1XT3_24s001577-1-1_Jeong_lane1T3xiTRU1A63	CW	1	22	del_h2	1000	complex	2000	21.0809409510235	9.49077415891079	0.0294117647058824
chr13	53600000	58400000	fastq0024_HPNE_T3	HCJY7AFX7_MIxT1XT3_24s001577-1-1_Jeong_lane1T3xiTRU1A55	CW	1	23	dup_hom	2020	complex	2110	11.2275261142804	5.8564995383624	0.0294117647058824
chr13	53600000	58400000	fastq0024_HPNE_T3	HCJY7AFX7_MIxT1XT3_24s001577-1-1_Jeong_lane1T3xiTRU1A63	CW	1	23	del_h2	1000	complex	2000	19.4788478935108	17.3425041633862	0.0294117647058824
chr13	58400000	61400000	fastq0024_HPNE_T3	HCJY7AFX7_MIxT1XT3_24s001577-1-1_Jeong_lane1T3xiTRU1A55	CW	1	15	dup_hom	2020	complex	1021	12.9902547892576	8.59313486451877	0.0294117647058824
chr13	61400000	70200000	fastq0024_HPNE_T3	HCJY7AFX7_MIxT1XT3_24s001577-1-1_Jeong_lane1T3xiTRU1A25	CC	1	44	del_h2	1000	del_h1	0010	13.6188917750387	2.99573228123205	0.0588235294117647
chr13	61400000	70200000	fastq0024_HPNE_T3	HCJY7AFX7_MIxT1XT3_24s001577-1-1_Jeong_lane1T3xiTRU1A40	WW	1	44	del_h2	1000	del_h1	0010	8.08252255025121	7.67805641288533e-09	0.0588235294117647
chr13	70200000	80800000	fastq0024_HPNE_T3	HCJY7AFX7_MIxT1XT3_24s001577-1-1_Jeong_lane1T3xiTRU1A55	CW	1	53	complex	1021	dup_hom	2020	10.4691842470207	3.58552190395604	0.0294117647058824
chr13	70200000	80800000	fastq0024_HPNE_T3	HCJY7AFX7_MIxT1XT3_24s001577-1-1_Jeong_lane1T3xiTRU1A63	CW	1	53	dup_h1	2010	idup_h2	1011	16.1462874661485	9.4871959587816	0.0294117647058824
chr13	80800000	86400000	fastq0024_HPNE_T3	HCJY7AFX7_MIxT1XT3_24s001577-1-1_Jeong_lane1T3xiTRU1A25	CC	1	27	del_h2	1000	del_h1	0010	4.77567463880724	4.96399211158405e-05	0.0294117647058824
chr13	80800000	86400000	fastq0024_HPNE_T3	HCJY7AFX7_MIxT1XT3_24s001577-1-1_Jeong_lane1T3xiTRU1A55	CW	1	27	dup_hom	2020	complex	1021	8.06015734797839	5.22615351070477	0.0294117647058824
chr13	80800000	86400000	fastq0024_HPNE_T3	HCJY7AFX7_MIxT1XT3_24s001577-1-1_Jeong_lane1T3xiTRU1A63	CW	1	27	dup_h1	2010	idup_h2	1011	8.72674773890923	0.817850934965911	0.0294117647058824
chr13	86400000	91000000	fastq0024_HPNE_T3	HCJY7AFX7_MIxT1XT3_24s001577-1-1_Jeong_lane1T3xiTRU1A25	CC	1	23	del_h2	1000	ref_hom	1010	11.7047338260655	11.7047338260655	0.0294117647058824
chr13	86400000	91000000	fastq0024_HPNE_T3	HCJY7AFX7_MIxT1XT3_24s001577-1-1_Jeong_lane1T3xiTRU1A55	CW	1	23	dup_hom	2020	complex	1021	10.5298222233679	1.11639017629296	0.0294117647058824
chr13	91000000	95000000	fastq0024_HPNE_T3	HCJY7AFX7_MIxT1XT3_24s001577-1-1_Jeong_lane1T3xiTRU1A16	WC	1	20	inv_hom	0101	ref_hom	1010	4.59213148589011	4.59213148589011	0.0588235294117647
chr13	91000000	95000000	fastq0024_HPNE_T3	HCJY7AFX7_MIxT1XT3_24s001577-1-1_Jeong_lane1T3xiTRU1A35	WC	1	20	inv_hom	0101	ref_hom	1010	4.59213148589027	4.59213148589027	0.0588235294117647
chr13	91000000	95000000	fastq0024_HPNE_T3	HCJY7AFX7_MIxT1XT3_24s001577-1-1_Jeong_lane1T3xiTRU1A55	CW	1	20	dup_hom	2020	complex	2110	14.0780772345168	11.9353572336707	0.0294117647058824
chr13	95000000	95600000	fastq0024_HPNE_T3	HCJY7AFX7_MIxT1XT3_24s001577-1-1_Jeong_lane1T3xiTRU1A55	CW	1	3	dup_hom	2020	complex	1021	10.5795102654917	3.06935128082372	0.0294117647058824
chr13	95600000	98000000	fastq0024_HPNE_T3	HCJY7AFX7_MIxT1XT3_24s001577-1-1_Jeong_lane1T3xiTRU1A10	WC	1	12	inv_hom	0101	ref_hom	1010	4.08050002405971	4.08050002405971	0.0588235294117647
chr13	95600000	98000000	fastq0024_HPNE_T3	HCJY7AFX7_MIxT1XT3_24s001577-1-1_Jeong_lane1T3xiTRU1A16	WC	1	12	inv_h2	1001	complex	2000	15.1121028823916	2.01685269167663	0.0294117647058824
chr13	95600000	98000000	fastq0024_HPNE_T3	HCJY7AFX7_MIxT1XT3_24s001577-1-1_Jeong_lane1T3xiTRU1A34	CC	1	12	complex	0011	inv_h2	1001	17.5620121370638	3.07625528886021	0.0294117647058824
chr13	95600000	98000000	fastq0024_HPNE_T3	HCJY7AFX7_MIxT1XT3_24s001577-1-1_Jeong_lane1T3xiTRU1A44	CW	1	12	inv_hom	0101	ref_hom	1010	4.08050002433379	4.08050002433379	0.0588235294117647
chr13	95600000	98000000	fastq0024_HPNE_T3	HCJY7AFX7_MIxT1XT3_24s001577-1-1_Jeong_lane1T3xiTRU1A55	CW	1	12	dup_hom	2020	complex	1021	13.5477840967904	5.9237270652805	0.0294117647058824
chr13	98000000	101000000	fastq0024_HPNE_T3	HCJY7AFX7_MIxT1XT3_24s001577-1-1_Jeong_lane1T3xiTRU1A16	WC	1	15	inv_h2	1001	complex	2000	15.2732712070104	0.393820039291199	0.0294117647058824
chr13	98000000	101000000	fastq0024_HPNE_T3	HCJY7AFX7_MIxT1XT3_24s001577-1-1_Jeong_lane1T3xiTRU1A34	CC	1	15	inv_h1	0110	complex	0011	24.4450990444055	12.3923256621093	0.0294117647058824
chr13	98000000	101000000	fastq0024_HPNE_T3	HCJY7AFX7_MIxT1XT3_24s001577-1-1_Jeong_lane1T3xiTRU1A48	CW	1	15	dup_hom	2020	complex	1021	9.38416469566683	1.56148584260412	0.0588235294117647
chr13	98000000	101000000	fastq0024_HPNE_T3	HCJY7AFX7_MIxT1XT3_24s001577-1-1_Jeong_lane1T3xiTRU1A55	CW	1	15	dup_hom	2020	complex	1021	14.7092008258737	14.5985931428388	0.0588235294117647
chr13	98000000	101000000	fastq0024_HPNE_T3	HCJY7AFX7_MIxT1XT3_24s001577-1-1_Jeong_lane1T3xiTRU1A63	CW	1	15	idup_h2	1011	dup_h1	2010	12.077927948005	9.56345157536681	0.0294117647058824
chr13	101000000	105800000	fastq0024_HPNE_T3	HCJY7AFX7_MIxT1XT3_24s001577-1-1_Jeong_lane1T3xiTRU1A08	CW	1	24	inv_h1	0110	complex	0020	20.4055126186248	2.16832590230105	0.0588235294117647
chr13	101000000	105800000	fastq0024_HPNE_T3	HCJY7AFX7_MIxT1XT3_24s001577-1-1_Jeong_lane1T3xiTRU1A16	WC	1	24	inv_h2	1001	complex	2000	21.2117182680997	4.25903266267995	0.0294117647058824
chr13	101000000	105800000	fastq0024_HPNE_T3	HCJY7AFX7_MIxT1XT3_24s001577-1-1_Jeong_lane1T3xiTRU1A34	CC	1	24	inv_h1	0110	complex	1100	31.7084913165515	7.82518586526806	0.0588235294117647
chr13	101000000	105800000	fastq0024_HPNE_T3	HCJY7AFX7_MIxT1XT3_24s001577-1-1_Jeong_lane1T3xiTRU1A48	CW	1	24	dup_hom	2020	dup_h2	1020	6.33124068225209	3.72629795664838	0.0588235294117647
chr13	101000000	105800000	fastq0024_HPNE_T3	HCJY7AFX7_MIxT1XT3_24s001577-1-1_Jeong_lane1T3xiTRU1A55	CW	1	24	dup_hom	2020	complex	1021	13.8466123553265	6.92148261227158	0.0588235294117647
chr13	101000000	105800000	fastq0024_HPNE_T3	HCJY7AFX7_MIxT1XT3_24s001577-1-1_Jeong_lane1T3xiTRU1A63	CW	1	24	idup_h2	1011	dup_h1	2010	7.96363514413678	7.87333213218383	0.0294117647058824
chr13	105800000	109600000	fastq0024_HPNE_T3	HCJY7AFX7_MIxT1XT3_24s001577-1-1_Jeong_lane1T3xiTRU1A08	CW	1	19	inv_h1	0110	complex	0020	27.2730841541147	11.8440208749462	0.0588235294117647
chr13	105800000	109600000	fastq0024_HPNE_T3	HCJY7AFX7_MIxT1XT3_24s001577-1-1_Jeong_lane1T3xiTRU1A16	WC	1	19	inv_h2	1001	complex	0002	26.0475326689977	8.99984082426143	0.0294117647058824
chr13	105800000	109600000	fastq0024_HPNE_T3	HCJY7AFX7_MIxT1XT3_24s001577-1-1_Jeong_lane1T3xiTRU1A34	CC	1	19	inv_h1	0110	complex	1100	26.5902340427736	8.51341567123281	0.0588235294117647
chr13	105800000	109600000	fastq0024_HPNE_T3	HCJY7AFX7_MIxT1XT3_24s001577-1-1_Jeong_lane1T3xiTRU1A55	CW	1	19	dup_hom	2020	complex	2110	10.5387682209795	5.12859359900955	0.0294117647058824
chr13	105800000	109600000	fastq0024_HPNE_T3	HCJY7AFX7_MIxT1XT3_24s001577-1-1_Jeong_lane1T3xiTRU1A63	CW	1	19	dup_h1	2010	idup_h2	1011	4.90044605698595	4.52977451481526	0.0294117647058824
chr13	109600000	114364328	fastq0024_HPNE_T3	HCJY7AFX7_MIxT1XT3_24s001577-1-1_Jeong_lane1T3xiTRU1A08	CW	1	24	inv_h1	0110	complex	0020	15.7966489537048	3.08385343720112	0.0588235294117647
chr13	109600000	114364328	fastq0024_HPNE_T3	HCJY7AFX7_MIxT1XT3_24s001577-1-1_Jeong_lane1T3xiTRU1A16	WC	1	24	inv_h2	1001	complex	2000	15.1918586578429	2.58348622872709	0.0294117647058824
chr13	109600000	114364328	fastq0024_HPNE_T3	HCJY7AFX7_MIxT1XT3_24s001577-1-1_Jeong_lane1T3xiTRU1A34	CC	1	24	inv_h1	0110	inv_h2	1001	15.1135312557568	0.604748697027545	0.0588235294117647
chr13	109600000	114364328	fastq0024_HPNE_T3	HCJY7AFX7_MIxT1XT3_24s001577-1-1_Jeong_lane1T3xiTRU1A48	CW	1	24	dup_hom	2020	complex	2110	14.5372125988292	4.61386592509602	0.0588235294117647
chr13	109600000	114364328	fastq0024_HPNE_T3	HCJY7AFX7_MIxT1XT3_24s001577-1-1_Jeong_lane1T3xiTRU1A55	CW	1	24	dup_hom	2020	complex	2110	14.7246170718568	4.61386592592853	0.0588235294117647
chr13	109600000	114364328	fastq0024_HPNE_T3	HCJY7AFX7_MIxT1XT3_24s001577-1-1_Jeong_lane1T3xiTRU1A63	CW	1	24	dup_h1	2010	idup_h2	1011	12.4149570276401	2.24621961958501	0.0294117647058824
chr14	20000000	24400000	fastq0024_HPNE_T3	HCJY7AFX7_MIxT1XT3_24s001577-1-1_Jeong_lane1T3xiTRU1A05	WC	1	22	inv_hom	0101	ref_hom	1010	4.45913965996081	4.45913965996081	0.0588235294117647
chr14	20000000	24400000	fastq0024_HPNE_T3	HCJY7AFX7_MIxT1XT3_24s001577-1-1_Jeong_lane1T3xiTRU1A16	CW	1	22	inv_hom	0101	ref_hom	1010	4.45913965989613	4.45913965989613	0.0588235294117647
chr14	20000000	24400000	fastq0024_HPNE_T3	HCJY7AFX7_MIxT1XT3_24s001577-1-1_Jeong_lane1T3xiTRU1A37	CW	1	22	inv_h2	1001	complex	2000	16.3092562588977	0.491566881787495	0.0294117647058824
chr14	20000000	24400000	fastq0024_HPNE_T3	HCJY7AFX7_MIxT1XT3_24s001577-1-1_Jeong_lane1T3xiTRU1A55	CC	1	22	del_h2	1000	del_h1	0010	10.2619549208333	0.000216798544682817	0.0294117647058824
chr14	20000000	24400000	fastq0024_HPNE_T3	HCJY7AFX7_MIxT1XT3_24s001577-1-1_Jeong_lane1T3xiTRU1A64	WC	1	22	complex	2000	inv_h2	1001	18.5003325646055	2.18689984476318	0.0294117647058824
chr14	24400000	26400000	fastq0024_HPNE_T3	HCJY7AFX7_MIxT1XT3_24s001577-1-1_Jeong_lane1T3xiTRU1A64	WC	1	10	inv_h2	1001	complex	2000	14.591580963744	1.4270510590415	0.0294117647058824
chr14	26400000	30800000	fastq0024_HPNE_T3	HCJY7AFX7_MIxT1XT3_24s001577-1-1_Jeong_lane1T3xiTRU1A39	WC	1	22	del_h2	1000	ref_hom	1010	7.47640887135081	7.47640887135081	0.0588235294117647
chr14	26400000	30800000	fastq0024_HPNE_T3	HCJY7AFX7_MIxT1XT3_24s001577-1-1_Jeong_lane1T3xiTRU1A41	WC	1	22	inv_hom	0101	ref_hom	1010	4.40189627207255	4.40189627207255	0.0294117647058824
chr14	26400000	30800000	fastq0024_HPNE_T3	HCJY7AFX7_MIxT1XT3_24s001577-1-1_Jeong_lane1T3xiTRU1A55	CC	1	22	del_h2	1000	del_h1	0010	13.9611233439334	0.000575553780550742	0.0588235294117647
chr14	26400000	30800000	fastq0024_HPNE_T3	HCJY7AFX7_MIxT1XT3_24s001577-1-1_Jeong_lane1T3xiTRU1A64	WC	1	22	complex	2000	del_h2	1000	12.3209241676501	1.92768693955584	0.0294117647058824
chr14	30800000	31400000	fastq0024_HPNE_T3	HCJY7AFX7_MIxT1XT3_24s001577-1-1_Jeong_lane1T3xiTRU1A64	WC	1	3	inv_h2	1001	del_h2	1000	6.96856580545837	0.449328998043868	0.0294117647058824
chr14	31400000	33800000	fastq0024_HPNE_T3	HCJY7AFX7_MIxT1XT3_24s001577-1-1_Jeong_lane1T3xiTRU1A55	CC	1	12	del_h2	1000	del_h1	0010	5.39353238702122	0.00135479021990337	0.0294117647058824
chr14	31400000	33800000	fastq0024_HPNE_T3	HCJY7AFX7_MIxT1XT3_24s001577-1-1_Jeong_lane1T3xiTRU1A64	WC	1	12	complex	2000	del_h2	1000	19.8735136083479	3.3744631006613	0.0294117647058824
chr14	33800000	35600000	fastq0024_HPNE_T3	HCJY7AFX7_MIxT1XT3_24s001577-1-1_Jeong_lane1T3xiTRU1A64	WC	1	9	complex	3000	complex	2000	18.6657943651666	0.867756813380998	0.0294117647058824
chr14	35600000	40000000	fastq0024_HPNE_T3	HCJY7AFX7_MIxT1XT3_24s001577-1-1_Jeong_lane1T3xiTRU1A08	CW	1	22	complex	0011	inv_hom	0101	6.02719399093412	1.38629863532767	0.0882352941176471
chr14	35600000	40000000	fastq0024_HPNE_T3	HCJY7AFX7_MIxT1XT3_24s001577-1-1_Jeong_lane1T3xiTRU1A20	CW	1	22	complex	0011	inv_hom	0101	18.0101230820646	1.38629863225772	0.0882352941176471
chr14	35600000	40000000	fastq0024_HPNE_T3	HCJY7AFX7_MIxT1XT3_24s001577-1-1_Jeong_lane1T3xiTRU1A55	CC	1	22	del_h2	1000	del_h1	0010	13.0808858520179	4.7617120359611e-05	0.0294117647058824
chr14	35600000	40000000	fastq0024_HPNE_T3	HCJY7AFX7_MIxT1XT3_24s001577-1-1_Jeong_lane1T3xiTRU1A64	WC	1	22	complex	2000	inv_h2	1001	20.8098925702272	6.18464804104811	0.0882352941176471
chr14	40000000	49400000	fastq0024_HPNE_T3	HCJY7AFX7_MIxT1XT3_24s001577-1-1_Jeong_lane1T3xiTRU1A35	CC	1	47	del_h2	1000	del_h1	0010	5.61101565827185	6.61323266202274e-05	0.0882352941176471
chr14	40000000	49400000	fastq0024_HPNE_T3	HCJY7AFX7_MIxT1XT3_24s001577-1-1_Jeong_lane1T3xiTRU1A39	WC	1	47	del_h1	0010	ref_hom	1010	6.87820993067195	6.87820993067195	0.0294117647058824
chr14	40000000	49400000	fastq0024_HPNE_T3	HCJY7AFX7_MIxT1XT3_24s001577-1-1_Jeong_lane1T3xiTRU1A55	CC	1	47	del_h2	1000	del_h1	0010	15.3130496614949	6.61323266202274e-05	0.0882352941176471
chr14	40000000	49400000	fastq0024_HPNE_T3	HCJY7AFX7_MIxT1XT3_24s001577-1-1_Jeong_lane1T3xiTRU1A64	WC	1	47	del_h2	1000	complex	2000	17.1866338400028	2.06242722620247	0.0882352941176471
chr14	40000000	49400000	fastq0024_HPNE_T3	HCJY7AFX7_MIxT1XT3_24s001577-1-1_Jeong_lane1T3xiTRU1A80	CW	1	47	complex	1100	ref_hom	1010	5.93843341620459	5.93843341620459	0.0294117647058824
chr14	49400000	50200000	fastq0024_HPNE_T3	HCJY7AFX7_MIxT1XT3_24s001577-1-1_Jeong_lane1T3xiTRU1A64	WC	1	4	inv_h2	1001	del_h2	1000	7.8102162360838	1.60879388708172	0.0294117647058824
chr14	50200000	53000000	fastq0024_HPNE_T3	HCJY7AFX7_MIxT1XT3_24s001577-1-1_Jeong_lane1T3xiTRU1A64	WC	1	14	inv_h2	1001	complex	2000	20.1264234961925	4.40036031755041	0.0294117647058824
chr14	53000000	59600000	fastq0024_HPNE_T3	HCJY7AFX7_MIxT1XT3_24s001577-1-1_Jeong_lane1T3xiTRU1A08	CW	1	33	inv_hom	0101	complex	1100	5.01463824525874	4.60516591483699	0.0294117647058824
chr14	53000000	59600000	fastq0024_HPNE_T3	HCJY7AFX7_MIxT1XT3_24s001577-1-1_Jeong_lane1T3xiTRU1A55	CC	1	33	del_h2	1000	del_h1	0010	9.4642273907181	5.27968772701115e-07	0.0294117647058824
chr14	59600000	63200000	fastq0024_HPNE_T3	HCJY7AFX7_MIxT1XT3_24s001577-1-1_Jeong_lane1T3xiTRU1A55	CC	1	18	del_h1	0010	del_h2	1000	8.15647277872987	6.7853365200321e-05	0.0294117647058824
chr14	59600000	63200000	fastq0024_HPNE_T3	HCJY7AFX7_MIxT1XT3_24s001577-1-1_Jeong_lane1T3xiTRU1A75	CW	1	18	inv_hom	0101	ref_hom	1010	4.29258070546762	4.29258070546762	0.0294117647058824
chr14	65400000	67400000	fastq0024_HPNE_T3	HCJY7AFX7_MIxT1XT3_24s001577-1-1_Jeong_lane1T3xiTRU1A55	CC	1	10	del_h2	1000	del_h1	0010	5.7069515240695	0.0023498045587238	0.0294117647058824
chr14	67400000	70000000	fastq0024_HPNE_T3	HCJY7AFX7_MIxT1XT3_24s001577-1-1_Jeong_lane1T3xiTRU1A55	CC	1	13	del_h1	0010	del_h2	1000	5.62885771115264	2.36185079658391e-05	0.0294117647058824
chr14	67400000	70000000	fastq0024_HPNE_T3	HCJY7AFX7_MIxT1XT3_24s001577-1-1_Jeong_lane1T3xiTRU1A92	CC	1	13	dup_h1	2010	dup_h2	1020	9.34524760781953	0.685490347094023	0.0294117647058824
chr14	70000000	72400000	fastq0024_HPNE_T3	HCJY7AFX7_MIxT1XT3_24s001577-1-1_Jeong_lane1T3xiTRU1A08	CW	1	12	inv_hom	0101	ref_hom	1010	4.03024329937399	4.03024329937399	0.0294117647058824
chr14	72400000	78400000	fastq0024_HPNE_T3	HCJY7AFX7_MIxT1XT3_24s001577-1-1_Jeong_lane1T3xiTRU1A55	CC	1	30	del_h1	0010	del_h2	1000	12.6174924525704	5.99146454834886	0.0294117647058824
chr14	78400000	84200000	fastq0024_HPNE_T3	HCJY7AFX7_MIxT1XT3_24s001577-1-1_Jeong_lane1T3xiTRU1A55	CC	1	29	del_h1	0010	del_h2	1000	5.21709771676308	4.27743216624421e-05	0.0294117647058824
chr14	84200000	88800000	fastq0024_HPNE_T3	HCJY7AFX7_MIxT1XT3_24s001577-1-1_Jeong_lane1T3xiTRU1A55	CC	1	23	del_h1	0010	complex	0011	14.570889579585	9.11496291239161	0.0294117647058824
chr14	88800000	94200000	fastq0024_HPNE_T3	HCJY7AFX7_MIxT1XT3_24s001577-1-1_Jeong_lane1T3xiTRU1A39	WC	1	27	complex	1100	ref_hom	1010	6.28066590236178	6.28066590236178	0.0294117647058824
chr14	88800000	94200000	fastq0024_HPNE_T3	HCJY7AFX7_MIxT1XT3_24s001577-1-1_Jeong_lane1T3xiTRU1A55	CC	1	27	del_h1	0010	ref_hom	1010	5.84334685850682	5.84334685850682	0.0294117647058824
chr14	88800000	94200000	fastq0024_HPNE_T3	HCJY7AFX7_MIxT1XT3_24s001577-1-1_Jeong_lane1T3xiTRU1A83	WW	1	27	inv_h1	0110	complex	0011	13.9908127306074	1.63913542099246	0.0294117647058824
chr14	94200000	98800000	fastq0024_HPNE_T3	HCJY7AFX7_MIxT1XT3_24s001577-1-1_Jeong_lane1T3xiTRU1A08	CW	1	23	inv_h1	0110	complex	0020	27.3580615566851	12.0407006686218	0.0588235294117647
chr14	94200000	98800000	fastq0024_HPNE_T3	HCJY7AFX7_MIxT1XT3_24s001577-1-1_Jeong_lane1T3xiTRU1A55	CC	1	23	del_h1	0010	ref_hom	1010	7.73854936603694	7.73854936603694	0.0294117647058824
chr14	94200000	98800000	fastq0024_HPNE_T3	HCJY7AFX7_MIxT1XT3_24s001577-1-1_Jeong_lane1T3xiTRU1A83	WW	1	23	inv_h1	0110	complex	1100	20.6596803933823	2.48890170743212	0.0588235294117647
chr14	98800000	105800000	fastq0024_HPNE_T3	HCJY7AFX7_MIxT1XT3_24s001577-1-1_Jeong_lane1T3xiTRU1A02	WC	1	35	complex	0011	complex	0021	5.88559406800723	5.46199939360192	0.0588235294117647
chr14	98800000	105800000	fastq0024_HPNE_T3	HCJY7AFX7_MIxT1XT3_24s001577-1-1_Jeong_lane1T3xiTRU1A05	WC	1	35	dup_hom	2020	dup_h2	1020	5.00077092254906	1.0655606684509	0.0588235294117647
chr14	98800000	105800000	fastq0024_HPNE_T3	HCJY7AFX7_MIxT1XT3_24s001577-1-1_Jeong_lane1T3xiTRU1A08	CW	1	35	inv_h1	0110	complex	0210	56.8248637965047	10.9422987624784	0.0588235294117647
chr14	98800000	105800000	fastq0024_HPNE_T3	HCJY7AFX7_MIxT1XT3_24s001577-1-1_Jeong_lane1T3xiTRU1A25	CW	1	35	dup_hom	2020	dup_h1	2010	10.8169594526123	6.63591695220394	0.0588235294117647
chr14	98800000	105800000	fastq0024_HPNE_T3	HCJY7AFX7_MIxT1XT3_24s001577-1-1_Jeong_lane1T3xiTRU1A39	WC	1	35	complex	1100	ref_hom	1010	5.88559403930951	5.88559403930951	0.0588235294117647
chr14	98800000	105800000	fastq0024_HPNE_T3	HCJY7AFX7_MIxT1XT3_24s001577-1-1_Jeong_lane1T3xiTRU1A40	CC	1	35	dup_h1	2010	dup_h2	1020	5.69758712681904	2.75544301943402	0.0588235294117647
chr14	98800000	105800000	fastq0024_HPNE_T3	HCJY7AFX7_MIxT1XT3_24s001577-1-1_Jeong_lane1T3xiTRU1A55	CC	1	35	del_h1	0010	del_h2	1000	17.0639804307251	5.99146454711664	0.0294117647058824
chr14	98800000	105800000	fastq0024_HPNE_T3	HCJY7AFX7_MIxT1XT3_24s001577-1-1_Jeong_lane1T3xiTRU1A76	WW	1	35	dup_h1	2010	dup_h2	1020	7.72539345508758	4.83488456111385	0.0588235294117647
chr14	98800000	105800000	fastq0024_HPNE_T3	HCJY7AFX7_MIxT1XT3_24s001577-1-1_Jeong_lane1T3xiTRU1A83	WW	1	35	inv_h1	0110	complex	0011	32.1770728239658	14.2291517273152	0.0588235294117647
chr14	106400000	107043718	fastq0024_HPNE_T3	HCJY7AFX7_MIxT1XT3_24s001577-1-1_Jeong_lane1T3xiTRU1A08	CW	1	3	del_h1	0010	inv_h1	0110	7.78161726690847	0.847821874057415	0.0294117647058824
chr15	22600000	26600000	fastq0024_HPNE_T3	HCJY7AFX7_MIxT1XT3_24s001577-1-1_Jeong_lane1T3xiTRU1A16	WC	1	19	inv_hom	0101	complex	0102	10.5045427588137	9.65895847540389	0.0294117647058824
chr15	22600000	26600000	fastq0024_HPNE_T3	HCJY7AFX7_MIxT1XT3_24s001577-1-1_Jeong_lane1T3xiTRU1A39	CW	1	19	idup_h1	1110	complex	1100	12.2980246974869	0.407152094489316	0.0294117647058824
chr15	26600000	34400000	fastq0024_HPNE_T3	HCJY7AFX7_MIxT1XT3_24s001577-1-1_Jeong_lane1T3xiTRU1A78	CW	1	33	inv_h2	1001	complex	2000	17.7773470276698	2.57145110150806	0.0294117647058824
chr15	34400000	37400000	fastq0024_HPNE_T3	HCJY7AFX7_MIxT1XT3_24s001577-1-1_Jeong_lane1T3xiTRU1A37	WC	1	15	inv_hom	0101	ref_hom	1010	4.10928341269087	4.10928341269087	0.0294117647058824
chr15	34400000	37400000	fastq0024_HPNE_T3	HCJY7AFX7_MIxT1XT3_24s001577-1-1_Jeong_lane1T3xiTRU1A39	CW	1	15	complex	1100	inv_hom	0101	5.49558204961131	1.38629863698476	0.0294117647058824
chr15	34400000	37400000	fastq0024_HPNE_T3	HCJY7AFX7_MIxT1XT3_24s001577-1-1_Jeong_lane1T3xiTRU1A78	CW	1	15	inv_h2	1001	complex	2000	14.6643408195817	1.54162020076121	0.0294117647058824
chr15	37400000	40000000	fastq0024_HPNE_T3	HCJY7AFX7_MIxT1XT3_24s001577-1-1_Jeong_lane1T3xiTRU1A37	WC	1	13	inv_hom	0101	ref_hom	1010	4.22116995929856	4.22116995929856	0.0294117647058824
chr15	45800000	50200000	fastq0024_HPNE_T3	HCJY7AFX7_MIxT1XT3_24s001577-1-1_Jeong_lane1T3xiTRU1A80	WC	1	22	complex	1100	inv_hom	0101	6.07984426914132	1.38629863232905	0.0294117647058824
chr15	53000000	57200000	fastq0024_HPNE_T3	HCJY7AFX7_MIxT1XT3_24s001577-1-1_Jeong_lane1T3xiTRU1A44	CW	1	21	inv_hom	0101	ref_hom	1010	4.40286201173375	4.40286201173375	0.0294117647058824
chr15	57200000	63200000	fastq0024_HPNE_T3	HCJY7AFX7_MIxT1XT3_24s001577-1-1_Jeong_lane1T3xiTRU1A78	CW	1	30	complex	0011	ref_hom	1010	6.06932410167386	6.06932410167386	0.0294117647058824
chr15	63200000	70600000	fastq0024_HPNE_T3	HCJY7AFX7_MIxT1XT3_24s001577-1-1_Jeong_lane1T3xiTRU1A25	CC	1	37	dup_h1	2010	dup_h2	1020	5.10357987621782	2.7780451588023	0.0294117647058824
chr15	63200000	70600000	fastq0024_HPNE_T3	HCJY7AFX7_MIxT1XT3_24s001577-1-1_Jeong_lane1T3xiTRU1A40	WW	1	37	dup_h2	1020	dup_h1	2010	8.63743218086781	1.38083792455738	0.0588235294117647
chr15	63200000	70600000	fastq0024_HPNE_T3	HCJY7AFX7_MIxT1XT3_24s001577-1-1_Jeong_lane1T3xiTRU1A79	CC	1	37	dup_h2	1020	ref_hom	1010	4.57422996748095	4.57422996748095	0.0588235294117647
chr15	70600000	73600000	fastq0024_HPNE_T3	HCJY7AFX7_MIxT1XT3_24s001577-1-1_Jeong_lane1T3xiTRU1A37	WC	1	15	inv_hom	0101	ref_hom	1010	4.10351144731814	4.10351144731814	0.0294117647058824
chr15	75800000	84400000	fastq0024_HPNE_T3	HCJY7AFX7_MIxT1XT3_24s001577-1-1_Jeong_lane1T3xiTRU1A57	CC	1	41	complex	2000	ref_hom	1010	4.10559064957363	4.10559064957363	0.0294117647058824
chr15	84400000	84600000	fastq0024_HPNE_T3	HCJY7AFX7_MIxT1XT3_24s001577-1-1_Jeong_lane1T3xiTRU1A80	WC	1	1	inv_hom	0101	idup_h1	1110	9.82595575811186	1.94842366159085	0.0294117647058824
chr15	85000000	88000000	fastq0024_HPNE_T3	HCJY7AFX7_MIxT1XT3_24s001577-1-1_Jeong_lane1T3xiTRU1A20	CW	1	15	complex	2000	inv_h2	1001	21.1179994313662	6.43570706904161	0.0294117647058824
chr15	88000000	91200000	fastq0024_HPNE_T3	HCJY7AFX7_MIxT1XT3_24s001577-1-1_Jeong_lane1T3xiTRU1A20	CW	1	16	inv_h2	1001	complex	2000	19.7918822384972	0.362345367933205	0.0294117647058824
chr15	88000000	91200000	fastq0024_HPNE_T3	HCJY7AFX7_MIxT1XT3_24s001577-1-1_Jeong_lane1T3xiTRU1A39	CW	1	16	complex	1101	inv_hom	0101	8.02030784512208	0.427574223910582	0.0294117647058824
chr15	91200000	94000000	fastq0024_HPNE_T3	HCJY7AFX7_MIxT1XT3_24s001577-1-1_Jeong_lane1T3xiTRU1A20	CW	1	14	inv_h2	1001	complex	2000	19.8207804578426	1.48617919232569	0.0294117647058824
chr15	94000000	98000000	fastq0024_HPNE_T3	HCJY7AFX7_MIxT1XT3_24s001577-1-1_Jeong_lane1T3xiTRU1A20	CW	1	20	complex	2000	inv_h2	1001	15.6266386492087	3.5168164075351	0.0294117647058824
chr15	94000000	98000000	fastq0024_HPNE_T3	HCJY7AFX7_MIxT1XT3_24s001577-1-1_Jeong_lane1T3xiTRU1A39	CW	1	20	inv_hom	0101	ref_hom	1010	4.35810097637097	4.35810097637097	0.0294117647058824
chr15	98000000	101800000	fastq0024_HPNE_T3	HCJY7AFX7_MIxT1XT3_24s001577-1-1_Jeong_lane1T3xiTRU1A16	CW	1	19	complex	0011	ref_hom	1010	5.90236751056294	5.90236751056294	0.0588235294117647
chr15	98000000	101800000	fastq0024_HPNE_T3	HCJY7AFX7_MIxT1XT3_24s001577-1-1_Jeong_lane1T3xiTRU1A20	CW	1	19	complex	2000	inv_h2	1001	24.1743658983004	5.32425488237152	0.0588235294117647
chr16	0	2600000	fastq0024_HPNE_T3	HCJY7AFX7_MIxT1XT3_24s001577-1-1_Jeong_lane1T3xiTRU1A10	WW	1	13	dup_h1	2010	dup_h2	1020	4.3700151568927	4.16681100265324	0.0294117647058824
chr16	0	2600000	fastq0024_HPNE_T3	HCJY7AFX7_MIxT1XT3_24s001577-1-1_Jeong_lane1T3xiTRU1A25	CW	1	13	dup_h2	1020	dup_hom	2020	6.67515136785968	0.439060998813567	0.0588235294117647
chr16	0	2600000	fastq0024_HPNE_T3	HCJY7AFX7_MIxT1XT3_24s001577-1-1_Jeong_lane1T3xiTRU1A39	CW	1	13	dup_hom	2020	dup_h2	1020	12.0805517100481	2.87678266118995	0.0588235294117647
chr16	0	2600000	fastq0024_HPNE_T3	HCJY7AFX7_MIxT1XT3_24s001577-1-1_Jeong_lane1T3xiTRU1A40	CC	1	13	dup_h2	1020	dup_hom	2020	4.18285236679265	3.47796578056011	0.0588235294117647
chr16	0	2600000	fastq0024_HPNE_T3	HCJY7AFX7_MIxT1XT3_24s001577-1-1_Jeong_lane1T3xiTRU1A79	CW	1	13	dup_hom	2020	dup_h1	2010	6.54803673866732	3.44580114993914	0.0588235294117647
chr16	2600000	5200000	fastq0024_HPNE_T3	HCJY7AFX7_MIxT1XT3_24s001577-1-1_Jeong_lane1T3xiTRU1A25	CW	1	13	dup_hom	2020	dup_h1	2010	4.83294398624006	1.50577527692055	0.0588235294117647
chr16	2600000	5200000	fastq0024_HPNE_T3	HCJY7AFX7_MIxT1XT3_24s001577-1-1_Jeong_lane1T3xiTRU1A39	CW	1	13	dup_hom	2020	dup_h1	2010	5.65303076543577	2.93179342573404	0.0588235294117647
chr16	2600000	5200000	fastq0024_HPNE_T3	HCJY7AFX7_MIxT1XT3_24s001577-1-1_Jeong_lane1T3xiTRU1A64	CC	1	13	dup_h2	1020	dup_h1	2010	5.5971033707744	0.726904399435322	0.0294117647058824
chr16	5200000	10200000	fastq0024_HPNE_T3	HCJY7AFX7_MIxT1XT3_24s001577-1-1_Jeong_lane1T3xiTRU1A57	CW	1	25	inv_hom	0101	complex	1100	7.98436424548661	7.60089813491116	0.0294117647058824
chr16	5200000	10200000	fastq0024_HPNE_T3	HCJY7AFX7_MIxT1XT3_24s001577-1-1_Jeong_lane1T3xiTRU1A67	CW	1	25	idup_h1	1110	dup_h2	1020	7.32935104215681	7.29266752508193	0.0294117647058824
chr16	5200000	10200000	fastq0024_HPNE_T3	HCJY7AFX7_MIxT1XT3_24s001577-1-1_Jeong_lane1T3xiTRU1A79	CW	1	25	complex	0011	ref_hom	1010	6.37493060429548	6.37493060429548	0.0294117647058824
chr16	10200000	12800000	fastq0024_HPNE_T3	HCJY7AFX7_MIxT1XT3_24s001577-1-1_Jeong_lane1T3xiTRU1A76	WC	1	13	idup_h2	1011	complex	1021	4.33393130806885	2.8618217813659	0.0294117647058824
chr16	12800000	15000000	fastq0024_HPNE_T3	HCJY7AFX7_MIxT1XT3_24s001577-1-1_Jeong_lane1T3xiTRU1A08	WC	1	9	inv_hom	0101	complex	1101	4.1759150632858	3.29919381705603	0.0294117647058824
chr16	12800000	15000000	fastq0024_HPNE_T3	HCJY7AFX7_MIxT1XT3_24s001577-1-1_Jeong_lane1T3xiTRU1A35	CW	1	9	complex	1100	complex	2100	5.56221421365873	3.52296653137455	0.0294117647058824
chr16	15000000	15200000	fastq0024_HPNE_T3	HCJY7AFX7_MIxT1XT3_24s001577-1-1_Jeong_lane1T3xiTRU1A10	WW	1	1	inv_hom	0101	inv_h1	0110	4.73645681424757	1.49194551454296	0.264705882352941
chr16	15000000	15200000	fastq0024_HPNE_T3	HCJY7AFX7_MIxT1XT3_24s001577-1-1_Jeong_lane1T3xiTRU1A16	CC	1	1	inv_hom	0101	inv_h1	0110	4.85160694029425	1.74587379001737	0.264705882352941
chr16	15000000	15200000	fastq0024_HPNE_T3	HCJY7AFX7_MIxT1XT3_24s001577-1-1_Jeong_lane1T3xiTRU1A37	CC	1	1	inv_hom	0101	complex	0201	7.75343440962368	4.21062464748331	0.264705882352941
chr16	15000000	15200000	fastq0024_HPNE_T3	HCJY7AFX7_MIxT1XT3_24s001577-1-1_Jeong_lane1T3xiTRU1A40	CC	1	1	inv_hom	0101	inv_h1	0110	6.95774165230178	4.09199676943584	0.264705882352941
chr16	15000000	15200000	fastq0024_HPNE_T3	HCJY7AFX7_MIxT1XT3_24s001577-1-1_Jeong_lane1T3xiTRU1A48	CC	1	1	inv_hom	0101	inv_h1	0110	6.12391079572823	2.75158949386538	0.264705882352941
chr16	15000000	15200000	fastq0024_HPNE_T3	HCJY7AFX7_MIxT1XT3_24s001577-1-1_Jeong_lane1T3xiTRU1A50	CC	1	1	inv_hom	0101	inv_h1	0110	9.98390107148408	1.42535864029296	0.264705882352941
chr16	15000000	15200000	fastq0024_HPNE_T3	HCJY7AFX7_MIxT1XT3_24s001577-1-1_Jeong_lane1T3xiTRU1A67	CW	1	1	inv_hom	0101	idup_h2	1011	6.1161950560835	2.8433330014968	0.264705882352941
chr16	15000000	15200000	fastq0024_HPNE_T3	HCJY7AFX7_MIxT1XT3_24s001577-1-1_Jeong_lane1T3xiTRU1A83	WW	1	1	inv_hom	0101	inv_h1	0110	6.89614616643003	2.64604080281261	0.264705882352941
chr16	15000000	15200000	fastq0024_HPNE_T3	HCJY7AFX7_MIxT1XT3_24s001577-1-1_Jeong_lane1T3xiTRU1A92	CC	1	1	inv_hom	0101	inv_h1	0110	10.1914140716214	2.84626220071723	0.264705882352941
chr16	15200000	15400000	fastq0024_HPNE_T3	HCJY7AFX7_MIxT1XT3_24s001577-1-1_Jeong_lane1T3xiTRU1A37	CC	1	1	inv_hom	0101	inv_h1	0110	4.76866800945292	1.64508957445032	0.0294117647058824
chr16	15200000	15400000	fastq0024_HPNE_T3	HCJY7AFX7_MIxT1XT3_24s001577-1-1_Jeong_lane1T3xiTRU1A92	CC	1	1	inv_h1	0110	inv_h2	1001	5.28019152132264	0.66550857837157	0.0294117647058824
chr16	21400000	21800000	fastq0024_HPNE_T3	HCJY7AFX7_MIxT1XT3_24s001577-1-1_Jeong_lane1T3xiTRU1A10	WW	1	2	inv_hom	0101	inv_h2	1001	4.58401173873788	0.0364357040923098	0.323529411764706
chr16	21400000	21800000	fastq0024_HPNE_T3	HCJY7AFX7_MIxT1XT3_24s001577-1-1_Jeong_lane1T3xiTRU1A16	CC	1	2	inv_hom	0101	inv_h2	1001	4.07570841587305	0.190673242900576	0.323529411764706
chr16	21400000	21800000	fastq0024_HPNE_T3	HCJY7AFX7_MIxT1XT3_24s001577-1-1_Jeong_lane1T3xiTRU1A37	CC	1	2	inv_hom	0101	complex	0002	11.1558184213623	5.21080233797714	0.323529411764706
chr16	21400000	21800000	fastq0024_HPNE_T3	HCJY7AFX7_MIxT1XT3_24s001577-1-1_Jeong_lane1T3xiTRU1A40	CC	1	2	inv_hom	0101	inv_h2	1001	8.28346342545233	3.31743544845151	0.323529411764706
chr16	21400000	21800000	fastq0024_HPNE_T3	HCJY7AFX7_MIxT1XT3_24s001577-1-1_Jeong_lane1T3xiTRU1A41	CC	1	2	inv_hom	0101	inv_h2	1001	5.65033572702571	2.07225981494616	0.323529411764706
chr16	21400000	21800000	fastq0024_HPNE_T3	HCJY7AFX7_MIxT1XT3_24s001577-1-1_Jeong_lane1T3xiTRU1A42	WW	1	2	inv_hom	0101	inv_h2	1001	5.55128834115568	1.42304655566374	0.323529411764706
chr16	21400000	21800000	fastq0024_HPNE_T3	HCJY7AFX7_MIxT1XT3_24s001577-1-1_Jeong_lane1T3xiTRU1A48	CC	1	2	inv_hom	0101	inv_h2	1001	4.85646848045808	0.99273300918027	0.323529411764706
chr16	21400000	21800000	fastq0024_HPNE_T3	HCJY7AFX7_MIxT1XT3_24s001577-1-1_Jeong_lane1T3xiTRU1A64	CC	1	2	inv_hom	0101	inv_h2	1001	5.70045512712503	0.859047969106352	0.323529411764706
chr16	21400000	21800000	fastq0024_HPNE_T3	HCJY7AFX7_MIxT1XT3_24s001577-1-1_Jeong_lane1T3xiTRU1A66	CW	1	2	inv_hom	0101	idup_h2	1011	6.00738033652945	1.61883196462108	0.323529411764706
chr16	21400000	21800000	fastq0024_HPNE_T3	HCJY7AFX7_MIxT1XT3_24s001577-1-1_Jeong_lane1T3xiTRU1A83	WW	1	2	inv_hom	0101	inv_h2	1001	8.92385147283692	2.50132258950566	0.323529411764706
chr16	21400000	21800000	fastq0024_HPNE_T3	HCJY7AFX7_MIxT1XT3_24s001577-1-1_Jeong_lane1T3xiTRU1A92	CC	1	2	inv_hom	0101	inv_h2	1001	16.8622859724376	3.71859426446649	0.323529411764706
chr16	21800000	22600000	fastq0024_HPNE_T3	HCJY7AFX7_MIxT1XT3_24s001577-1-1_Jeong_lane1T3xiTRU1A02	CW	1	4	del_h2	1000	inv_h2	1001	6.45536659399118	0.53926188645806	0.558823529411765
chr16	21800000	22600000	fastq0024_HPNE_T3	HCJY7AFX7_MIxT1XT3_24s001577-1-1_Jeong_lane1T3xiTRU1A05	CW	1	4	del_h2	1000	inv_h2	1001	9.58706580250303	1.10486580082246	0.558823529411765
chr16	21800000	22600000	fastq0024_HPNE_T3	HCJY7AFX7_MIxT1XT3_24s001577-1-1_Jeong_lane1T3xiTRU1A10	WW	1	4	complex	0001	complex	0100	20.5130505643309	1.07002943267885	0.0588235294117647
chr16	21800000	22600000	fastq0024_HPNE_T3	HCJY7AFX7_MIxT1XT3_24s001577-1-1_Jeong_lane1T3xiTRU1A16	CC	1	4	inv_hom	0101	complex	0001	16.2838132264244	1.16008075644328	0.205882352941176
chr16	21800000	22600000	fastq0024_HPNE_T3	HCJY7AFX7_MIxT1XT3_24s001577-1-1_Jeong_lane1T3xiTRU1A20	CW	1	4	del_h2	1000	inv_h2	1001	7.52914577136205	0.23835325567861	0.558823529411765
chr16	21800000	22600000	fastq0024_HPNE_T3	HCJY7AFX7_MIxT1XT3_24s001577-1-1_Jeong_lane1T3xiTRU1A21	CW	1	4	del_h2	1000	inv_h2	1001	7.20350617714569	0.9788849714997	0.558823529411765
chr16	21800000	22600000	fastq0024_HPNE_T3	HCJY7AFX7_MIxT1XT3_24s001577-1-1_Jeong_lane1T3xiTRU1A34	CW	1	4	del_h2	1000	complex	0001	18.855534262117	4.18583758694723	0.558823529411765
chr16	21800000	22600000	fastq0024_HPNE_T3	HCJY7AFX7_MIxT1XT3_24s001577-1-1_Jeong_lane1T3xiTRU1A35	CW	1	4	del_h2	1000	inv_h2	1001	10.9977350485284	2.55243156388604	0.558823529411765
chr16	21800000	22600000	fastq0024_HPNE_T3	HCJY7AFX7_MIxT1XT3_24s001577-1-1_Jeong_lane1T3xiTRU1A37	CC	1	4	inv_hom	0101	complex	0001	17.0355418174457	0.874502232412322	0.205882352941176
chr16	21800000	22600000	fastq0024_HPNE_T3	HCJY7AFX7_MIxT1XT3_24s001577-1-1_Jeong_lane1T3xiTRU1A40	CC	1	4	inv_h2	1001	inv_hom	0101	10.2915286996977	1.80143980923248	0.0588235294117647
chr16	21800000	22600000	fastq0024_HPNE_T3	HCJY7AFX7_MIxT1XT3_24s001577-1-1_Jeong_lane1T3xiTRU1A41	CC	1	4	inv_hom	0101	complex	0002	17.3267082422722	3.35050062806739	0.205882352941176
chr16	21800000	22600000	fastq0024_HPNE_T3	HCJY7AFX7_MIxT1XT3_24s001577-1-1_Jeong_lane1T3xiTRU1A42	WW	1	4	inv_hom	0101	inv_h2	1001	16.6948179654117	2.46364210521165	0.205882352941176
chr16	21800000	22600000	fastq0024_HPNE_T3	HCJY7AFX7_MIxT1XT3_24s001577-1-1_Jeong_lane1T3xiTRU1A43	CW	1	4	del_h2	1000	inv_h2	1001	4.67462674425432	1.83864032458256	0.558823529411765
chr16	21800000	22600000	fastq0024_HPNE_T3	HCJY7AFX7_MIxT1XT3_24s001577-1-1_Jeong_lane1T3xiTRU1A44	WC	1	4	del_h2	1000	inv_h2	1001	10.8622148204699	0.549240397851324	0.558823529411765
chr16	21800000	22600000	fastq0024_HPNE_T3	HCJY7AFX7_MIxT1XT3_24s001577-1-1_Jeong_lane1T3xiTRU1A48	CC	1	4	inv_h2	1001	inv_hom	0101	11.4939263718515	1.05213591017143	0.0588235294117647
chr16	21800000	22600000	fastq0024_HPNE_T3	HCJY7AFX7_MIxT1XT3_24s001577-1-1_Jeong_lane1T3xiTRU1A50	CC	1	4	inv_hom	0101	complex	0001	14.4343196278334	0.917476641019306	0.205882352941176
chr16	21800000	22600000	fastq0024_HPNE_T3	HCJY7AFX7_MIxT1XT3_24s001577-1-1_Jeong_lane1T3xiTRU1A55	CW	1	4	del_h2	1000	complex	0001	9.76112251313248	4.18583754365981	0.558823529411765
chr16	21800000	22600000	fastq0024_HPNE_T3	HCJY7AFX7_MIxT1XT3_24s001577-1-1_Jeong_lane1T3xiTRU1A57	CW	1	4	del_h2	1000	inv_h2	1001	11.5012675510567	3.55970450790127	0.558823529411765
chr16	21800000	22600000	fastq0024_HPNE_T3	HCJY7AFX7_MIxT1XT3_24s001577-1-1_Jeong_lane1T3xiTRU1A63	CW	1	4	del_h2	1000	inv_h2	1001	12.3085226356496	4.15801937676135	0.558823529411765
chr16	21800000	22600000	fastq0024_HPNE_T3	HCJY7AFX7_MIxT1XT3_24s001577-1-1_Jeong_lane1T3xiTRU1A64	CC	1	4	inv_hom	0101	complex	0001	19.9387930512467	2.30987108584457	0.205882352941176
chr16	21800000	22600000	fastq0024_HPNE_T3	HCJY7AFX7_MIxT1XT3_24s001577-1-1_Jeong_lane1T3xiTRU1A65	WC	1	4	del_h2	1000	inv_h2	1001	10.9244064466083	2.53225497560706	0.558823529411765
chr16	21800000	22600000	fastq0024_HPNE_T3	HCJY7AFX7_MIxT1XT3_24s001577-1-1_Jeong_lane1T3xiTRU1A66	CW	1	4	del_h2	1000	inv_h2	1001	11.8441548495821	1.26898571151954	0.558823529411765
chr16	21800000	22600000	fastq0024_HPNE_T3	HCJY7AFX7_MIxT1XT3_24s001577-1-1_Jeong_lane1T3xiTRU1A67	CW	1	4	del_h2	1000	inv_h2	1001	11.0055910347467	2.73978211144574	0.558823529411765
chr16	21800000	22600000	fastq0024_HPNE_T3	HCJY7AFX7_MIxT1XT3_24s001577-1-1_Jeong_lane1T3xiTRU1A75	WC	1	4	del_h2	1000	inv_h2	1001	6.62070904570537	0.0153058589491772	0.558823529411765
chr16	21800000	22600000	fastq0024_HPNE_T3	HCJY7AFX7_MIxT1XT3_24s001577-1-1_Jeong_lane1T3xiTRU1A76	WC	1	4	del_h2	1000	inv_h2	1001	8.94613943913474	1.00379435222937	0.558823529411765
chr16	21800000	22600000	fastq0024_HPNE_T3	HCJY7AFX7_MIxT1XT3_24s001577-1-1_Jeong_lane1T3xiTRU1A78	CW	1	4	del_h2	1000	inv_h2	1001	12.2911238570947	3.09875081261219	0.558823529411765
chr16	21800000	22600000	fastq0024_HPNE_T3	HCJY7AFX7_MIxT1XT3_24s001577-1-1_Jeong_lane1T3xiTRU1A79	CW	1	4	del_h2	1000	inv_h2	1001	6.55942017676045	2.2944220597208	0.558823529411765
chr16	21800000	22600000	fastq0024_HPNE_T3	HCJY7AFX7_MIxT1XT3_24s001577-1-1_Jeong_lane1T3xiTRU1A80	CW	1	4	del_h2	1000	inv_h2	1001	13.5005838652571	1.82480527459788	0.558823529411765
chr16	21800000	22600000	fastq0024_HPNE_T3	HCJY7AFX7_MIxT1XT3_24s001577-1-1_Jeong_lane1T3xiTRU1A83	WW	1	4	inv_hom	0101	complex	0001	19.8763136632673	0.842409665169987	0.205882352941176
chr16	21800000	22600000	fastq0024_HPNE_T3	HCJY7AFX7_MIxT1XT3_24s001577-1-1_Jeong_lane1T3xiTRU1A92	CC	1	4	complex	0001	complex	0100	21.235812008737	1.07002943267885	0.0588235294117647
chr16	56800000	58800000	fastq0024_HPNE_T3	HCJY7AFX7_MIxT1XT3_24s001577-1-1_Jeong_lane1T3xiTRU1A02	CW	1	10	inv_hom	0101	idup_h1	1110	4.32807769755252	3.88095291315827	0.0294117647058824
chr16	58800000	65600000	fastq0024_HPNE_T3	HCJY7AFX7_MIxT1XT3_24s001577-1-1_Jeong_lane1T3xiTRU1A44	WC	1	34	inv_hom	0101	complex	1100	10.9738783621282	10.5966304571898	0.0294117647058824
chr16	58800000	65600000	fastq0024_HPNE_T3	HCJY7AFX7_MIxT1XT3_24s001577-1-1_Jeong_lane1T3xiTRU1A55	CC	1	34	idup_h2	1011	complex	0021	22.6090400798837	3.38584659961124	0.0294117647058824
chr16	65600000	70800000	fastq0024_HPNE_T3	HCJY7AFX7_MIxT1XT3_24s001577-1-1_Jeong_lane1T3xiTRU1A40	CC	1	26	dup_h2	1020	dup_h1	2010	4.22143431590266	2.75972043239378	0.117647058823529
chr16	65600000	70800000	fastq0024_HPNE_T3	HCJY7AFX7_MIxT1XT3_24s001577-1-1_Jeong_lane1T3xiTRU1A42	WW	1	26	dup_h2	1020	complex	0030	8.36403756050726	2.28515166058381	0.117647058823529
chr16	65600000	70800000	fastq0024_HPNE_T3	HCJY7AFX7_MIxT1XT3_24s001577-1-1_Jeong_lane1T3xiTRU1A48	CC	1	26	dup_h2	1020	dup_h1	2010	4.64135727538952	1.37342607127389	0.117647058823529
chr16	65600000	70800000	fastq0024_HPNE_T3	HCJY7AFX7_MIxT1XT3_24s001577-1-1_Jeong_lane1T3xiTRU1A80	CW	1	26	dup_h1	2010	dup_hom	2020	8.61709376193389	6.41090816409358	0.0294117647058824
chr16	65600000	70800000	fastq0024_HPNE_T3	HCJY7AFX7_MIxT1XT3_24s001577-1-1_Jeong_lane1T3xiTRU1A83	WW	1	26	dup_h2	1020	dup_h1	2010	5.30172214888342	2.75972043239378	0.117647058823529
chr16	70800000	74200000	fastq0024_HPNE_T3	HCJY7AFX7_MIxT1XT3_24s001577-1-1_Jeong_lane1T3xiTRU1A20	CW	1	17	inv_hom	0101	complex	1100	4.65860912648159	4.60516356861617	0.0882352941176471
chr16	70800000	74200000	fastq0024_HPNE_T3	HCJY7AFX7_MIxT1XT3_24s001577-1-1_Jeong_lane1T3xiTRU1A21	CW	1	17	inv_hom	0101	complex	1100	4.65860911474527	4.60516589239323	0.0882352941176471
chr16	70800000	74200000	fastq0024_HPNE_T3	HCJY7AFX7_MIxT1XT3_24s001577-1-1_Jeong_lane1T3xiTRU1A44	WC	1	17	inv_hom	0101	complex	0011	4.65860911518876	4.60516580458349	0.0882352941176471
chr16	74200000	75800000	fastq0024_HPNE_T3	HCJY7AFX7_MIxT1XT3_24s001577-1-1_Jeong_lane1T3xiTRU1A25	CW	1	8	dup_h2	1020	dup_hom	2020	5.24857486912224	3.79133260623065	0.0294117647058824
chr16	74200000	75800000	fastq0024_HPNE_T3	HCJY7AFX7_MIxT1XT3_24s001577-1-1_Jeong_lane1T3xiTRU1A39	CW	1	8	complex	1201	complex	1101	5.65116055238249	1.08993093668201	0.0294117647058824
chr16	83800000	90338345	fastq0024_HPNE_T3	HCJY7AFX7_MIxT1XT3_24s001577-1-1_Jeong_lane1T3xiTRU1A05	CW	1	32	dup_hom	2020	dup_h1	2010	6.84567104604701	3.00951848758086	0.0882352941176471
chr16	83800000	90338345	fastq0024_HPNE_T3	HCJY7AFX7_MIxT1XT3_24s001577-1-1_Jeong_lane1T3xiTRU1A10	WW	1	32	dup_h1	2010	dup_h2	1020	8.6635813462202	0.00147770681435233	0.117647058823529
chr16	83800000	90338345	fastq0024_HPNE_T3	HCJY7AFX7_MIxT1XT3_24s001577-1-1_Jeong_lane1T3xiTRU1A21	CW	1	32	inv_h2	1001	complex	3000	14.4455896949425	2.88288983538812	0.0294117647058824
chr16	83800000	90338345	fastq0024_HPNE_T3	HCJY7AFX7_MIxT1XT3_24s001577-1-1_Jeong_lane1T3xiTRU1A25	CW	1	32	dup_hom	2020	dup_h1	2010	14.7983576495806	3.89086940143724	0.0882352941176471
chr16	83800000	90338345	fastq0024_HPNE_T3	HCJY7AFX7_MIxT1XT3_24s001577-1-1_Jeong_lane1T3xiTRU1A37	CC	1	32	dup_h1	2010	dup_h2	1020	4.85015889840543	0.00147770681435277	0.117647058823529
chr16	83800000	90338345	fastq0024_HPNE_T3	HCJY7AFX7_MIxT1XT3_24s001577-1-1_Jeong_lane1T3xiTRU1A39	CW	1	32	dup_hom	2020	dup_h1	2010	7.61851417340598	2.89919166352054	0.0882352941176471
chr16	83800000	90338345	fastq0024_HPNE_T3	HCJY7AFX7_MIxT1XT3_24s001577-1-1_Jeong_lane1T3xiTRU1A40	CC	1	32	dup_h1	2010	dup_h2	1020	6.6159676236476	0.00147770681435277	0.117647058823529
chr16	83800000	90338345	fastq0024_HPNE_T3	HCJY7AFX7_MIxT1XT3_24s001577-1-1_Jeong_lane1T3xiTRU1A42	WW	1	32	dup_h1	2010	dup_h2	1020	4.32229001213841	0.00147770681435277	0.117647058823529
chr17	0	2400000	fastq0024_HPNE_T3	HCJY7AFX7_MIxT1XT3_24s001577-1-1_Jeong_lane1T3xiTRU1A08	WC	1	12	complex	1100	idup_h1	1110	5.89342899169264	3.93152742449383	0.0294117647058824
chr17	0	2400000	fastq0024_HPNE_T3	HCJY7AFX7_MIxT1XT3_24s001577-1-1_Jeong_lane1T3xiTRU1A25	CW	1	12	dup_hom	2020	dup_h2	1020	6.58387601870875	1.63832589243663	0.0294117647058824
chr17	0	2400000	fastq0024_HPNE_T3	HCJY7AFX7_MIxT1XT3_24s001577-1-1_Jeong_lane1T3xiTRU1A27	WC	1	12	inv_h2	1001	complex	0002	27.2042451501063	2.10672459972364	0.0588235294117647
chr17	0	2400000	fastq0024_HPNE_T3	HCJY7AFX7_MIxT1XT3_24s001577-1-1_Jeong_lane1T3xiTRU1A75	CW	1	12	inv_hom	0101	ref_hom	1010	4.48470443696732	4.48470443696732	0.0294117647058824
chr17	0	2400000	fastq0024_HPNE_T3	HCJY7AFX7_MIxT1XT3_24s001577-1-1_Jeong_lane1T3xiTRU1A83	CC	1	12	inv_h2	1001	complex	1101	30.8419893179378	0.884973070701982	0.0588235294117647
chr17	2400000	10400000	fastq0024_HPNE_T3	HCJY7AFX7_MIxT1XT3_24s001577-1-1_Jeong_lane1T3xiTRU1A25	CW	1	40	complex	2110	dup_h1	2010	7.08095327734639	0.445562422788161	0.0588235294117647
chr17	2400000	10400000	fastq0024_HPNE_T3	HCJY7AFX7_MIxT1XT3_24s001577-1-1_Jeong_lane1T3xiTRU1A27	WC	1	40	complex	2001	complex	1002	35.0677840562043	5.54517744447956	0.0588235294117647
chr17	2400000	10400000	fastq0024_HPNE_T3	HCJY7AFX7_MIxT1XT3_24s001577-1-1_Jeong_lane1T3xiTRU1A40	CC	1	40	dup_h2	1020	complex	0030	5.58319298587929	1.1175070992484	0.0882352941176471
chr17	2400000	10400000	fastq0024_HPNE_T3	HCJY7AFX7_MIxT1XT3_24s001577-1-1_Jeong_lane1T3xiTRU1A55	WW	1	40	del_h2	1000	ref_hom	1010	13.8566539641075	13.8566539641075	0.0294117647058824
chr17	2400000	10400000	fastq0024_HPNE_T3	HCJY7AFX7_MIxT1XT3_24s001577-1-1_Jeong_lane1T3xiTRU1A64	WW	1	40	dup_h2	1020	dup_h1	2010	7.05890464492767	2.0897216952111	0.0882352941176471
chr17	2400000	10400000	fastq0024_HPNE_T3	HCJY7AFX7_MIxT1XT3_24s001577-1-1_Jeong_lane1T3xiTRU1A79	CC	1	40	dup_h2	1020	dup_h1	2010	5.04923808117694	0.0102801535312578	0.0882352941176471
chr17	10400000	16800000	fastq0024_HPNE_T3	HCJY7AFX7_MIxT1XT3_24s001577-1-1_Jeong_lane1T3xiTRU1A27	WC	1	32	inv_h2	1001	complex	1002	43.3760131048825	9.65589909397027	0.0294117647058824
chr17	10400000	16800000	fastq0024_HPNE_T3	HCJY7AFX7_MIxT1XT3_24s001577-1-1_Jeong_lane1T3xiTRU1A55	WW	1	32	del_h2	1000	ref_hom	1010	13.8522699777409	13.8522699777409	0.0588235294117647
chr17	10400000	16800000	fastq0024_HPNE_T3	HCJY7AFX7_MIxT1XT3_24s001577-1-1_Jeong_lane1T3xiTRU1A80	CC	1	32	del_h2	1000	ref_hom	1010	5.60967074207238	5.60967074207238	0.0588235294117647
chr17	16800000	18400000	fastq0024_HPNE_T3	HCJY7AFX7_MIxT1XT3_24s001577-1-1_Jeong_lane1T3xiTRU1A02	CC	1	8	inv_h2	1001	idup_h2	1011	15.0703095461522	3.84605067542297	0.647058823529412
chr17	16800000	18400000	fastq0024_HPNE_T3	HCJY7AFX7_MIxT1XT3_24s001577-1-1_Jeong_lane1T3xiTRU1A08	WC	1	8	complex	2000	complex	3000	18.2268639225694	1.5847686005113	0.0882352941176471
chr17	16800000	18400000	fastq0024_HPNE_T3	HCJY7AFX7_MIxT1XT3_24s001577-1-1_Jeong_lane1T3xiTRU1A10	CW	1	8	inv_h2	1001	complex	1002	32.3989883981437	3.15606858013971	0.647058823529412
chr17	16800000	18400000	fastq0024_HPNE_T3	HCJY7AFX7_MIxT1XT3_24s001577-1-1_Jeong_lane1T3xiTRU1A16	CC	1	8	idup_h1	1110	inv_h1	0110	12.5501779019787	2.95022114156016	0.0588235294117647
chr17	16800000	18400000	fastq0024_HPNE_T3	HCJY7AFX7_MIxT1XT3_24s001577-1-1_Jeong_lane1T3xiTRU1A20	CW	1	8	inv_h2	1001	complex	2000	20.5428147038148	2.09381473207707	0.647058823529412
chr17	16800000	18400000	fastq0024_HPNE_T3	HCJY7AFX7_MIxT1XT3_24s001577-1-1_Jeong_lane1T3xiTRU1A21	WC	1	8	inv_h2	1001	complex	2001	18.8683511113576	3.68347398364118	0.647058823529412
chr17	16800000	18400000	fastq0024_HPNE_T3	HCJY7AFX7_MIxT1XT3_24s001577-1-1_Jeong_lane1T3xiTRU1A25	CW	1	8	complex	3000	complex	4000	10.45235048206	0.679846648412211	0.0882352941176471
chr17	16800000	18400000	fastq0024_HPNE_T3	HCJY7AFX7_MIxT1XT3_24s001577-1-1_Jeong_lane1T3xiTRU1A34	WW	1	8	inv_h2	1001	complex	1100	25.8712818368155	6.05622732784284	0.647058823529412
chr17	16800000	18400000	fastq0024_HPNE_T3	HCJY7AFX7_MIxT1XT3_24s001577-1-1_Jeong_lane1T3xiTRU1A35	WC	1	8	inv_h2	1001	complex	2001	26.4715538045331	4.00838880350457	0.647058823529412
chr17	16800000	18400000	fastq0024_HPNE_T3	HCJY7AFX7_MIxT1XT3_24s001577-1-1_Jeong_lane1T3xiTRU1A37	CC	1	8	inv_h1	0110	idup_h1	1110	9.76665369792914	1.63375146922745	0.0588235294117647
chr17	16800000	18400000	fastq0024_HPNE_T3	HCJY7AFX7_MIxT1XT3_24s001577-1-1_Jeong_lane1T3xiTRU1A40	CC	1	8	idup_h1	1110	idup_h2	1011	5.91268802523718	0.022687811540548	0.0588235294117647
chr17	16800000	18400000	fastq0024_HPNE_T3	HCJY7AFX7_MIxT1XT3_24s001577-1-1_Jeong_lane1T3xiTRU1A41	CC	1	8	inv_h2	1001	idup_h1	1110	8.11048183520107	0.775655317415	0.647058823529412
chr17	16800000	18400000	fastq0024_HPNE_T3	HCJY7AFX7_MIxT1XT3_24s001577-1-1_Jeong_lane1T3xiTRU1A42	CW	1	8	complex	0003	inv_h2	1001	34.9662112673814	0.534852622720781	0.0882352941176471
chr17	16800000	18400000	fastq0024_HPNE_T3	HCJY7AFX7_MIxT1XT3_24s001577-1-1_Jeong_lane1T3xiTRU1A43	CW	1	8	inv_h2	1001	complex	3000	10.5566109936233	2.74778182012808	0.647058823529412
chr17	16800000	18400000	fastq0024_HPNE_T3	HCJY7AFX7_MIxT1XT3_24s001577-1-1_Jeong_lane1T3xiTRU1A44	WW	1	8	inv_h2	1001	complex	1002	18.6725885335171	3.5792086101888	0.647058823529412
chr17	16800000	18400000	fastq0024_HPNE_T3	HCJY7AFX7_MIxT1XT3_24s001577-1-1_Jeong_lane1T3xiTRU1A48	WW	1	8	inv_h2	1001	idup_h1	1110	10.3813256275699	1.62525457493061	0.647058823529412
chr17	16800000	18400000	fastq0024_HPNE_T3	HCJY7AFX7_MIxT1XT3_24s001577-1-1_Jeong_lane1T3xiTRU1A50	CW	1	8	inv_h2	1001	complex	0002	26.4886674651178	3.44926180141922	0.647058823529412
chr17	16800000	18400000	fastq0024_HPNE_T3	HCJY7AFX7_MIxT1XT3_24s001577-1-1_Jeong_lane1T3xiTRU1A55	WW	1	8	del_h2	1000	del_h1	0010	4.62056658334529	0.0215034127403828	0.0294117647058824
chr17	16800000	18400000	fastq0024_HPNE_T3	HCJY7AFX7_MIxT1XT3_24s001577-1-1_Jeong_lane1T3xiTRU1A57	WW	1	8	inv_h2	1001	inv_h1	0110	12.3586472552164	1.78479457117912	0.647058823529412
chr17	16800000	18400000	fastq0024_HPNE_T3	HCJY7AFX7_MIxT1XT3_24s001577-1-1_Jeong_lane1T3xiTRU1A63	WC	1	8	inv_h2	1001	complex	2001	20.5137136232637	4.63455564278761	0.647058823529412
chr17	16800000	18400000	fastq0024_HPNE_T3	HCJY7AFX7_MIxT1XT3_24s001577-1-1_Jeong_lane1T3xiTRU1A64	WW	1	8	inv_h2	1001	idup_h1	1110	19.4204225745351	3.8920172237454	0.647058823529412
chr17	16800000	18400000	fastq0024_HPNE_T3	HCJY7AFX7_MIxT1XT3_24s001577-1-1_Jeong_lane1T3xiTRU1A65	CC	1	8	inv_h1	0110	idup_h1	1110	17.8504170919403	2.94572654888119	0.0588235294117647
chr17	16800000	18400000	fastq0024_HPNE_T3	HCJY7AFX7_MIxT1XT3_24s001577-1-1_Jeong_lane1T3xiTRU1A66	CW	1	8	inv_h2	1001	complex	2001	9.8804051246688	2.67365558715934	0.647058823529412
chr17	16800000	18400000	fastq0024_HPNE_T3	HCJY7AFX7_MIxT1XT3_24s001577-1-1_Jeong_lane1T3xiTRU1A67	CW	1	8	inv_h2	1001	complex	0002	26.5296126202604	3.4492618396067	0.647058823529412
chr17	16800000	18400000	fastq0024_HPNE_T3	HCJY7AFX7_MIxT1XT3_24s001577-1-1_Jeong_lane1T3xiTRU1A75	CW	1	8	inv_h2	1001	complex	2000	20.5142373705932	4.77228143371064	0.647058823529412
chr17	16800000	18400000	fastq0024_HPNE_T3	HCJY7AFX7_MIxT1XT3_24s001577-1-1_Jeong_lane1T3xiTRU1A76	WC	1	8	inv_h2	1001	complex	3000	13.4580509375927	1.66494599880821	0.647058823529412
chr17	16800000	18400000	fastq0024_HPNE_T3	HCJY7AFX7_MIxT1XT3_24s001577-1-1_Jeong_lane1T3xiTRU1A78	CW	1	8	inv_h2	1001	complex	2000	20.3822421625627	2.09381474147748	0.647058823529412
chr17	16800000	18400000	fastq0024_HPNE_T3	HCJY7AFX7_MIxT1XT3_24s001577-1-1_Jeong_lane1T3xiTRU1A79	CC	1	8	inv_h2	1001	idup_h2	1011	19.071526277442	2.55425075488791	0.647058823529412
chr17	16800000	18400000	fastq0024_HPNE_T3	HCJY7AFX7_MIxT1XT3_24s001577-1-1_Jeong_lane1T3xiTRU1A83	CC	1	8	inv_h2	1001	idup_h1	1110	16.1708792228719	5.1992140344557	0.647058823529412
chr17	16800000	18400000	fastq0024_HPNE_T3	HCJY7AFX7_MIxT1XT3_24s001577-1-1_Jeong_lane1T3xiTRU1A92	WC	1	8	inv_h2	1001	complex	2000	20.5480182865159	2.09381473784777	0.647058823529412
chr17	18400000	18600000	fastq0024_HPNE_T3	HCJY7AFX7_MIxT1XT3_24s001577-1-1_Jeong_lane1T3xiTRU1A80	CC	1	1	del_hom	0000	del_h1	0010	6.19062033440369	3.48493957420065	0.0294117647058824
chr17	18600000	22600000	fastq0024_HPNE_T3	HCJY7AFX7_MIxT1XT3_24s001577-1-1_Jeong_lane1T3xiTRU1A05	WC	1	16	complex	0011	idup_h2	1011	8.68561601163864	4.74321769033778	0.0588235294117647
chr17	18600000	22600000	fastq0024_HPNE_T3	HCJY7AFX7_MIxT1XT3_24s001577-1-1_Jeong_lane1T3xiTRU1A21	WC	1	16	idup_h2	1011	ref_hom	1010	5.10548464812046	5.10548464812046	0.0294117647058824
chr17	18600000	22600000	fastq0024_HPNE_T3	HCJY7AFX7_MIxT1XT3_24s001577-1-1_Jeong_lane1T3xiTRU1A25	CW	1	16	complex	1100	idup_h1	1110	5.68989919642094	1.46889749726894	0.0588235294117647
chr17	18600000	22600000	fastq0024_HPNE_T3	HCJY7AFX7_MIxT1XT3_24s001577-1-1_Jeong_lane1T3xiTRU1A27	WC	1	16	inv_h2	1001	complex	2001	20.8935934569843	3.96264411874168	0.0294117647058824
chr17	18600000	22600000	fastq0024_HPNE_T3	HCJY7AFX7_MIxT1XT3_24s001577-1-1_Jeong_lane1T3xiTRU1A80	CC	1	16	del_h2	1000	ref_hom	1010	7.85561013019267	7.85561013019267	0.0294117647058824
chr17	27000000	35400000	fastq0024_HPNE_T3	HCJY7AFX7_MIxT1XT3_24s001577-1-1_Jeong_lane1T3xiTRU1A25	CW	1	42	idup_h1	1110	complex	2110	10.4167744475099	6.8266649481893	0.0294117647058824
chr17	27000000	35400000	fastq0024_HPNE_T3	HCJY7AFX7_MIxT1XT3_24s001577-1-1_Jeong_lane1T3xiTRU1A39	CW	1	42	inv_hom	0101	complex	1100	11.0167845407037	4.60514211005372	0.0294117647058824
chr17	35400000	38400000	fastq0024_HPNE_T3	HCJY7AFX7_MIxT1XT3_24s001577-1-1_Jeong_lane1T3xiTRU1A05	WC	1	13	inv_hom	0101	complex	0102	22.3769714561915	5.63228429027753	0.0294117647058824
chr17	38400000	40600000	fastq0024_HPNE_T3	HCJY7AFX7_MIxT1XT3_24s001577-1-1_Jeong_lane1T3xiTRU1A25	CW	1	11	dup_hom	2020	dup_h1	2010	6.99309121145979	2.86121390854734	0.0294117647058824
chr17	38400000	40600000	fastq0024_HPNE_T3	HCJY7AFX7_MIxT1XT3_24s001577-1-1_Jeong_lane1T3xiTRU1A50	CW	1	11	inv_hom	0101	ref_hom	1010	4.36572113210959	4.36572113210959	0.0294117647058824
chr17	38400000	40600000	fastq0024_HPNE_T3	HCJY7AFX7_MIxT1XT3_24s001577-1-1_Jeong_lane1T3xiTRU1A80	CC	1	11	idup_h1	1110	dup_h1	2010	4.15595909379485	4.00154356555173	0.0294117647058824
chr17	41400000	44000000	fastq0024_HPNE_T3	HCJY7AFX7_MIxT1XT3_24s001577-1-1_Jeong_lane1T3xiTRU1A02	CC	1	13	dup_h2	1020	dup_hom	2020	7.20516876397454	0.849795631690373	0.147058823529412
chr17	41400000	44000000	fastq0024_HPNE_T3	HCJY7AFX7_MIxT1XT3_24s001577-1-1_Jeong_lane1T3xiTRU1A05	WC	1	13	idup_h1	1110	dup_h2	1020	9.3123548862781	1.12375327311661	0.0294117647058824
chr17	41400000	44000000	fastq0024_HPNE_T3	HCJY7AFX7_MIxT1XT3_24s001577-1-1_Jeong_lane1T3xiTRU1A20	CW	1	13	dup_h2	1020	idup_h1	1110	12.5942305045987	4.8514507620101	0.147058823529412
chr17	41400000	44000000	fastq0024_HPNE_T3	HCJY7AFX7_MIxT1XT3_24s001577-1-1_Jeong_lane1T3xiTRU1A21	WC	1	13	dup_h1	2010	dup_hom	2020	4.37645561724281	1.49908310080864	0.0588235294117647
chr17	41400000	44000000	fastq0024_HPNE_T3	HCJY7AFX7_MIxT1XT3_24s001577-1-1_Jeong_lane1T3xiTRU1A39	CW	1	13	idup_h2	1011	dup_h1	2010	5.44340552996824	2.28138892418966	0.0294117647058824
chr17	41400000	44000000	fastq0024_HPNE_T3	HCJY7AFX7_MIxT1XT3_24s001577-1-1_Jeong_lane1T3xiTRU1A40	CC	1	13	dup_h2	1020	dup_h1	2010	4.38159680872151	2.79297105479392	0.147058823529412
chr17	41400000	44000000	fastq0024_HPNE_T3	HCJY7AFX7_MIxT1XT3_24s001577-1-1_Jeong_lane1T3xiTRU1A50	CW	1	13	dup_h2	1020	complex	0111	7.31047240987997	0.701089288721239	0.147058823529412
chr17	41400000	44000000	fastq0024_HPNE_T3	HCJY7AFX7_MIxT1XT3_24s001577-1-1_Jeong_lane1T3xiTRU1A63	WC	1	13	dup_h1	2010	dup_hom	2020	9.65876881810245	4.4121168198651	0.0588235294117647
chr17	41400000	44000000	fastq0024_HPNE_T3	HCJY7AFX7_MIxT1XT3_24s001577-1-1_Jeong_lane1T3xiTRU1A75	CW	1	13	inv_hom	0101	complex	0011	10.2867946609397	4.6051657205248	0.0294117647058824
chr17	41400000	44000000	fastq0024_HPNE_T3	HCJY7AFX7_MIxT1XT3_24s001577-1-1_Jeong_lane1T3xiTRU1A92	WC	1	13	dup_h2	1020	dup_hom	2020	15.891868844532	6.67102087933649	0.147058823529412
chr17	44000000	45800000	fastq0024_HPNE_T3	HCJY7AFX7_MIxT1XT3_24s001577-1-1_Jeong_lane1T3xiTRU1A02	CC	1	8	dup_h1	2010	dup_hom	2020	4.97268786730821	0.332111741413425	0.117647058823529
chr17	44000000	45800000	fastq0024_HPNE_T3	HCJY7AFX7_MIxT1XT3_24s001577-1-1_Jeong_lane1T3xiTRU1A05	WC	1	8	dup_h2	1020	dup_hom	2020	6.61252536033495	2.34317713813785	0.117647058823529
chr17	44000000	45800000	fastq0024_HPNE_T3	HCJY7AFX7_MIxT1XT3_24s001577-1-1_Jeong_lane1T3xiTRU1A20	CW	1	8	dup_h2	1020	dup_hom	2020	7.22722771407993	4.33852941099975	0.117647058823529
chr17	44000000	45800000	fastq0024_HPNE_T3	HCJY7AFX7_MIxT1XT3_24s001577-1-1_Jeong_lane1T3xiTRU1A21	WC	1	8	dup_h1	2010	idup_h2	1011	4.32465020686321	2.30984407903551	0.117647058823529
chr17	44000000	45800000	fastq0024_HPNE_T3	HCJY7AFX7_MIxT1XT3_24s001577-1-1_Jeong_lane1T3xiTRU1A25	CW	1	8	dup_hom	2020	dup_h1	2010	4.41696027718365	0.616983096080799	0.0294117647058824
chr17	44000000	45800000	fastq0024_HPNE_T3	HCJY7AFX7_MIxT1XT3_24s001577-1-1_Jeong_lane1T3xiTRU1A48	WC	1	8	dup_h1	2010	dup_hom	2020	7.10226221693492	1.7524420738773	0.117647058823529
chr17	44000000	45800000	fastq0024_HPNE_T3	HCJY7AFX7_MIxT1XT3_24s001577-1-1_Jeong_lane1T3xiTRU1A50	CW	1	8	dup_h2	1020	idup_h1	1110	4.95813640100095	2.1648337780176	0.117647058823529
chr17	44000000	45800000	fastq0024_HPNE_T3	HCJY7AFX7_MIxT1XT3_24s001577-1-1_Jeong_lane1T3xiTRU1A63	WC	1	8	idup_h2	1011	dup_h1	2010	8.24624096695512	2.39288923326389	0.0294117647058824
chr17	44000000	45800000	fastq0024_HPNE_T3	HCJY7AFX7_MIxT1XT3_24s001577-1-1_Jeong_lane1T3xiTRU1A83	CW	1	8	dup_h1	2010	dup_hom	2020	6.12853189643858	1.99438448581542	0.117647058823529
chr17	44000000	45800000	fastq0024_HPNE_T3	HCJY7AFX7_MIxT1XT3_24s001577-1-1_Jeong_lane1T3xiTRU1A92	WC	1	8	dup_h2	1020	idup_h1	1110	12.6694535776053	3.48608605582237	0.117647058823529
chr17	46800000	51800000	fastq0024_HPNE_T3	HCJY7AFX7_MIxT1XT3_24s001577-1-1_Jeong_lane1T3xiTRU1A02	CC	1	25	dup_h2	1020	dup_h1	2010	11.8302667200544	3.57394488659762	0.205882352941176
chr17	46800000	51800000	fastq0024_HPNE_T3	HCJY7AFX7_MIxT1XT3_24s001577-1-1_Jeong_lane1T3xiTRU1A05	WC	1	25	dup_h2	1020	complex	1030	14.612919968616	6.29914792594743	0.205882352941176
chr17	46800000	51800000	fastq0024_HPNE_T3	HCJY7AFX7_MIxT1XT3_24s001577-1-1_Jeong_lane1T3xiTRU1A10	CW	1	25	complex	0011	idup_h2	1011	12.3287529442075	0.656248617474692	0.0294117647058824
chr17	46800000	51800000	fastq0024_HPNE_T3	HCJY7AFX7_MIxT1XT3_24s001577-1-1_Jeong_lane1T3xiTRU1A20	CW	1	25	dup_h2	1020	idup_h1	1110	14.8901422343536	4.2288146103065	0.205882352941176
chr17	46800000	51800000	fastq0024_HPNE_T3	HCJY7AFX7_MIxT1XT3_24s001577-1-1_Jeong_lane1T3xiTRU1A21	WC	1	25	idup_h2	1011	complex	2011	21.3880337272906	8.8218085686216	0.0294117647058824
chr17	46800000	51800000	fastq0024_HPNE_T3	HCJY7AFX7_MIxT1XT3_24s001577-1-1_Jeong_lane1T3xiTRU1A34	WW	1	25	dup_h2	1020	dup_h1	2010	12.4878292929973	5.65338642827746	0.205882352941176
chr17	46800000	51800000	fastq0024_HPNE_T3	HCJY7AFX7_MIxT1XT3_24s001577-1-1_Jeong_lane1T3xiTRU1A39	CW	1	25	inv_hom	0101	complex	1100	7.94672180422115	4.60516589014971	0.0294117647058824
chr17	46800000	51800000	fastq0024_HPNE_T3	HCJY7AFX7_MIxT1XT3_24s001577-1-1_Jeong_lane1T3xiTRU1A43	CW	1	25	dup_h2	1020	dup_hom	2020	6.77040283372068	5.35128475037505	0.205882352941176
chr17	46800000	51800000	fastq0024_HPNE_T3	HCJY7AFX7_MIxT1XT3_24s001577-1-1_Jeong_lane1T3xiTRU1A48	WC	1	25	dup_h1	2010	complex	3010	19.1079519565005	6.67872047281932	0.117647058823529
chr17	46800000	51800000	fastq0024_HPNE_T3	HCJY7AFX7_MIxT1XT3_24s001577-1-1_Jeong_lane1T3xiTRU1A50	CW	1	25	dup_h2	1020	idup_h1	1110	13.1625733939569	4.37515929814534	0.205882352941176
chr17	46800000	51800000	fastq0024_HPNE_T3	HCJY7AFX7_MIxT1XT3_24s001577-1-1_Jeong_lane1T3xiTRU1A63	WC	1	25	dup_h1	2010	complex	3010	21.5671314983497	9.71897175818137	0.117647058823529
chr17	46800000	51800000	fastq0024_HPNE_T3	HCJY7AFX7_MIxT1XT3_24s001577-1-1_Jeong_lane1T3xiTRU1A80	CC	1	25	dup_h1	2010	complex	3000	5.20252199942036	0.0500401495588303	0.117647058823529
chr17	46800000	51800000	fastq0024_HPNE_T3	HCJY7AFX7_MIxT1XT3_24s001577-1-1_Jeong_lane1T3xiTRU1A83	CW	1	25	dup_h1	2010	idup_h2	1011	17.2915865391156	5.58562100298474	0.117647058823529
chr17	46800000	51800000	fastq0024_HPNE_T3	HCJY7AFX7_MIxT1XT3_24s001577-1-1_Jeong_lane1T3xiTRU1A92	WC	1	25	dup_h2	1020	complex	1030	19.6038384041538	13.5637735236759	0.205882352941176
chr17	51800000	56600000	fastq0024_HPNE_T3	HCJY7AFX7_MIxT1XT3_24s001577-1-1_Jeong_lane1T3xiTRU1A20	CW	1	24	dup_h2	1020	idup_h1	1110	8.88609271856613	4.05758492316669	0.117647058823529
chr17	51800000	56600000	fastq0024_HPNE_T3	HCJY7AFX7_MIxT1XT3_24s001577-1-1_Jeong_lane1T3xiTRU1A34	WW	1	24	dup_h2	1020	dup_h1	2010	10.9286742936758	9.21197852573908	0.117647058823529
chr17	51800000	56600000	fastq0024_HPNE_T3	HCJY7AFX7_MIxT1XT3_24s001577-1-1_Jeong_lane1T3xiTRU1A50	CW	1	24	dup_h2	1020	idup_h1	1110	6.42891905028131	2.76885368727472	0.117647058823529
chr17	51800000	56600000	fastq0024_HPNE_T3	HCJY7AFX7_MIxT1XT3_24s001577-1-1_Jeong_lane1T3xiTRU1A63	WC	1	24	dup_h1	2010	complex	2100	13.6101890495871	4.65729358608243	0.0294117647058824
chr17	51800000	56600000	fastq0024_HPNE_T3	HCJY7AFX7_MIxT1XT3_24s001577-1-1_Jeong_lane1T3xiTRU1A92	WC	1	24	dup_h2	1020	complex	0021	21.9100492431921	10.6176206088163	0.117647058823529
chr17	56600000	58800000	fastq0024_HPNE_T3	HCJY7AFX7_MIxT1XT3_24s001577-1-1_Jeong_lane1T3xiTRU1A02	CC	1	11	dup_h2	1020	dup_h1	2010	4.46523638351945	2.76517534883645	0.176470588235294
chr17	56600000	58800000	fastq0024_HPNE_T3	HCJY7AFX7_MIxT1XT3_24s001577-1-1_Jeong_lane1T3xiTRU1A05	WC	1	11	dup_h2	1020	complex	1030	8.03185248878908	3.8862154398115	0.176470588235294
chr17	56600000	58800000	fastq0024_HPNE_T3	HCJY7AFX7_MIxT1XT3_24s001577-1-1_Jeong_lane1T3xiTRU1A20	CW	1	11	dup_h2	1020	dup_hom	2020	4.89133209899502	3.04407358202569	0.176470588235294
chr17	56600000	58800000	fastq0024_HPNE_T3	HCJY7AFX7_MIxT1XT3_24s001577-1-1_Jeong_lane1T3xiTRU1A21	WC	1	11	dup_h1	2010	dup_hom	2020	4.7167539176131	2.49543063905095	0.0882352941176471
chr17	56600000	58800000	fastq0024_HPNE_T3	HCJY7AFX7_MIxT1XT3_24s001577-1-1_Jeong_lane1T3xiTRU1A34	WW	1	11	dup_h1	2010	dup_h2	1020	4.93489816589228	0.00741337340333281	0.0882352941176471
chr17	56600000	58800000	fastq0024_HPNE_T3	HCJY7AFX7_MIxT1XT3_24s001577-1-1_Jeong_lane1T3xiTRU1A39	CW	1	11	complex	2200	idup_h1	1110	8.36604825634392	0.657422717689654	0.0294117647058824
chr17	56600000	58800000	fastq0024_HPNE_T3	HCJY7AFX7_MIxT1XT3_24s001577-1-1_Jeong_lane1T3xiTRU1A43	CW	1	11	dup_h2	1020	dup_hom	2020	4.03262998980076	1.15776413574164	0.176470588235294
chr17	56600000	58800000	fastq0024_HPNE_T3	HCJY7AFX7_MIxT1XT3_24s001577-1-1_Jeong_lane1T3xiTRU1A48	WC	1	11	dup_h1	2010	dup_hom	2020	6.33497550408541	4.48754094891532	0.0882352941176471
chr17	56600000	58800000	fastq0024_HPNE_T3	HCJY7AFX7_MIxT1XT3_24s001577-1-1_Jeong_lane1T3xiTRU1A50	CW	1	11	dup_h2	1020	complex	0021	6.88195292344229	3.65781817139686	0.176470588235294
chr17	56600000	58800000	fastq0024_HPNE_T3	HCJY7AFX7_MIxT1XT3_24s001577-1-1_Jeong_lane1T3xiTRU1A63	WC	1	11	idup_h2	1011	dup_h1	2010	10.3167373627252	2.59767961148891	0.0294117647058824
chr17	56600000	58800000	fastq0024_HPNE_T3	HCJY7AFX7_MIxT1XT3_24s001577-1-1_Jeong_lane1T3xiTRU1A92	WC	1	11	dup_h2	1020	complex	1030	16.3649826348603	5.6197201417893	0.176470588235294
chr17	58800000	60800000	fastq0024_HPNE_T3	HCJY7AFX7_MIxT1XT3_24s001577-1-1_Jeong_lane1T3xiTRU1A20	CW	1	10	dup_h1	2010	idup_h2	1011	10.524881689531	3.24164868542003	0.0882352941176471
chr17	58800000	60800000	fastq0024_HPNE_T3	HCJY7AFX7_MIxT1XT3_24s001577-1-1_Jeong_lane1T3xiTRU1A21	WC	1	10	idup_h2	1011	complex	0012	5.2600748399886	3.27784233300568	0.0294117647058824
chr17	58800000	60800000	fastq0024_HPNE_T3	HCJY7AFX7_MIxT1XT3_24s001577-1-1_Jeong_lane1T3xiTRU1A34	WW	1	10	dup_h2	1020	dup_h1	2010	7.22857548372025	2.8660291647442	0.117647058823529
chr17	58800000	60800000	fastq0024_HPNE_T3	HCJY7AFX7_MIxT1XT3_24s001577-1-1_Jeong_lane1T3xiTRU1A48	WC	1	10	dup_h1	2010	idup_h2	1011	4.64672671313215	3.27416972739281	0.0882352941176471
chr17	58800000	60800000	fastq0024_HPNE_T3	HCJY7AFX7_MIxT1XT3_24s001577-1-1_Jeong_lane1T3xiTRU1A50	CW	1	10	dup_h2	1020	idup_h1	1110	4.71195409301438	2.18725516562998	0.117647058823529
chr17	58800000	60800000	fastq0024_HPNE_T3	HCJY7AFX7_MIxT1XT3_24s001577-1-1_Jeong_lane1T3xiTRU1A63	WC	1	10	dup_h1	2010	dup_hom	2020	4.63224716007168	2.16373954523649	0.0882352941176471
chr17	58800000	60800000	fastq0024_HPNE_T3	HCJY7AFX7_MIxT1XT3_24s001577-1-1_Jeong_lane1T3xiTRU1A83	CW	1	10	dup_h2	1020	idup_h1	1110	7.62575393998826	5.60420950600456	0.117647058823529
chr17	58800000	60800000	fastq0024_HPNE_T3	HCJY7AFX7_MIxT1XT3_24s001577-1-1_Jeong_lane1T3xiTRU1A92	WC	1	10	dup_h2	1020	complex	1030	14.750724501305	8.94709778158565	0.117647058823529
chr17	61200000	63000000	fastq0024_HPNE_T3	HCJY7AFX7_MIxT1XT3_24s001577-1-1_Jeong_lane1T3xiTRU1A20	CW	1	9	dup_h1	2010	idup_h2	1011	5.07368014978524	1.75136256881597	0.0294117647058824
chr17	61200000	63000000	fastq0024_HPNE_T3	HCJY7AFX7_MIxT1XT3_24s001577-1-1_Jeong_lane1T3xiTRU1A27	WC	1	9	inv_hom	0101	idup_h2	1011	6.76971318060833	4.53269573334089	0.0294117647058824
chr17	61200000	63000000	fastq0024_HPNE_T3	HCJY7AFX7_MIxT1XT3_24s001577-1-1_Jeong_lane1T3xiTRU1A83	CW	1	9	dup_h2	1020	idup_h1	1110	5.27377561239556	2.73133121178214	0.0588235294117647
chr17	61200000	63000000	fastq0024_HPNE_T3	HCJY7AFX7_MIxT1XT3_24s001577-1-1_Jeong_lane1T3xiTRU1A92	WC	1	9	dup_h2	1020	idup_h1	1110	4.7573595320572	1.26373424667001	0.0588235294117647
chr17	63400000	65600000	fastq0024_HPNE_T3	HCJY7AFX7_MIxT1XT3_24s001577-1-1_Jeong_lane1T3xiTRU1A02	CC	1	11	dup_h1	2010	dup_h2	1020	4.12560733974402	1.38303247401541	0.147058823529412
chr17	63400000	65600000	fastq0024_HPNE_T3	HCJY7AFX7_MIxT1XT3_24s001577-1-1_Jeong_lane1T3xiTRU1A05	WC	1	11	complex	0121	complex	0211	6.43914036620381	1.14734888256862e-11	0.0294117647058824
chr17	63400000	65600000	fastq0024_HPNE_T3	HCJY7AFX7_MIxT1XT3_24s001577-1-1_Jeong_lane1T3xiTRU1A20	CW	1	11	dup_h1	2010	idup_h2	1011	11.4591325272873	6.02580686122565	0.147058823529412
chr17	63400000	65600000	fastq0024_HPNE_T3	HCJY7AFX7_MIxT1XT3_24s001577-1-1_Jeong_lane1T3xiTRU1A21	WC	1	11	dup_h1	2010	idup_h2	1011	5.79720366512818	4.67203354176634	0.147058823529412
chr17	63400000	65600000	fastq0024_HPNE_T3	HCJY7AFX7_MIxT1XT3_24s001577-1-1_Jeong_lane1T3xiTRU1A34	WW	1	11	dup_h2	1020	dup_h1	2010	4.268555198208	2.77585060934426	0.117647058823529
chr17	63400000	65600000	fastq0024_HPNE_T3	HCJY7AFX7_MIxT1XT3_24s001577-1-1_Jeong_lane1T3xiTRU1A43	CW	1	11	dup_h2	1020	idup_h1	1110	4.67434314374521	3.30076955265151	0.117647058823529
chr17	63400000	65600000	fastq0024_HPNE_T3	HCJY7AFX7_MIxT1XT3_24s001577-1-1_Jeong_lane1T3xiTRU1A48	WC	1	11	dup_h1	2010	dup_hom	2020	6.70620076995608	3.94872127726481	0.147058823529412
chr17	63400000	65600000	fastq0024_HPNE_T3	HCJY7AFX7_MIxT1XT3_24s001577-1-1_Jeong_lane1T3xiTRU1A63	WC	1	11	dup_h1	2010	idup_h2	1011	8.48627909283204	4.63951250003524	0.147058823529412
chr17	63400000	65600000	fastq0024_HPNE_T3	HCJY7AFX7_MIxT1XT3_24s001577-1-1_Jeong_lane1T3xiTRU1A83	CW	1	11	dup_h2	1020	dup_hom	2020	6.59078108133031	2.48106609698369	0.117647058823529
chr17	63400000	65600000	fastq0024_HPNE_T3	HCJY7AFX7_MIxT1XT3_24s001577-1-1_Jeong_lane1T3xiTRU1A92	WC	1	11	dup_h2	1020	dup_hom	2020	11.7595642213708	1.43981888201597	0.117647058823529
chr17	66200000	68600000	fastq0024_HPNE_T3	HCJY7AFX7_MIxT1XT3_24s001577-1-1_Jeong_lane1T3xiTRU1A02	CC	1	12	dup_h2	1020	dup_h1	2010	5.3385628906789	2.85506168001534	0.147058823529412
chr17	66200000	68600000	fastq0024_HPNE_T3	HCJY7AFX7_MIxT1XT3_24s001577-1-1_Jeong_lane1T3xiTRU1A05	WC	1	12	dup_h2	1020	dup_hom	2020	7.2422901917534	5.558707698407	0.147058823529412
chr17	66200000	68600000	fastq0024_HPNE_T3	HCJY7AFX7_MIxT1XT3_24s001577-1-1_Jeong_lane1T3xiTRU1A20	CW	1	12	dup_h1	2010	idup_h2	1011	11.8225754669382	1.10697263857601	0.0882352941176471
chr17	66200000	68600000	fastq0024_HPNE_T3	HCJY7AFX7_MIxT1XT3_24s001577-1-1_Jeong_lane1T3xiTRU1A34	WW	1	12	dup_h1	2010	dup_h2	1020	7.69508454585852	2.69011576446422	0.0882352941176471
chr17	66200000	68600000	fastq0024_HPNE_T3	HCJY7AFX7_MIxT1XT3_24s001577-1-1_Jeong_lane1T3xiTRU1A43	CW	1	12	idup_h1	1110	inv_hom	0101	5.09329289974466	1.07163379881996	0.0294117647058824
chr17	66200000	68600000	fastq0024_HPNE_T3	HCJY7AFX7_MIxT1XT3_24s001577-1-1_Jeong_lane1T3xiTRU1A50	CW	1	12	dup_h2	1020	idup_h1	1110	6.08214199561214	2.1237016143037	0.147058823529412
chr17	66200000	68600000	fastq0024_HPNE_T3	HCJY7AFX7_MIxT1XT3_24s001577-1-1_Jeong_lane1T3xiTRU1A63	WC	1	12	dup_h1	2010	dup_hom	2020	11.2853985088966	7.69121799081578	0.0882352941176471
chr17	66200000	68600000	fastq0024_HPNE_T3	HCJY7AFX7_MIxT1XT3_24s001577-1-1_Jeong_lane1T3xiTRU1A83	CW	1	12	dup_h2	1020	dup_hom	2020	8.32079469533341	4.36196089303547	0.147058823529412
chr17	66200000	68600000	fastq0024_HPNE_T3	HCJY7AFX7_MIxT1XT3_24s001577-1-1_Jeong_lane1T3xiTRU1A92	WC	1	12	dup_h2	1020	complex	1030	22.2537920585102	6.71597171758035	0.147058823529412
chr17	68600000	72000000	fastq0024_HPNE_T3	HCJY7AFX7_MIxT1XT3_24s001577-1-1_Jeong_lane1T3xiTRU1A43	CW	1	17	idup_h1	1110	dup_h2	1020	4.93034645854037	4.45715942965311	0.0294117647058824
chr17	68600000	72000000	fastq0024_HPNE_T3	HCJY7AFX7_MIxT1XT3_24s001577-1-1_Jeong_lane1T3xiTRU1A67	CW	1	17	complex	0011	ref_hom	1010	5.77370027428926	5.77370027428926	0.0294117647058824
chr17	68600000	72000000	fastq0024_HPNE_T3	HCJY7AFX7_MIxT1XT3_24s001577-1-1_Jeong_lane1T3xiTRU1A92	WC	1	17	dup_h2	1020	ref_hom	1010	10.0928106863738	10.0928106863738	0.0294117647058824
chr17	72000000	74800000	fastq0024_HPNE_T3	HCJY7AFX7_MIxT1XT3_24s001577-1-1_Jeong_lane1T3xiTRU1A02	CC	1	14	dup_h2	1020	dup_hom	2020	8.59161767451684	0.95971699861014	0.205882352941176
chr17	72000000	74800000	fastq0024_HPNE_T3	HCJY7AFX7_MIxT1XT3_24s001577-1-1_Jeong_lane1T3xiTRU1A05	WC	1	14	dup_hom	2020	dup_h2	1020	10.0866859857284	2.59469204129301	0.0294117647058824
chr17	72000000	74800000	fastq0024_HPNE_T3	HCJY7AFX7_MIxT1XT3_24s001577-1-1_Jeong_lane1T3xiTRU1A20	CW	1	14	idup_h1	1110	complex	1120	23.689125898111	3.39716170465416	0.0294117647058824
chr17	72000000	74800000	fastq0024_HPNE_T3	HCJY7AFX7_MIxT1XT3_24s001577-1-1_Jeong_lane1T3xiTRU1A21	WC	1	14	dup_h1	2010	dup_hom	2020	7.44281077540183	3.27202452789871	0.0882352941176471
chr17	72000000	74800000	fastq0024_HPNE_T3	HCJY7AFX7_MIxT1XT3_24s001577-1-1_Jeong_lane1T3xiTRU1A34	WW	1	14	complex	0030	dup_h2	1020	6.30253388615384	0.587602617293612	0.0294117647058824
chr17	72000000	74800000	fastq0024_HPNE_T3	HCJY7AFX7_MIxT1XT3_24s001577-1-1_Jeong_lane1T3xiTRU1A37	CC	1	14	dup_h1	2010	complex	3000	4.59819889794105	2.39472471828514	0.0882352941176471
chr17	72000000	74800000	fastq0024_HPNE_T3	HCJY7AFX7_MIxT1XT3_24s001577-1-1_Jeong_lane1T3xiTRU1A39	CW	1	14	idup_h2	1011	complex	1021	14.4471402527515	1.87937486004435	0.0294117647058824
chr17	72000000	74800000	fastq0024_HPNE_T3	HCJY7AFX7_MIxT1XT3_24s001577-1-1_Jeong_lane1T3xiTRU1A43	CW	1	14	dup_h2	1020	dup_hom	2020	4.55204066753956	1.98821814046039	0.205882352941176
chr17	72000000	74800000	fastq0024_HPNE_T3	HCJY7AFX7_MIxT1XT3_24s001577-1-1_Jeong_lane1T3xiTRU1A48	WC	1	14	dup_h2	1020	dup_hom	2020	8.15145975165141	3.67193865623123	0.205882352941176
chr17	72000000	74800000	fastq0024_HPNE_T3	HCJY7AFX7_MIxT1XT3_24s001577-1-1_Jeong_lane1T3xiTRU1A50	CW	1	14	dup_h2	1020	dup_hom	2020	7.28424606153245	4.59589621521084	0.205882352941176
chr17	72000000	74800000	fastq0024_HPNE_T3	HCJY7AFX7_MIxT1XT3_24s001577-1-1_Jeong_lane1T3xiTRU1A63	WC	1	14	dup_h1	2010	complex	3010	13.2485884045287	7.81961973404197	0.0882352941176471
chr17	72000000	74800000	fastq0024_HPNE_T3	HCJY7AFX7_MIxT1XT3_24s001577-1-1_Jeong_lane1T3xiTRU1A79	CC	1	14	dup_h2	1020	dup_hom	2020	5.83759033529465	4.18219925006366	0.205882352941176
chr17	72000000	74800000	fastq0024_HPNE_T3	HCJY7AFX7_MIxT1XT3_24s001577-1-1_Jeong_lane1T3xiTRU1A83	CW	1	14	dup_h2	1020	dup_hom	2020	10.4998827878002	2.33809161771413	0.205882352941176
chr17	72000000	74800000	fastq0024_HPNE_T3	HCJY7AFX7_MIxT1XT3_24s001577-1-1_Jeong_lane1T3xiTRU1A92	WC	1	14	dup_h2	1020	dup_hom	2020	17.7677523013253	5.71634374435084	0.205882352941176
chr17	74800000	83257441	fastq0024_HPNE_T3	HCJY7AFX7_MIxT1XT3_24s001577-1-1_Jeong_lane1T3xiTRU1A02	CC	1	41	dup_hom	2020	dup_h2	1020	17.2966283157124	2.79968689161467	0.176470588235294
chr17	74800000	83257441	fastq0024_HPNE_T3	HCJY7AFX7_MIxT1XT3_24s001577-1-1_Jeong_lane1T3xiTRU1A05	WC	1	41	complex	1030	complex	1120	13.4063660967195	0.433098345325288	0.0588235294117647
chr17	74800000	83257441	fastq0024_HPNE_T3	HCJY7AFX7_MIxT1XT3_24s001577-1-1_Jeong_lane1T3xiTRU1A10	CW	1	41	dup_hom	2020	dup_h1	2010	6.98342161846129	1.30640005662323	0.176470588235294
chr17	74800000	83257441	fastq0024_HPNE_T3	HCJY7AFX7_MIxT1XT3_24s001577-1-1_Jeong_lane1T3xiTRU1A20	CW	1	41	dup_h2	1020	idup_h1	1110	18.4471806451405	3.07383762855233	0.323529411764706
chr17	74800000	83257441	fastq0024_HPNE_T3	HCJY7AFX7_MIxT1XT3_24s001577-1-1_Jeong_lane1T3xiTRU1A21	WC	1	41	dup_h1	2010	idup_h2	1011	18.3763137049819	5.15877415434392	0.0882352941176471
chr17	74800000	83257441	fastq0024_HPNE_T3	HCJY7AFX7_MIxT1XT3_24s001577-1-1_Jeong_lane1T3xiTRU1A25	CW	1	41	dup_hom	2020	complex	2110	16.3523209857195	4.66113306174371	0.176470588235294
chr17	74800000	83257441	fastq0024_HPNE_T3	HCJY7AFX7_MIxT1XT3_24s001577-1-1_Jeong_lane1T3xiTRU1A34	WW	1	41	dup_h2	1020	dup_h1	2010	10.4059525296249	0.0463405831936914	0.323529411764706
chr17	74800000	83257441	fastq0024_HPNE_T3	HCJY7AFX7_MIxT1XT3_24s001577-1-1_Jeong_lane1T3xiTRU1A37	CC	1	41	dup_h2	1020	dup_h1	2010	8.94884364764134	0.0463405831936909	0.323529411764706
chr17	74800000	83257441	fastq0024_HPNE_T3	HCJY7AFX7_MIxT1XT3_24s001577-1-1_Jeong_lane1T3xiTRU1A39	CW	1	41	dup_hom	2020	complex	2110	14.8575351836123	4.66113306073765	0.176470588235294
chr17	74800000	83257441	fastq0024_HPNE_T3	HCJY7AFX7_MIxT1XT3_24s001577-1-1_Jeong_lane1T3xiTRU1A40	CC	1	41	dup_h2	1020	dup_h1	2010	8.95108675896026	0.0463405831936909	0.323529411764706
chr17	74800000	83257441	fastq0024_HPNE_T3	HCJY7AFX7_MIxT1XT3_24s001577-1-1_Jeong_lane1T3xiTRU1A43	CW	1	41	dup_h2	1020	idup_h1	1110	16.9439512282646	3.07383762824602	0.323529411764706
chr17	74800000	83257441	fastq0024_HPNE_T3	HCJY7AFX7_MIxT1XT3_24s001577-1-1_Jeong_lane1T3xiTRU1A44	WW	1	41	dup_h2	1020	dup_h1	2010	7.02432006726185	0.0463405831936909	0.323529411764706
chr17	74800000	83257441	fastq0024_HPNE_T3	HCJY7AFX7_MIxT1XT3_24s001577-1-1_Jeong_lane1T3xiTRU1A48	WC	1	41	dup_h2	1020	idup_h1	1110	18.3792059629019	3.07383762834289	0.323529411764706
chr17	74800000	83257441	fastq0024_HPNE_T3	HCJY7AFX7_MIxT1XT3_24s001577-1-1_Jeong_lane1T3xiTRU1A50	CW	1	41	dup_h2	1020	idup_h1	1110	18.4451987507252	3.07383762856711	0.323529411764706
chr17	74800000	83257441	fastq0024_HPNE_T3	HCJY7AFX7_MIxT1XT3_24s001577-1-1_Jeong_lane1T3xiTRU1A63	WC	1	41	dup_h1	2010	idup_h2	1011	18.4038970708175	5.15877415441755	0.0882352941176471
chr17	74800000	83257441	fastq0024_HPNE_T3	HCJY7AFX7_MIxT1XT3_24s001577-1-1_Jeong_lane1T3xiTRU1A64	WC	1	41	dup_hom	2020	dup_h1	2010	5.46224947670587	0.48405864230503	0.176470588235294
chr17	74800000	83257441	fastq0024_HPNE_T3	HCJY7AFX7_MIxT1XT3_24s001577-1-1_Jeong_lane1T3xiTRU1A66	CW	1	41	dup_h1	2010	dup_hom	2020	4.47359765943566	2.24189763204073	0.0882352941176471
chr17	74800000	83257441	fastq0024_HPNE_T3	HCJY7AFX7_MIxT1XT3_24s001577-1-1_Jeong_lane1T3xiTRU1A76	WC	1	41	complex	3000	complex	2001	17.6844733341377	4.86276759294064	0.0588235294117647
chr17	74800000	83257441	fastq0024_HPNE_T3	HCJY7AFX7_MIxT1XT3_24s001577-1-1_Jeong_lane1T3xiTRU1A79	CC	1	41	dup_h2	1020	dup_h1	2010	11.0394429007048	0.0463405831936909	0.323529411764706
chr17	74800000	83257441	fastq0024_HPNE_T3	HCJY7AFX7_MIxT1XT3_24s001577-1-1_Jeong_lane1T3xiTRU1A80	CW	1	41	dup_hom	2020	dup_h1	2010	8.22413506990048	1.0619321385295	0.176470588235294
chr17	74800000	83257441	fastq0024_HPNE_T3	HCJY7AFX7_MIxT1XT3_24s001577-1-1_Jeong_lane1T3xiTRU1A83	CW	1	41	dup_h2	1020	idup_h1	1110	18.4218327694863	3.07383762847271	0.323529411764706
chr17	74800000	83257441	fastq0024_HPNE_T3	HCJY7AFX7_MIxT1XT3_24s001577-1-1_Jeong_lane1T3xiTRU1A92	WC	1	41	dup_h2	1020	idup_h1	1110	18.4542018408652	3.07383762857403	0.323529411764706
chr18	0	8400000	fastq0024_HPNE_T3	HCJY7AFX7_MIxT1XT3_24s001577-1-1_Jeong_lane1T3xiTRU1A02	WC	1	41	complex	0111	complex	0021	45.225449188932	14.2247971302552	0.147058823529412
chr18	0	8400000	fastq0024_HPNE_T3	HCJY7AFX7_MIxT1XT3_24s001577-1-1_Jeong_lane1T3xiTRU1A05	CW	1	41	idup_h2	1011	complex	0012	25.1527693456668	11.3111845470336	0.0882352941176471
chr18	0	8400000	fastq0024_HPNE_T3	HCJY7AFX7_MIxT1XT3_24s001577-1-1_Jeong_lane1T3xiTRU1A20	CC	1	41	dup_h1	2010	dup_h2	1020	17.4020800971561	15.1197234742726	0.117647058823529
chr18	0	8400000	fastq0024_HPNE_T3	HCJY7AFX7_MIxT1XT3_24s001577-1-1_Jeong_lane1T3xiTRU1A21	CW	1	41	dup_h1	2010	idup_h2	1011	14.5044332367683	9.35000816561547	0.117647058823529
chr18	0	8400000	fastq0024_HPNE_T3	HCJY7AFX7_MIxT1XT3_24s001577-1-1_Jeong_lane1T3xiTRU1A34	CW	1	41	idup_h1	1110	complex	1210	45.2724993228983	26.6486126922473	0.0588235294117647
chr18	0	8400000	fastq0024_HPNE_T3	HCJY7AFX7_MIxT1XT3_24s001577-1-1_Jeong_lane1T3xiTRU1A41	CC	1	41	complex	1100	inv_h2	1001	24.1591686763334	3.32802403449595	0.147058823529412
chr18	0	8400000	fastq0024_HPNE_T3	HCJY7AFX7_MIxT1XT3_24s001577-1-1_Jeong_lane1T3xiTRU1A43	WC	1	41	idup_h2	1011	dup_h1	2010	14.5221295826613	8.0805352478533	0.0882352941176471
chr18	0	8400000	fastq0024_HPNE_T3	HCJY7AFX7_MIxT1XT3_24s001577-1-1_Jeong_lane1T3xiTRU1A48	CC	1	41	dup_h1	2010	ref_hom	1010	4.02189981416413	4.02189981416413	0.117647058823529
chr18	0	8400000	fastq0024_HPNE_T3	HCJY7AFX7_MIxT1XT3_24s001577-1-1_Jeong_lane1T3xiTRU1A50	CW	1	41	complex	1101	complex	1102	49.8687450117807	7.82826247611957	0.147058823529412
chr18	0	8400000	fastq0024_HPNE_T3	HCJY7AFX7_MIxT1XT3_24s001577-1-1_Jeong_lane1T3xiTRU1A63	CW	1	41	complex	2100	dup_h1	2010	23.829864331968	4.36988714790544	0.147058823529412
chr18	0	8400000	fastq0024_HPNE_T3	HCJY7AFX7_MIxT1XT3_24s001577-1-1_Jeong_lane1T3xiTRU1A65	CW	1	41	complex	0011	idup_h2	1011	21.0838206889846	0.166555757740269	0.147058823529412
chr18	0	8400000	fastq0024_HPNE_T3	HCJY7AFX7_MIxT1XT3_24s001577-1-1_Jeong_lane1T3xiTRU1A78	WW	1	41	idup_h1	1110	complex	0111	9.89228317272683	2.99295872305753	0.0588235294117647
chr18	0	8400000	fastq0024_HPNE_T3	HCJY7AFX7_MIxT1XT3_24s001577-1-1_Jeong_lane1T3xiTRU1A83	WC	1	41	idup_h2	1011	dup_h1	2010	19.0983273305759	10.1762373103988	0.0882352941176471
chr18	0	8400000	fastq0024_HPNE_T3	HCJY7AFX7_MIxT1XT3_24s001577-1-1_Jeong_lane1T3xiTRU1A92	CW	1	41	dup_h1	2010	idup_h2	1011	18.4290183291117	1.79343580723847	0.117647058823529
chr18	8400000	14400000	fastq0024_HPNE_T3	HCJY7AFX7_MIxT1XT3_24s001577-1-1_Jeong_lane1T3xiTRU1A02	WC	1	30	dup_h2	1020	idup_h1	1110	15.6584762151929	3.68457045916518	0.0882352941176471
chr18	8400000	14400000	fastq0024_HPNE_T3	HCJY7AFX7_MIxT1XT3_24s001577-1-1_Jeong_lane1T3xiTRU1A05	CW	1	30	dup_h1	2010	idup_h2	1011	9.70850446339738	2.34262331402344	0.176470588235294
chr18	8400000	14400000	fastq0024_HPNE_T3	HCJY7AFX7_MIxT1XT3_24s001577-1-1_Jeong_lane1T3xiTRU1A20	CC	1	30	dup_h2	1020	dup_h1	2010	18.7346084797911	6.68053967057875	0.0882352941176471
chr18	8400000	14400000	fastq0024_HPNE_T3	HCJY7AFX7_MIxT1XT3_24s001577-1-1_Jeong_lane1T3xiTRU1A21	CW	1	30	dup_h1	2010	complex	3010	17.4694345034233	8.66762735163419	0.176470588235294
chr18	8400000	14400000	fastq0024_HPNE_T3	HCJY7AFX7_MIxT1XT3_24s001577-1-1_Jeong_lane1T3xiTRU1A34	CW	1	30	idup_h1	1110	dup_h2	1020	25.6219925087282	15.2727074735542	0.0294117647058824
chr18	8400000	14400000	fastq0024_HPNE_T3	HCJY7AFX7_MIxT1XT3_24s001577-1-1_Jeong_lane1T3xiTRU1A39	CW	1	30	dup_h1	2010	ref_hom	1010	5.08759884875654	5.08759884875654	0.176470588235294
chr18	8400000	14400000	fastq0024_HPNE_T3	HCJY7AFX7_MIxT1XT3_24s001577-1-1_Jeong_lane1T3xiTRU1A43	WC	1	30	idup_h2	1011	complex	2011	19.2931263410499	7.48116201170302	0.0588235294117647
chr18	8400000	14400000	fastq0024_HPNE_T3	HCJY7AFX7_MIxT1XT3_24s001577-1-1_Jeong_lane1T3xiTRU1A48	CC	1	30	dup_h2	1020	dup_h1	2010	7.70189084035904	1.1353622260992	0.0882352941176471
chr18	8400000	14400000	fastq0024_HPNE_T3	HCJY7AFX7_MIxT1XT3_24s001577-1-1_Jeong_lane1T3xiTRU1A50	CW	1	30	idup_h2	1011	complex	1102	34.7436999217102	1.36739350638388	0.0588235294117647
chr18	8400000	14400000	fastq0024_HPNE_T3	HCJY7AFX7_MIxT1XT3_24s001577-1-1_Jeong_lane1T3xiTRU1A63	CW	1	30	dup_h1	2010	idup_h2	1011	18.9444520845746	13.0915072647239	0.176470588235294
chr18	8400000	14400000	fastq0024_HPNE_T3	HCJY7AFX7_MIxT1XT3_24s001577-1-1_Jeong_lane1T3xiTRU1A83	WC	1	30	dup_h1	2010	dup_hom	2020	10.6811423388172	0.164471025344517	0.176470588235294
chr18	8400000	14400000	fastq0024_HPNE_T3	HCJY7AFX7_MIxT1XT3_24s001577-1-1_Jeong_lane1T3xiTRU1A92	CW	1	30	dup_h1	2010	complex	3010	21.1906393819642	17.2838030636585	0.176470588235294
chr18	21200000	22200000	fastq0024_HPNE_T3	HCJY7AFX7_MIxT1XT3_24s001577-1-1_Jeong_lane1T3xiTRU1A20	CC	1	5	dup_h2	1020	dup_hom	2020	5.85180452258465	1.72149230696563	0.0294117647058824
chr18	21200000	22200000	fastq0024_HPNE_T3	HCJY7AFX7_MIxT1XT3_24s001577-1-1_Jeong_lane1T3xiTRU1A50	CW	1	5	inv_h2	1001	complex	0003	17.2836374433167	0.508516880300268	0.0294117647058824
chr18	21200000	22200000	fastq0024_HPNE_T3	HCJY7AFX7_MIxT1XT3_24s001577-1-1_Jeong_lane1T3xiTRU1A63	CW	1	5	dup_h1	2010	idup_h2	1011	5.06012969724496	2.48706294224866	0.0882352941176471
chr18	21200000	22200000	fastq0024_HPNE_T3	HCJY7AFX7_MIxT1XT3_24s001577-1-1_Jeong_lane1T3xiTRU1A83	WC	1	5	dup_h1	2010	dup_hom	2020	4.48842635108926	0.87273015036468	0.0882352941176471
chr18	21200000	22200000	fastq0024_HPNE_T3	HCJY7AFX7_MIxT1XT3_24s001577-1-1_Jeong_lane1T3xiTRU1A92	CW	1	5	dup_h1	2010	dup_hom	2020	6.39470428890074	5.07375111286558	0.0882352941176471
chr18	22200000	27400000	fastq0024_HPNE_T3	HCJY7AFX7_MIxT1XT3_24s001577-1-1_Jeong_lane1T3xiTRU1A02	WC	1	26	dup_h2	1020	idup_h1	1110	12.2307350545318	5.06322889569976	0.0294117647058824
chr18	22200000	27400000	fastq0024_HPNE_T3	HCJY7AFX7_MIxT1XT3_24s001577-1-1_Jeong_lane1T3xiTRU1A05	CW	1	26	dup_h1	2010	idup_h2	1011	6.15532394810486	3.11637888508053	0.147058823529412
chr18	22200000	27400000	fastq0024_HPNE_T3	HCJY7AFX7_MIxT1XT3_24s001577-1-1_Jeong_lane1T3xiTRU1A20	CC	1	26	dup_h1	2010	dup_h2	1020	11.2032089295152	1.38830203420063	0.147058823529412
chr18	22200000	27400000	fastq0024_HPNE_T3	HCJY7AFX7_MIxT1XT3_24s001577-1-1_Jeong_lane1T3xiTRU1A21	CW	1	26	dup_h1	2010	complex	3010	15.5657299788752	6.8358041599459	0.147058823529412
chr18	22200000	27400000	fastq0024_HPNE_T3	HCJY7AFX7_MIxT1XT3_24s001577-1-1_Jeong_lane1T3xiTRU1A34	CW	1	26	idup_h1	1110	dup_h2	1020	29.1362711515949	16.3576878626877	0.0294117647058824
chr18	22200000	27400000	fastq0024_HPNE_T3	HCJY7AFX7_MIxT1XT3_24s001577-1-1_Jeong_lane1T3xiTRU1A43	WC	1	26	idup_h2	1011	dup_h1	2010	7.01808830948842	1.21686618711357	0.0294117647058824
chr18	22200000	27400000	fastq0024_HPNE_T3	HCJY7AFX7_MIxT1XT3_24s001577-1-1_Jeong_lane1T3xiTRU1A50	CW	1	26	complex	3000	complex	2001	15.3198558942307	4.8250273932177	0.0588235294117647
chr18	22200000	27400000	fastq0024_HPNE_T3	HCJY7AFX7_MIxT1XT3_24s001577-1-1_Jeong_lane1T3xiTRU1A63	CW	1	26	complex	2100	dup_h1	2010	18.0544806483604	1.01778328783336	0.0588235294117647
chr18	22200000	27400000	fastq0024_HPNE_T3	HCJY7AFX7_MIxT1XT3_24s001577-1-1_Jeong_lane1T3xiTRU1A83	WC	1	26	dup_h1	2010	idup_h2	1011	13.5709416700946	1.39311732654982	0.147058823529412
chr18	22200000	27400000	fastq0024_HPNE_T3	HCJY7AFX7_MIxT1XT3_24s001577-1-1_Jeong_lane1T3xiTRU1A92	CW	1	26	dup_h1	2010	idup_h2	1011	17.5948388514929	8.5019033857135	0.147058823529412
chr18	27400000	31200000	fastq0024_HPNE_T3	HCJY7AFX7_MIxT1XT3_24s001577-1-1_Jeong_lane1T3xiTRU1A02	WC	1	19	inv_hom	0101	complex	0201	9.61060787682911	5.0495734813329	0.0294117647058824
chr18	27400000	31200000	fastq0024_HPNE_T3	HCJY7AFX7_MIxT1XT3_24s001577-1-1_Jeong_lane1T3xiTRU1A34	CW	1	19	dup_h2	1020	idup_h1	1110	6.51537895106377	4.18286008704689	0.0294117647058824
chr18	27400000	31200000	fastq0024_HPNE_T3	HCJY7AFX7_MIxT1XT3_24s001577-1-1_Jeong_lane1T3xiTRU1A50	CW	1	19	inv_h2	1001	complex	0003	18.7102882562563	1.50818901756558	0.0294117647058824
chr18	31200000	32200000	fastq0024_HPNE_T3	HCJY7AFX7_MIxT1XT3_24s001577-1-1_Jeong_lane1T3xiTRU1A50	CW	1	5	inv_h2	1001	complex	0003	14.3838650535507	1.04786531657859	0.0294117647058824
chr18	31200000	32200000	fastq0024_HPNE_T3	HCJY7AFX7_MIxT1XT3_24s001577-1-1_Jeong_lane1T3xiTRU1A92	CW	1	5	dup_h1	2010	idup_h2	1011	5.26308064243065	3.43211663719244	0.0294117647058824
chr18	32200000	35000000	fastq0024_HPNE_T3	HCJY7AFX7_MIxT1XT3_24s001577-1-1_Jeong_lane1T3xiTRU1A34	CW	1	14	dup_h2	1020	idup_h1	1110	7.97304461467898	1.03404024763297	0.0294117647058824
chr18	32200000	35000000	fastq0024_HPNE_T3	HCJY7AFX7_MIxT1XT3_24s001577-1-1_Jeong_lane1T3xiTRU1A50	CW	1	14	complex	2000	complex	3000	17.0242605900087	0.555545882967635	0.0294117647058824
chr18	32200000	35000000	fastq0024_HPNE_T3	HCJY7AFX7_MIxT1XT3_24s001577-1-1_Jeong_lane1T3xiTRU1A83	WC	1	14	idup_h2	1011	complex	1101	11.0727557326672	7.49553922009865	0.0294117647058824
chr18	32200000	35000000	fastq0024_HPNE_T3	HCJY7AFX7_MIxT1XT3_24s001577-1-1_Jeong_lane1T3xiTRU1A92	CW	1	14	dup_h1	2010	ref_hom	1010	4.74510712124396	4.74510712124396	0.0294117647058824
chr18	35000000	38600000	fastq0024_HPNE_T3	HCJY7AFX7_MIxT1XT3_24s001577-1-1_Jeong_lane1T3xiTRU1A02	WC	1	16	idup_h1	1110	complex	1200	7.33995304061538	3.17855462811071	0.0294117647058824
chr18	35000000	38600000	fastq0024_HPNE_T3	HCJY7AFX7_MIxT1XT3_24s001577-1-1_Jeong_lane1T3xiTRU1A05	CW	1	16	idup_h2	1011	dup_h1	2010	4.23253201146201	1.39849510408577	0.0588235294117647
chr18	35000000	38600000	fastq0024_HPNE_T3	HCJY7AFX7_MIxT1XT3_24s001577-1-1_Jeong_lane1T3xiTRU1A20	CC	1	16	dup_h1	2010	dup_h2	1020	4.40759534565837	3.25265765709972	0.0882352941176471
chr18	35000000	38600000	fastq0024_HPNE_T3	HCJY7AFX7_MIxT1XT3_24s001577-1-1_Jeong_lane1T3xiTRU1A21	CW	1	16	dup_h1	2010	idup_h2	1011	5.22583324694759	3.33675924886139	0.0882352941176471
chr18	35000000	38600000	fastq0024_HPNE_T3	HCJY7AFX7_MIxT1XT3_24s001577-1-1_Jeong_lane1T3xiTRU1A34	CW	1	16	dup_h2	1020	idup_h1	1110	11.7174543285194	0.572412344994801	0.0294117647058824
chr18	35000000	38600000	fastq0024_HPNE_T3	HCJY7AFX7_MIxT1XT3_24s001577-1-1_Jeong_lane1T3xiTRU1A50	CW	1	16	complex	2001	complex	1002	23.7858958212267	2.77258872459856	0.0294117647058824
chr18	35000000	38600000	fastq0024_HPNE_T3	HCJY7AFX7_MIxT1XT3_24s001577-1-1_Jeong_lane1T3xiTRU1A63	CW	1	16	dup_h1	2010	idup_h2	1011	9.21989395066377	8.71933148482395	0.0882352941176471
chr18	35000000	38600000	fastq0024_HPNE_T3	HCJY7AFX7_MIxT1XT3_24s001577-1-1_Jeong_lane1T3xiTRU1A83	WC	1	16	idup_h2	1011	complex	0012	13.4556047249536	7.20440128024727	0.0588235294117647
chr18	38600000	44400000	fastq0024_HPNE_T3	HCJY7AFX7_MIxT1XT3_24s001577-1-1_Jeong_lane1T3xiTRU1A05	CW	1	29	idup_h2	1011	complex	0011	7.99871829358394	5.39736597240627	0.0588235294117647
chr18	38600000	44400000	fastq0024_HPNE_T3	HCJY7AFX7_MIxT1XT3_24s001577-1-1_Jeong_lane1T3xiTRU1A21	CW	1	29	dup_h1	2010	ref_hom	1010	8.01804059109151	8.01804059109151	0.0588235294117647
chr18	38600000	44400000	fastq0024_HPNE_T3	HCJY7AFX7_MIxT1XT3_24s001577-1-1_Jeong_lane1T3xiTRU1A34	CW	1	29	idup_h1	1110	complex	1200	33.5324728307823	15.9980233498308	0.0294117647058824
chr18	38600000	44400000	fastq0024_HPNE_T3	HCJY7AFX7_MIxT1XT3_24s001577-1-1_Jeong_lane1T3xiTRU1A50	CW	1	29	complex	2000	complex	3000	17.5921168848216	2.91205675471148	0.0294117647058824
chr18	38600000	44400000	fastq0024_HPNE_T3	HCJY7AFX7_MIxT1XT3_24s001577-1-1_Jeong_lane1T3xiTRU1A63	CW	1	29	dup_h1	2010	idup_h2	1011	5.23095914619164	0.852739252269748	0.0588235294117647
chr18	38600000	44400000	fastq0024_HPNE_T3	HCJY7AFX7_MIxT1XT3_24s001577-1-1_Jeong_lane1T3xiTRU1A83	WC	1	29	idup_h2	1011	ref_hom	1010	6.80955146515396	6.80955146515396	0.0588235294117647
chr18	38600000	44400000	fastq0024_HPNE_T3	HCJY7AFX7_MIxT1XT3_24s001577-1-1_Jeong_lane1T3xiTRU1A92	CW	1	29	dup_h2	1020	ref_hom	1010	16.161292121839	16.161292121839	0.0294117647058824
chr18	44400000	46200000	fastq0024_HPNE_T3	HCJY7AFX7_MIxT1XT3_24s001577-1-1_Jeong_lane1T3xiTRU1A02	WC	1	9	idup_h1	1110	dup_h2	1020	6.25848850409268	2.51680803725981	0.0294117647058824
chr18	44400000	46200000	fastq0024_HPNE_T3	HCJY7AFX7_MIxT1XT3_24s001577-1-1_Jeong_lane1T3xiTRU1A20	CC	1	9	dup_h2	1020	dup_h1	2010	5.2280043801135	1.36812636522916	0.0882352941176471
chr18	44400000	46200000	fastq0024_HPNE_T3	HCJY7AFX7_MIxT1XT3_24s001577-1-1_Jeong_lane1T3xiTRU1A21	CW	1	9	dup_h1	2010	idup_h2	1011	5.04450426872909	3.39244302547148	0.0882352941176471
chr18	44400000	46200000	fastq0024_HPNE_T3	HCJY7AFX7_MIxT1XT3_24s001577-1-1_Jeong_lane1T3xiTRU1A34	CW	1	9	dup_h2	1020	idup_h1	1110	9.69044432016583	1.54451192097794	0.0882352941176471
chr18	44400000	46200000	fastq0024_HPNE_T3	HCJY7AFX7_MIxT1XT3_24s001577-1-1_Jeong_lane1T3xiTRU1A50	CW	1	9	dup_h1	2010	idup_h2	1011	5.79479367225442	2.03866970659219	0.0882352941176471
chr18	44400000	46200000	fastq0024_HPNE_T3	HCJY7AFX7_MIxT1XT3_24s001577-1-1_Jeong_lane1T3xiTRU1A63	CW	1	9	dup_h1	2010	complex	2100	8.68797956212646	0.547012019843706	0.0882352941176471
chr18	44400000	46200000	fastq0024_HPNE_T3	HCJY7AFX7_MIxT1XT3_24s001577-1-1_Jeong_lane1T3xiTRU1A92	CW	1	9	dup_h2	1020	ref_hom	1010	5.11520300435982	5.11520300435982	0.0882352941176471
chr18	46200000	51800000	fastq0024_HPNE_T3	HCJY7AFX7_MIxT1XT3_24s001577-1-1_Jeong_lane1T3xiTRU1A02	WC	1	28	complex	1101	complex	2100	20.5634972188318	2.09274979769679	0.0588235294117647
chr18	46200000	51800000	fastq0024_HPNE_T3	HCJY7AFX7_MIxT1XT3_24s001577-1-1_Jeong_lane1T3xiTRU1A05	CW	1	28	dup_h2	1020	complex	1030	17.0159545174675	2.56796299359634	0.0588235294117647
chr18	46200000	51800000	fastq0024_HPNE_T3	HCJY7AFX7_MIxT1XT3_24s001577-1-1_Jeong_lane1T3xiTRU1A20	CC	1	28	dup_h1	2010	dup_h2	1020	10.1565624789337	3.25451555429882	0.117647058823529
chr18	46200000	51800000	fastq0024_HPNE_T3	HCJY7AFX7_MIxT1XT3_24s001577-1-1_Jeong_lane1T3xiTRU1A21	CW	1	28	dup_h1	2010	idup_h2	1011	13.4353477889885	9.49328466183217	0.117647058823529
chr18	46200000	51800000	fastq0024_HPNE_T3	HCJY7AFX7_MIxT1XT3_24s001577-1-1_Jeong_lane1T3xiTRU1A34	CW	1	28	idup_h1	1110	dup_h2	1020	19.1694660745037	6.84864676321354	0.0294117647058824
chr18	46200000	51800000	fastq0024_HPNE_T3	HCJY7AFX7_MIxT1XT3_24s001577-1-1_Jeong_lane1T3xiTRU1A43	WC	1	28	complex	1101	idup_h2	1011	9.63867944709705	1.49165776705233	0.0588235294117647
chr18	46200000	51800000	fastq0024_HPNE_T3	HCJY7AFX7_MIxT1XT3_24s001577-1-1_Jeong_lane1T3xiTRU1A48	CC	1	28	dup_h1	2010	dup_h2	1020	5.4952126004051	0.481926832059034	0.117647058823529
chr18	46200000	51800000	fastq0024_HPNE_T3	HCJY7AFX7_MIxT1XT3_24s001577-1-1_Jeong_lane1T3xiTRU1A50	CW	1	28	idup_h2	1011	complex	1101	14.4816634596018	1.50407462852856	0.0294117647058824
chr18	46200000	51800000	fastq0024_HPNE_T3	HCJY7AFX7_MIxT1XT3_24s001577-1-1_Jeong_lane1T3xiTRU1A83	WC	1	28	dup_h1	2010	complex	3010	16.2693061596007	9.52455546833913	0.117647058823529
chr18	46200000	51800000	fastq0024_HPNE_T3	HCJY7AFX7_MIxT1XT3_24s001577-1-1_Jeong_lane1T3xiTRU1A92	CW	1	28	dup_h2	1020	complex	1030	19.6155011318614	16.595074382153	0.0588235294117647
chr18	51800000	53200000	fastq0024_HPNE_T3	HCJY7AFX7_MIxT1XT3_24s001577-1-1_Jeong_lane1T3xiTRU1A34	CW	1	7	idup_h1	1110	complex	1200	17.3459972052129	6.05069786874096	0.0294117647058824
chr18	53200000	57000000	fastq0024_HPNE_T3	HCJY7AFX7_MIxT1XT3_24s001577-1-1_Jeong_lane1T3xiTRU1A21	CW	1	19	dup_h1	2010	idup_h2	1011	6.23952436264873	2.90593925160996	0.0588235294117647
chr18	53200000	57000000	fastq0024_HPNE_T3	HCJY7AFX7_MIxT1XT3_24s001577-1-1_Jeong_lane1T3xiTRU1A34	CW	1	19	idup_h1	1110	dup_h2	1020	10.6247965673163	3.13299842534832	0.0294117647058824
chr18	53200000	57000000	fastq0024_HPNE_T3	HCJY7AFX7_MIxT1XT3_24s001577-1-1_Jeong_lane1T3xiTRU1A50	CW	1	19	dup_h1	2010	idup_h2	1011	4.61697449372166	1.55216593224147	0.0588235294117647
chr18	53200000	57000000	fastq0024_HPNE_T3	HCJY7AFX7_MIxT1XT3_24s001577-1-1_Jeong_lane1T3xiTRU1A92	CW	1	19	dup_h2	1020	idup_h1	1110	12.3566680203122	5.63105484399945	0.0294117647058824
chr18	57000000	60000000	fastq0024_HPNE_T3	HCJY7AFX7_MIxT1XT3_24s001577-1-1_Jeong_lane1T3xiTRU1A02	WC	1	15	idup_h2	1011	complex	0012	14.3836667408642	7.85925727855145	0.0588235294117647
chr18	57000000	60000000	fastq0024_HPNE_T3	HCJY7AFX7_MIxT1XT3_24s001577-1-1_Jeong_lane1T3xiTRU1A05	CW	1	15	dup_h2	1020	dup_hom	2020	9.88326228081512	3.51343952001429	0.0588235294117647
chr18	57000000	60000000	fastq0024_HPNE_T3	HCJY7AFX7_MIxT1XT3_24s001577-1-1_Jeong_lane1T3xiTRU1A20	WC	1	15	idup_h1	1110	dup_h2	1020	8.63913287602709	0.532638813571367	0.0588235294117647
chr18	57000000	60000000	fastq0024_HPNE_T3	HCJY7AFX7_MIxT1XT3_24s001577-1-1_Jeong_lane1T3xiTRU1A21	CW	1	15	dup_h1	2010	dup_hom	2020	6.08509975385806	3.63442633298639	0.117647058823529
chr18	57000000	60000000	fastq0024_HPNE_T3	HCJY7AFX7_MIxT1XT3_24s001577-1-1_Jeong_lane1T3xiTRU1A34	CW	1	15	idup_h1	1110	dup_h2	1020	15.0887541668315	7.8290951174385	0.0588235294117647
chr18	57000000	60000000	fastq0024_HPNE_T3	HCJY7AFX7_MIxT1XT3_24s001577-1-1_Jeong_lane1T3xiTRU1A43	WC	1	15	dup_h1	2010	idup_h2	1011	4.54988258640829	2.37874056933569	0.117647058823529
chr18	57000000	60000000	fastq0024_HPNE_T3	HCJY7AFX7_MIxT1XT3_24s001577-1-1_Jeong_lane1T3xiTRU1A50	CW	1	15	dup_h1	2010	idup_h2	1011	6.27012253570662	2.37874056972759	0.117647058823529
chr18	57000000	60000000	fastq0024_HPNE_T3	HCJY7AFX7_MIxT1XT3_24s001577-1-1_Jeong_lane1T3xiTRU1A63	CC	1	15	dup_h1	2010	dup_h2	1020	4.87158271997321	0.945599780508616	0.117647058823529
chr18	57000000	60000000	fastq0024_HPNE_T3	HCJY7AFX7_MIxT1XT3_24s001577-1-1_Jeong_lane1T3xiTRU1A83	WC	1	15	idup_h2	1011	dup_h1	2010	7.5551120994317	3.77532918599035	0.0588235294117647
chr18	57000000	60000000	fastq0024_HPNE_T3	HCJY7AFX7_MIxT1XT3_24s001577-1-1_Jeong_lane1T3xiTRU1A92	CW	1	15	dup_h2	1020	complex	1030	18.6790390396481	11.0171099202732	0.0588235294117647
chr18	60000000	61400000	fastq0024_HPNE_T3	HCJY7AFX7_MIxT1XT3_24s001577-1-1_Jeong_lane1T3xiTRU1A20	WC	1	7	idup_h1	1110	complex	1200	4.54665107275886	2.50384862175339	0.0294117647058824
chr18	61400000	63600000	fastq0024_HPNE_T3	HCJY7AFX7_MIxT1XT3_24s001577-1-1_Jeong_lane1T3xiTRU1A05	CW	1	11	dup_h2	1020	ref_hom	1010	5.08811505011176	5.08811505011176	0.0882352941176471
chr18	61400000	63600000	fastq0024_HPNE_T3	HCJY7AFX7_MIxT1XT3_24s001577-1-1_Jeong_lane1T3xiTRU1A20	WC	1	11	dup_h2	1020	idup_h1	1110	10.5475286901659	7.22084971359613	0.0882352941176471
chr18	61400000	63600000	fastq0024_HPNE_T3	HCJY7AFX7_MIxT1XT3_24s001577-1-1_Jeong_lane1T3xiTRU1A34	CW	1	11	idup_h1	1110	dup_h2	1020	6.44075054478171	2.81567427071725	0.0294117647058824
chr18	61400000	63600000	fastq0024_HPNE_T3	HCJY7AFX7_MIxT1XT3_24s001577-1-1_Jeong_lane1T3xiTRU1A50	CW	1	11	dup_h1	2010	ref_hom	1010	4.04356664594737	4.04356664594737	0.0294117647058824
chr18	61400000	63600000	fastq0024_HPNE_T3	HCJY7AFX7_MIxT1XT3_24s001577-1-1_Jeong_lane1T3xiTRU1A83	WC	1	11	idup_h2	1011	complex	0012	8.01808100457547	7.91381009774342	0.0294117647058824
chr18	61400000	63600000	fastq0024_HPNE_T3	HCJY7AFX7_MIxT1XT3_24s001577-1-1_Jeong_lane1T3xiTRU1A92	CW	1	11	dup_h2	1020	idup_h1	1110	13.3219910661293	8.57462303303118	0.0882352941176471
chr18	63600000	69800000	fastq0024_HPNE_T3	HCJY7AFX7_MIxT1XT3_24s001577-1-1_Jeong_lane1T3xiTRU1A02	WC	1	31	dup_h1	2010	idup_h2	1011	7.08003217422367	3.49361468049082	0.0588235294117647
chr18	63600000	69800000	fastq0024_HPNE_T3	HCJY7AFX7_MIxT1XT3_24s001577-1-1_Jeong_lane1T3xiTRU1A34	CW	1	31	idup_h1	1110	complex	1200	22.6619218947097	7.84876692153887	0.0294117647058824
chr18	63600000	69800000	fastq0024_HPNE_T3	HCJY7AFX7_MIxT1XT3_24s001577-1-1_Jeong_lane1T3xiTRU1A50	CW	1	31	dup_h1	2010	idup_h2	1011	4.66282846736447	1.44669418055087	0.0588235294117647
chr18	63600000	69800000	fastq0024_HPNE_T3	HCJY7AFX7_MIxT1XT3_24s001577-1-1_Jeong_lane1T3xiTRU1A83	WC	1	31	idup_h2	1011	dup_h1	2010	7.66941910039392	4.69111505439856	0.0294117647058824
chr18	63600000	69800000	fastq0024_HPNE_T3	HCJY7AFX7_MIxT1XT3_24s001577-1-1_Jeong_lane1T3xiTRU1A92	CW	1	31	dup_h2	1020	ref_hom	1010	8.33832104915138	8.33832104915138	0.0294117647058824
chr18	69800000	70800000	fastq0024_HPNE_T3	HCJY7AFX7_MIxT1XT3_24s001577-1-1_Jeong_lane1T3xiTRU1A08	CW	1	5	inv_hom	0101	idup_h1	1110	8.9377265457246	1.72650535373835	0.0294117647058824
chr18	69800000	70800000	fastq0024_HPNE_T3	HCJY7AFX7_MIxT1XT3_24s001577-1-1_Jeong_lane1T3xiTRU1A20	WC	1	5	dup_h2	1020	ref_hom	1010	4.63498708641202	4.63498708641202	0.0588235294117647
chr18	69800000	70800000	fastq0024_HPNE_T3	HCJY7AFX7_MIxT1XT3_24s001577-1-1_Jeong_lane1T3xiTRU1A50	CW	1	5	dup_h1	2010	ref_hom	1010	4.05155973010898	4.05155973010898	0.0294117647058824
chr18	69800000	70800000	fastq0024_HPNE_T3	HCJY7AFX7_MIxT1XT3_24s001577-1-1_Jeong_lane1T3xiTRU1A92	CW	1	5	dup_h2	1020	complex	1030	8.60645670140905	6.73406390860395	0.0588235294117647
chr18	70800000	73800000	fastq0024_HPNE_T3	HCJY7AFX7_MIxT1XT3_24s001577-1-1_Jeong_lane1T3xiTRU1A20	WC	1	15	dup_h2	1020	ref_hom	1010	5.63269155282326	5.63269155282326	0.0294117647058824
chr18	70800000	73800000	fastq0024_HPNE_T3	HCJY7AFX7_MIxT1XT3_24s001577-1-1_Jeong_lane1T3xiTRU1A34	CW	1	15	idup_h1	1110	complex	0201	16.2157619746436	1.79226185626315	0.0294117647058824
chr18	70800000	73800000	fastq0024_HPNE_T3	HCJY7AFX7_MIxT1XT3_24s001577-1-1_Jeong_lane1T3xiTRU1A83	WC	1	15	idup_h2	1011	ref_hom	1010	6.40133995451614	6.40133995451614	0.0294117647058824
chr18	73800000	76600000	fastq0024_HPNE_T3	HCJY7AFX7_MIxT1XT3_24s001577-1-1_Jeong_lane1T3xiTRU1A02	WC	1	14	dup_h1	2010	idup_h2	1011	4.09111460424152	0.934647742393794	0.0882352941176471
chr18	73800000	76600000	fastq0024_HPNE_T3	HCJY7AFX7_MIxT1XT3_24s001577-1-1_Jeong_lane1T3xiTRU1A05	CW	1	14	dup_h2	1020	ref_hom	1010	5.03633206181967	5.03633206181967	0.0588235294117647
chr18	73800000	76600000	fastq0024_HPNE_T3	HCJY7AFX7_MIxT1XT3_24s001577-1-1_Jeong_lane1T3xiTRU1A20	WC	1	14	dup_h2	1020	idup_h1	1110	6.15989218070175	5.21137530077848	0.0588235294117647
chr18	73800000	76600000	fastq0024_HPNE_T3	HCJY7AFX7_MIxT1XT3_24s001577-1-1_Jeong_lane1T3xiTRU1A21	CW	1	14	dup_h1	2010	idup_h2	1011	6.34682611318429	6.31721997809895	0.0882352941176471
chr18	73800000	76600000	fastq0024_HPNE_T3	HCJY7AFX7_MIxT1XT3_24s001577-1-1_Jeong_lane1T3xiTRU1A34	CW	1	14	idup_h1	1110	dup_h2	1020	8.04874985935225	0.828870808944039	0.0588235294117647
chr18	73800000	76600000	fastq0024_HPNE_T3	HCJY7AFX7_MIxT1XT3_24s001577-1-1_Jeong_lane1T3xiTRU1A50	CW	1	14	idup_h2	1011	dup_h1	2010	8.22551452571006	3.70304348535037	0.0294117647058824
chr18	73800000	76600000	fastq0024_HPNE_T3	HCJY7AFX7_MIxT1XT3_24s001577-1-1_Jeong_lane1T3xiTRU1A83	WC	1	14	dup_h1	2010	idup_h2	1011	7.74335317802151	3.60967333939066	0.0882352941176471
chr18	73800000	76600000	fastq0024_HPNE_T3	HCJY7AFX7_MIxT1XT3_24s001577-1-1_Jeong_lane1T3xiTRU1A92	CW	1	14	idup_h1	1110	dup_h2	1020	12.4521233829692	0.861391850689943	0.0588235294117647
chr18	76600000	80373285	fastq0024_HPNE_T3	HCJY7AFX7_MIxT1XT3_24s001577-1-1_Jeong_lane1T3xiTRU1A02	WC	1	18	dup_h1	2010	idup_h2	1011	9.57049161765233	1.55284231452957	0.235294117647059
chr18	76600000	80373285	fastq0024_HPNE_T3	HCJY7AFX7_MIxT1XT3_24s001577-1-1_Jeong_lane1T3xiTRU1A05	CW	1	18	dup_h2	1020	idup_h1	1110	9.61692021327893	2.31555974639122	0.117647058823529
chr18	76600000	80373285	fastq0024_HPNE_T3	HCJY7AFX7_MIxT1XT3_24s001577-1-1_Jeong_lane1T3xiTRU1A08	CW	1	18	complex	0020	inv_h1	0110	13.2673597484608	0.782905881540446	0.0294117647058824
chr18	76600000	80373285	fastq0024_HPNE_T3	HCJY7AFX7_MIxT1XT3_24s001577-1-1_Jeong_lane1T3xiTRU1A20	WC	1	18	dup_h2	1020	idup_h1	1110	16.726427767122	2.31555974892161	0.117647058823529
chr18	76600000	80373285	fastq0024_HPNE_T3	HCJY7AFX7_MIxT1XT3_24s001577-1-1_Jeong_lane1T3xiTRU1A21	CW	1	18	dup_h1	2010	idup_h2	1011	9.60703779395441	1.55284231436494	0.235294117647059
chr18	76600000	80373285	fastq0024_HPNE_T3	HCJY7AFX7_MIxT1XT3_24s001577-1-1_Jeong_lane1T3xiTRU1A34	CW	1	18	dup_h2	1020	idup_h1	1110	7.5422362163793	2.31555974894357	0.117647058823529
chr18	76600000	80373285	fastq0024_HPNE_T3	HCJY7AFX7_MIxT1XT3_24s001577-1-1_Jeong_lane1T3xiTRU1A39	CW	1	18	dup_h1	2010	idup_h2	1011	4.42804029207063	1.55284231151491	0.235294117647059
chr18	76600000	80373285	fastq0024_HPNE_T3	HCJY7AFX7_MIxT1XT3_24s001577-1-1_Jeong_lane1T3xiTRU1A43	WC	1	18	dup_h1	2010	idup_h2	1011	4.51841721457856	1.55284231425824	0.235294117647059
chr18	76600000	80373285	fastq0024_HPNE_T3	HCJY7AFX7_MIxT1XT3_24s001577-1-1_Jeong_lane1T3xiTRU1A48	CC	1	18	dup_h1	2010	dup_h2	1020	4.5425783114142	0.151917899067103	0.235294117647059
chr18	76600000	80373285	fastq0024_HPNE_T3	HCJY7AFX7_MIxT1XT3_24s001577-1-1_Jeong_lane1T3xiTRU1A50	CW	1	18	dup_h1	2010	idup_h2	1011	9.26051199211544	1.55284231458512	0.235294117647059
chr18	76600000	80373285	fastq0024_HPNE_T3	HCJY7AFX7_MIxT1XT3_24s001577-1-1_Jeong_lane1T3xiTRU1A63	CC	1	18	dup_h1	2010	dup_h2	1020	8.30023775592032	0.151917899067103	0.235294117647059
chr18	76600000	80373285	fastq0024_HPNE_T3	HCJY7AFX7_MIxT1XT3_24s001577-1-1_Jeong_lane1T3xiTRU1A83	WC	1	18	dup_h1	2010	idup_h2	1011	11.6712637760166	1.55284231457561	0.235294117647059
chr18	76600000	80373285	fastq0024_HPNE_T3	HCJY7AFX7_MIxT1XT3_24s001577-1-1_Jeong_lane1T3xiTRU1A92	CW	1	18	dup_h2	1020	idup_h1	1110	17.1447327257939	2.31555974894319	0.117647058823529
chr19	0	3600000	fastq0024_HPNE_T3	HCJY7AFX7_MIxT1XT3_24s001577-1-1_Jeong_lane1T3xiTRU1A05	CW	1	17	inv_h1	0110	complex	0120	21.0372582302023	1.15727636763298	0.0294117647058824
chr19	0	3600000	fastq0024_HPNE_T3	HCJY7AFX7_MIxT1XT3_24s001577-1-1_Jeong_lane1T3xiTRU1A10	CC	1	17	dup_h2	1020	dup_h1	2010	5.50983057641155	0.700507406436286	0.0588235294117647
chr19	0	3600000	fastq0024_HPNE_T3	HCJY7AFX7_MIxT1XT3_24s001577-1-1_Jeong_lane1T3xiTRU1A39	WC	1	17	dup_hom	2020	dup_h1	2010	10.3303188135436	5.19241094931804	0.0294117647058824
chr19	0	3600000	fastq0024_HPNE_T3	HCJY7AFX7_MIxT1XT3_24s001577-1-1_Jeong_lane1T3xiTRU1A55	WW	1	17	inv_h2	1001	complex	0011	20.6658311479776	3.25556156470286	0.0294117647058824
chr19	0	3600000	fastq0024_HPNE_T3	HCJY7AFX7_MIxT1XT3_24s001577-1-1_Jeong_lane1T3xiTRU1A79	WW	1	17	dup_h1	2010	dup_h2	1020	4.51042285875249	3.45837567692339	0.0294117647058824
chr19	0	3600000	fastq0024_HPNE_T3	HCJY7AFX7_MIxT1XT3_24s001577-1-1_Jeong_lane1T3xiTRU1A80	WW	1	17	dup_h2	1020	dup_h1	2010	5.72463489460336	2.77994894811612	0.0588235294117647
chr19	3600000	8800000	fastq0024_HPNE_T3	HCJY7AFX7_MIxT1XT3_24s001577-1-1_Jeong_lane1T3xiTRU1A05	CW	1	26	dup_hom	2020	dup_h2	1020	5.99616050014544	2.1325834762462	0.0588235294117647
chr19	3600000	8800000	fastq0024_HPNE_T3	HCJY7AFX7_MIxT1XT3_24s001577-1-1_Jeong_lane1T3xiTRU1A10	CC	1	26	dup_h1	2010	dup_h2	1020	11.5489732168906	4.84712013439869	0.147058823529412
chr19	3600000	8800000	fastq0024_HPNE_T3	HCJY7AFX7_MIxT1XT3_24s001577-1-1_Jeong_lane1T3xiTRU1A25	CC	1	26	dup_h1	2010	complex	3000	11.9946741217875	1.50025250809896	0.147058823529412
chr19	3600000	8800000	fastq0024_HPNE_T3	HCJY7AFX7_MIxT1XT3_24s001577-1-1_Jeong_lane1T3xiTRU1A37	CC	1	26	dup_h2	1020	complex	0030	6.52693029925591	2.28409567624481	0.0882352941176471
chr19	3600000	8800000	fastq0024_HPNE_T3	HCJY7AFX7_MIxT1XT3_24s001577-1-1_Jeong_lane1T3xiTRU1A39	WC	1	26	dup_hom	2020	dup_h1	2010	13.4612770030061	4.68534506028824	0.0588235294117647
chr19	3600000	8800000	fastq0024_HPNE_T3	HCJY7AFX7_MIxT1XT3_24s001577-1-1_Jeong_lane1T3xiTRU1A41	WW	1	26	dup_h2	1020	dup_h1	2010	4.64491688209609	2.77749885176071	0.0882352941176471
chr19	3600000	8800000	fastq0024_HPNE_T3	HCJY7AFX7_MIxT1XT3_24s001577-1-1_Jeong_lane1T3xiTRU1A42	CC	1	26	dup_h1	2010	dup_h2	1020	7.90057832070141	2.76767859271886	0.147058823529412
chr19	3600000	8800000	fastq0024_HPNE_T3	HCJY7AFX7_MIxT1XT3_24s001577-1-1_Jeong_lane1T3xiTRU1A55	WW	1	26	inv_h2	1001	idup_h2	1011	14.1140698251694	6.51434433820473	0.0294117647058824
chr19	3600000	8800000	fastq0024_HPNE_T3	HCJY7AFX7_MIxT1XT3_24s001577-1-1_Jeong_lane1T3xiTRU1A64	CC	1	26	dup_h2	1020	dup_h1	2010	8.48179348286164	3.47064603232065	0.0882352941176471
chr19	3600000	8800000	fastq0024_HPNE_T3	HCJY7AFX7_MIxT1XT3_24s001577-1-1_Jeong_lane1T3xiTRU1A79	WW	1	26	dup_h1	2010	dup_h2	1020	6.60536678029784	1.38138423159896	0.147058823529412
chr19	3600000	8800000	fastq0024_HPNE_T3	HCJY7AFX7_MIxT1XT3_24s001577-1-1_Jeong_lane1T3xiTRU1A80	WW	1	26	dup_h1	2010	dup_h2	1020	5.22619416156782	1.38138423159896	0.147058823529412
chr19	8800000	19800000	fastq0024_HPNE_T3	HCJY7AFX7_MIxT1XT3_24s001577-1-1_Jeong_lane1T3xiTRU1A02	CC	1	55	dup_h2	1020	dup_h1	2010	4.51905984975528	3.46412835802118	0.235294117647059
chr19	8800000	19800000	fastq0024_HPNE_T3	HCJY7AFX7_MIxT1XT3_24s001577-1-1_Jeong_lane1T3xiTRU1A05	CW	1	55	dup_hom	2020	dup_h1	2010	6.23418603397446	3.06066862220614	0.117647058823529
chr19	8800000	19800000	fastq0024_HPNE_T3	HCJY7AFX7_MIxT1XT3_24s001577-1-1_Jeong_lane1T3xiTRU1A08	CC	1	55	dup_h2	1020	dup_h1	2010	4.06597095534962	2.77098117746124	0.235294117647059
chr19	8800000	19800000	fastq0024_HPNE_T3	HCJY7AFX7_MIxT1XT3_24s001577-1-1_Jeong_lane1T3xiTRU1A10	CC	1	55	dup_h1	2010	dup_h2	1020	16.7015584531893	1.38790190589844	0.147058823529412
chr19	8800000	19800000	fastq0024_HPNE_T3	HCJY7AFX7_MIxT1XT3_24s001577-1-1_Jeong_lane1T3xiTRU1A27	WW	1	55	dup_h2	1020	complex	0030	8.39534442164871	3.61925683732768	0.235294117647059
chr19	8800000	19800000	fastq0024_HPNE_T3	HCJY7AFX7_MIxT1XT3_24s001577-1-1_Jeong_lane1T3xiTRU1A37	CC	1	55	dup_h1	2010	dup_h2	1020	12.3872791049126	5.54678498925811	0.147058823529412
chr19	8800000	19800000	fastq0024_HPNE_T3	HCJY7AFX7_MIxT1XT3_24s001577-1-1_Jeong_lane1T3xiTRU1A39	WC	1	55	dup_hom	2020	complex	2110	16.4833604979552	7.89633200684673	0.117647058823529
chr19	8800000	19800000	fastq0024_HPNE_T3	HCJY7AFX7_MIxT1XT3_24s001577-1-1_Jeong_lane1T3xiTRU1A40	CW	1	55	dup_hom	2020	dup_h1	2010	6.73819534556788	2.59864648150004	0.117647058823529
chr19	8800000	19800000	fastq0024_HPNE_T3	HCJY7AFX7_MIxT1XT3_24s001577-1-1_Jeong_lane1T3xiTRU1A42	CC	1	55	dup_h1	2010	dup_h2	1020	15.8999460987772	8.31937371149789	0.147058823529412
chr19	8800000	19800000	fastq0024_HPNE_T3	HCJY7AFX7_MIxT1XT3_24s001577-1-1_Jeong_lane1T3xiTRU1A44	WC	1	55	dup_h2	1020	dup_hom	2020	10.3686136480332	2.15745839775292	0.235294117647059
chr19	8800000	19800000	fastq0024_HPNE_T3	HCJY7AFX7_MIxT1XT3_24s001577-1-1_Jeong_lane1T3xiTRU1A64	CC	1	55	dup_h2	1020	dup_h1	2010	16.0497850768474	5.54356989970102	0.235294117647059
chr19	8800000	19800000	fastq0024_HPNE_T3	HCJY7AFX7_MIxT1XT3_24s001577-1-1_Jeong_lane1T3xiTRU1A66	WC	1	55	dup_h2	1020	dup_hom	2020	7.16447302457378	6.93613178360825	0.235294117647059
chr19	8800000	19800000	fastq0024_HPNE_T3	HCJY7AFX7_MIxT1XT3_24s001577-1-1_Jeong_lane1T3xiTRU1A75	WW	1	55	dup_h1	2010	dup_h2	1020	4.71150361408565	2.77419626701833	0.147058823529412
chr19	8800000	19800000	fastq0024_HPNE_T3	HCJY7AFX7_MIxT1XT3_24s001577-1-1_Jeong_lane1T3xiTRU1A76	WC	1	55	dup_hom	2020	dup_h1	2010	7.6373285239571	5.32874372305498	0.117647058823529
chr19	8800000	19800000	fastq0024_HPNE_T3	HCJY7AFX7_MIxT1XT3_24s001577-1-1_Jeong_lane1T3xiTRU1A79	WW	1	55	dup_h2	1020	dup_h1	2010	14.0869598819371	1.38468681634134	0.235294117647059
chr19	8800000	19800000	fastq0024_HPNE_T3	HCJY7AFX7_MIxT1XT3_24s001577-1-1_Jeong_lane1T3xiTRU1A80	WW	1	55	dup_h2	1020	dup_h1	2010	11.3765728140809	4.15727553858112	0.235294117647059
chr19	8800000	19800000	fastq0024_HPNE_T3	HCJY7AFX7_MIxT1XT3_24s001577-1-1_Jeong_lane1T3xiTRU1A83	CC	1	55	dup_h1	2010	dup_h2	1020	4.8829116252306	0.694754725338493	0.147058823529412
chr19	27800000	32600000	fastq0024_HPNE_T3	HCJY7AFX7_MIxT1XT3_24s001577-1-1_Jeong_lane1T3xiTRU1A39	WC	1	24	dup_hom	2020	dup_h1	2010	9.81960699086368	4.47964551804939	0.0294117647058824
chr19	32600000	39200000	fastq0024_HPNE_T3	HCJY7AFX7_MIxT1XT3_24s001577-1-1_Jeong_lane1T3xiTRU1A10	CC	1	33	dup_h1	2010	dup_h2	1020	5.27556173170155	1.35037087601719	0.117647058823529
chr19	32600000	39200000	fastq0024_HPNE_T3	HCJY7AFX7_MIxT1XT3_24s001577-1-1_Jeong_lane1T3xiTRU1A25	CC	1	33	dup_h2	1020	dup_h1	2010	6.98847191280752	4.19480656846237	0.176470588235294
chr19	32600000	39200000	fastq0024_HPNE_T3	HCJY7AFX7_MIxT1XT3_24s001577-1-1_Jeong_lane1T3xiTRU1A37	CC	1	33	dup_h1	2010	dup_h2	1020	4.36351845517735	2.04351805657714	0.117647058823529
chr19	32600000	39200000	fastq0024_HPNE_T3	HCJY7AFX7_MIxT1XT3_24s001577-1-1_Jeong_lane1T3xiTRU1A39	WC	1	33	dup_hom	2020	dup_h1	2010	14.4357262622179	4.13413217507968	0.0294117647058824
chr19	32600000	39200000	fastq0024_HPNE_T3	HCJY7AFX7_MIxT1XT3_24s001577-1-1_Jeong_lane1T3xiTRU1A41	WW	1	33	dup_h2	1020	complex	0030	5.58550488780573	1.91863604358528	0.176470588235294
chr19	32600000	39200000	fastq0024_HPNE_T3	HCJY7AFX7_MIxT1XT3_24s001577-1-1_Jeong_lane1T3xiTRU1A42	CC	1	33	dup_h2	1020	dup_h1	2010	6.05528613261367	0.729070665662644	0.176470588235294
chr19	32600000	39200000	fastq0024_HPNE_T3	HCJY7AFX7_MIxT1XT3_24s001577-1-1_Jeong_lane1T3xiTRU1A64	CC	1	33	dup_h1	2010	dup_h2	1020	8.78009519599445	4.12295959825697	0.117647058823529
chr19	32600000	39200000	fastq0024_HPNE_T3	HCJY7AFX7_MIxT1XT3_24s001577-1-1_Jeong_lane1T3xiTRU1A66	WC	1	33	dup_h2	1020	dup_hom	2020	4.44499593478692	2.51911708078704	0.176470588235294
chr19	32600000	39200000	fastq0024_HPNE_T3	HCJY7AFX7_MIxT1XT3_24s001577-1-1_Jeong_lane1T3xiTRU1A76	WW	1	33	dup_h1	2010	dup_h2	1020	4.50035985833272	2.04351805657714	0.117647058823529
chr19	32600000	39200000	fastq0024_HPNE_T3	HCJY7AFX7_MIxT1XT3_24s001577-1-1_Jeong_lane1T3xiTRU1A79	WW	1	33	dup_h2	1020	dup_h1	2010	7.58108230795217	1.42221784622259	0.176470588235294
chr19	32600000	39200000	fastq0024_HPNE_T3	HCJY7AFX7_MIxT1XT3_24s001577-1-1_Jeong_lane1T3xiTRU1A83	CC	1	33	dup_h2	1020	dup_h1	2010	5.73629433548668	2.80851220734248	0.176470588235294
chr19	39200000	43000000	fastq0024_HPNE_T3	HCJY7AFX7_MIxT1XT3_24s001577-1-1_Jeong_lane1T3xiTRU1A39	WC	1	19	dup_hom	2020	dup_h1	2010	5.57873231235213	0.191528001271672	0.0294117647058824
chr19	39200000	43000000	fastq0024_HPNE_T3	HCJY7AFX7_MIxT1XT3_24s001577-1-1_Jeong_lane1T3xiTRU1A83	CC	1	19	idup_h2	1011	inv_h2	1001	19.9539645683789	4.23946725019739	0.0294117647058824
chr19	43000000	44600000	fastq0024_HPNE_T3	HCJY7AFX7_MIxT1XT3_24s001577-1-1_Jeong_lane1T3xiTRU1A83	CC	1	8	inv_h2	1001	inv_h1	0110	8.74728933020746	0.00102184791913995	0.0294117647058824
chr19	44600000	50800000	fastq0024_HPNE_T3	HCJY7AFX7_MIxT1XT3_24s001577-1-1_Jeong_lane1T3xiTRU1A10	CC	1	31	dup_h1	2010	dup_h2	1020	8.99188530880232	5.54465704281706	0.0882352941176471
chr19	44600000	50800000	fastq0024_HPNE_T3	HCJY7AFX7_MIxT1XT3_24s001577-1-1_Jeong_lane1T3xiTRU1A25	CC	1	31	dup_h2	1020	dup_hom	2020	12.9076027625429	1.70427834089192	0.147058823529412
chr19	44600000	50800000	fastq0024_HPNE_T3	HCJY7AFX7_MIxT1XT3_24s001577-1-1_Jeong_lane1T3xiTRU1A37	CC	1	31	dup_h2	1020	dup_h1	2010	5.83319442878253	2.77310912390229	0.147058823529412
chr19	44600000	50800000	fastq0024_HPNE_T3	HCJY7AFX7_MIxT1XT3_24s001577-1-1_Jeong_lane1T3xiTRU1A39	WC	1	31	dup_hom	2020	dup_h1	2010	16.2113722989938	7.83636582865078	0.0294117647058824
chr19	44600000	50800000	fastq0024_HPNE_T3	HCJY7AFX7_MIxT1XT3_24s001577-1-1_Jeong_lane1T3xiTRU1A42	CC	1	31	dup_h2	1020	dup_h1	2010	8.62934969535524	2.07996194334234	0.147058823529412
chr19	44600000	50800000	fastq0024_HPNE_T3	HCJY7AFX7_MIxT1XT3_24s001577-1-1_Jeong_lane1T3xiTRU1A64	CC	1	31	dup_h2	1020	dup_h1	2010	9.73878225070401	3.46625630446223	0.147058823529412
chr19	44600000	50800000	fastq0024_HPNE_T3	HCJY7AFX7_MIxT1XT3_24s001577-1-1_Jeong_lane1T3xiTRU1A76	WW	1	31	dup_h1	2010	dup_h2	1020	7.47477641910762	4.15836268169717	0.0882352941176471
chr19	44600000	50800000	fastq0024_HPNE_T3	HCJY7AFX7_MIxT1XT3_24s001577-1-1_Jeong_lane1T3xiTRU1A79	WW	1	31	dup_h1	2010	dup_h2	1020	4.53235159913756	1.38577395945738	0.0882352941176471
chr19	44600000	50800000	fastq0024_HPNE_T3	HCJY7AFX7_MIxT1XT3_24s001577-1-1_Jeong_lane1T3xiTRU1A80	WW	1	31	dup_h2	1020	dup_h1	2010	7.19336071741763	2.07996194334234	0.147058823529412
chr19	44600000	50800000	fastq0024_HPNE_T3	HCJY7AFX7_MIxT1XT3_24s001577-1-1_Jeong_lane1T3xiTRU1A83	CC	1	31	complex	1111	idup_h2	1011	23.1040817754006	0.597967842575926	0.0294117647058824
chr19	50800000	58617616	fastq0024_HPNE_T3	HCJY7AFX7_MIxT1XT3_24s001577-1-1_Jeong_lane1T3xiTRU1A10	CC	1	39	dup_h2	1020	dup_h1	2010	5.21799425924588	0.00219138246180028	0.0882352941176471
chr19	50800000	58617616	fastq0024_HPNE_T3	HCJY7AFX7_MIxT1XT3_24s001577-1-1_Jeong_lane1T3xiTRU1A39	WC	1	39	dup_hom	2020	complex	2200	17.1317261813421	4.60575870848571	0.0294117647058824
chr19	50800000	58617616	fastq0024_HPNE_T3	HCJY7AFX7_MIxT1XT3_24s001577-1-1_Jeong_lane1T3xiTRU1A42	CC	1	39	dup_h2	1020	dup_h1	2010	5.61452030563771	0.00219138246180028	0.0882352941176471
chr19	50800000	58617616	fastq0024_HPNE_T3	HCJY7AFX7_MIxT1XT3_24s001577-1-1_Jeong_lane1T3xiTRU1A64	CC	1	39	dup_h2	1020	dup_h1	2010	11.2466289231509	0.00219138246180028	0.0882352941176471
chr19	50800000	58617616	fastq0024_HPNE_T3	HCJY7AFX7_MIxT1XT3_24s001577-1-1_Jeong_lane1T3xiTRU1A83	CC	1	39	complex	1100	complex	0011	11.3897020646638	0	0.0294117647058824
chr2	0	4800000	fastq0024_HPNE_T3	HCJY7AFX7_MIxT1XT3_24s001577-1-1_Jeong_lane1T3xiTRU1A64	CW	1	24	inv_h1	0110	complex	0120	37.7233289956544	7.3287510714162	0.0294117647058824
chr2	0	4800000	fastq0024_HPNE_T3	HCJY7AFX7_MIxT1XT3_24s001577-1-1_Jeong_lane1T3xiTRU1A76	CC	1	24	idup_h2	1011	inv_h2	1001	8.07856595696873	1.31477222630629	0.0294117647058824
chr2	4800000	12200000	fastq0024_HPNE_T3	HCJY7AFX7_MIxT1XT3_24s001577-1-1_Jeong_lane1T3xiTRU1A21	CW	1	37	complex	2000	inv_h2	1001	28.7060008246177	8.11602692101536	0.0294117647058824
chr2	4800000	12200000	fastq0024_HPNE_T3	HCJY7AFX7_MIxT1XT3_24s001577-1-1_Jeong_lane1T3xiTRU1A64	CW	1	37	inv_h1	0110	complex	0210	37.0497565097703	12.3191280115824	0.0294117647058824
chr2	4800000	12200000	fastq0024_HPNE_T3	HCJY7AFX7_MIxT1XT3_24s001577-1-1_Jeong_lane1T3xiTRU1A76	CC	1	37	inv_h2	1001	complex	0011	31.8884232645206	1.73471087869173	0.0294117647058824
chr2	12200000	15600000	fastq0024_HPNE_T3	HCJY7AFX7_MIxT1XT3_24s001577-1-1_Jeong_lane1T3xiTRU1A10	WC	1	17	inv_hom	0101	ref_hom	1010	10.4226157333365	10.4226157333365	0.0294117647058824
chr2	12200000	15600000	fastq0024_HPNE_T3	HCJY7AFX7_MIxT1XT3_24s001577-1-1_Jeong_lane1T3xiTRU1A21	CW	1	17	del_h2	1000	complex	2000	17.1904128560862	1.85652514108781	0.0294117647058824
chr2	12200000	15600000	fastq0024_HPNE_T3	HCJY7AFX7_MIxT1XT3_24s001577-1-1_Jeong_lane1T3xiTRU1A64	CW	1	17	inv_h1	0110	del_h1	0010	14.8816381514329	1.61628334865218	0.0588235294117647
chr2	12200000	15600000	fastq0024_HPNE_T3	HCJY7AFX7_MIxT1XT3_24s001577-1-1_Jeong_lane1T3xiTRU1A76	CC	1	17	inv_h1	0110	complex	1100	20.2480617819437	8.33642616797497	0.0588235294117647
chr2	12200000	15600000	fastq0024_HPNE_T3	HCJY7AFX7_MIxT1XT3_24s001577-1-1_Jeong_lane1T3xiTRU1A92	WC	1	17	complex	0011	ref_hom	1010	5.84054695284399	5.84054695284399	0.0294117647058824
chr2	39200000	41800000	fastq0024_HPNE_T3	HCJY7AFX7_MIxT1XT3_24s001577-1-1_Jeong_lane1T3xiTRU1A39	WC	1	13	del_h2	1000	ref_hom	1010	4.84109037800456	4.84109037800456	0.0294117647058824
chr2	55800000	59800000	fastq0024_HPNE_T3	HCJY7AFX7_MIxT1XT3_24s001577-1-1_Jeong_lane1T3xiTRU1A10	WC	1	20	inv_hom	0101	ref_hom	1010	4.21185382452962	4.21185382452962	0.0294117647058824
chr2	55800000	59800000	fastq0024_HPNE_T3	HCJY7AFX7_MIxT1XT3_24s001577-1-1_Jeong_lane1T3xiTRU1A39	WC	1	20	del_h2	1000	ref_hom	1010	4.97999276663493	4.97999276663493	0.0294117647058824
chr2	59800000	62600000	fastq0024_HPNE_T3	HCJY7AFX7_MIxT1XT3_24s001577-1-1_Jeong_lane1T3xiTRU1A78	CW	1	14	inv_hom	0101	ref_hom	1010	4.36567934201271	4.36567934201271	0.0588235294117647
chr2	59800000	62600000	fastq0024_HPNE_T3	HCJY7AFX7_MIxT1XT3_24s001577-1-1_Jeong_lane1T3xiTRU1A92	WC	1	14	inv_hom	0101	ref_hom	1010	10.3571438875003	10.3571438875003	0.0588235294117647
chr2	75200000	84800000	fastq0024_HPNE_T3	HCJY7AFX7_MIxT1XT3_24s001577-1-1_Jeong_lane1T3xiTRU1A55	WC	1	48	inv_hom	0101	complex	1100	16.8798972732134	10.5966304619238	0.0294117647058824
chr2	94600000	95400000	fastq0024_HPNE_T3	HCJY7AFX7_MIxT1XT3_24s001577-1-1_Jeong_lane1T3xiTRU1A50	WC	1	4	del_h2	1000	inv_h2	1001	7.29803845586605	0.236721726336746	0.0294117647058824
chr2	95800000	96000000	fastq0024_HPNE_T3	HCJY7AFX7_MIxT1XT3_24s001577-1-1_Jeong_lane1T3xiTRU1A08	CW	1	1	inv_h2	1001	del_h2	1000	4.45799798058264	0.673366053789376	0.117647058823529
chr2	95800000	96000000	fastq0024_HPNE_T3	HCJY7AFX7_MIxT1XT3_24s001577-1-1_Jeong_lane1T3xiTRU1A10	WC	1	1	inv_h2	1001	del_h2	1000	4.6460195395775	0.859958478149927	0.117647058823529
chr2	95800000	96000000	fastq0024_HPNE_T3	HCJY7AFX7_MIxT1XT3_24s001577-1-1_Jeong_lane1T3xiTRU1A80	CC	1	1	inv_h2	1001	inv_h1	0110	4.62180941043186	1.96280637128265	0.117647058823529
chr2	95800000	96000000	fastq0024_HPNE_T3	HCJY7AFX7_MIxT1XT3_24s001577-1-1_Jeong_lane1T3xiTRU1A92	WC	1	1	inv_h2	1001	del_h2	1000	7.43549540501594	0.670368094174604	0.117647058823529
chr2	104600000	110000000	fastq0024_HPNE_T3	HCJY7AFX7_MIxT1XT3_24s001577-1-1_Jeong_lane1T3xiTRU1A37	WC	1	26	inv_hom	0101	ref_hom	1010	4.36925225766034	4.36925225766034	0.0294117647058824
chr2	113400000	117600000	fastq0024_HPNE_T3	HCJY7AFX7_MIxT1XT3_24s001577-1-1_Jeong_lane1T3xiTRU1A10	WC	1	21	inv_hom	0101	complex	0011	19.5880850228627	13.5923627349154	0.0294117647058824
chr2	113400000	117600000	fastq0024_HPNE_T3	HCJY7AFX7_MIxT1XT3_24s001577-1-1_Jeong_lane1T3xiTRU1A64	CW	1	21	complex	1100	ref_hom	1010	5.99572228794544	5.99572228794544	0.0294117647058824
chr2	117600000	122400000	fastq0024_HPNE_T3	HCJY7AFX7_MIxT1XT3_24s001577-1-1_Jeong_lane1T3xiTRU1A10	WC	1	23	complex	0011	inv_hom	0101	6.22551916214415	1.38629864794764	0.0294117647058824
chr2	122400000	126600000	fastq0024_HPNE_T3	HCJY7AFX7_MIxT1XT3_24s001577-1-1_Jeong_lane1T3xiTRU1A79	CW	1	21	complex	1100	ref_hom	1010	6.04531643944848	6.04531643944848	0.0294117647058824
chr2	136800000	147000000	fastq0024_HPNE_T3	HCJY7AFX7_MIxT1XT3_24s001577-1-1_Jeong_lane1T3xiTRU1A64	WW	1	51	del_h1	0010	del_h2	1000	11.1782724651101	5.99146454716428	0.0294117647058824
chr2	147000000	161600000	fastq0024_HPNE_T3	HCJY7AFX7_MIxT1XT3_24s001577-1-1_Jeong_lane1T3xiTRU1A83	CW	1	73	complex	2000	del_h2	1000	22.9851736851317	16.3251566139564	0.0294117647058824
chr2	161600000	167400000	fastq0024_HPNE_T3	HCJY7AFX7_MIxT1XT3_24s001577-1-1_Jeong_lane1T3xiTRU1A64	WW	1	29	del_h1	0010	ref_hom	1010	9.77075294650533	9.77075294650533	0.0588235294117647
chr2	161600000	167400000	fastq0024_HPNE_T3	HCJY7AFX7_MIxT1XT3_24s001577-1-1_Jeong_lane1T3xiTRU1A80	CC	1	29	del_h1	0010	ref_hom	1010	4.98598611890837	4.98598611890837	0.0588235294117647
chr2	161600000	167400000	fastq0024_HPNE_T3	HCJY7AFX7_MIxT1XT3_24s001577-1-1_Jeong_lane1T3xiTRU1A83	CW	1	29	del_h2	1000	complex	2000	21.1050091510413	8.64401032440197	0.0294117647058824
chr2	167400000	179200000	fastq0024_HPNE_T3	HCJY7AFX7_MIxT1XT3_24s001577-1-1_Jeong_lane1T3xiTRU1A83	CW	1	59	complex	2000	inv_h2	1001	26.292136619703	18.5325760731919	0.0294117647058824
chr2	179200000	189400000	fastq0024_HPNE_T3	HCJY7AFX7_MIxT1XT3_24s001577-1-1_Jeong_lane1T3xiTRU1A02	WW	1	51	del_h2	1000	del_h1	0010	4.30057623403061	0.00710767178634253	0.0882352941176471
chr2	179200000	189400000	fastq0024_HPNE_T3	HCJY7AFX7_MIxT1XT3_24s001577-1-1_Jeong_lane1T3xiTRU1A64	WW	1	51	del_h2	1000	del_h1	0010	7.55421471507167	5.99857221889432	0.0882352941176471
chr2	179200000	189400000	fastq0024_HPNE_T3	HCJY7AFX7_MIxT1XT3_24s001577-1-1_Jeong_lane1T3xiTRU1A83	CW	1	51	del_h2	1000	complex	2000	17.1743103341593	9.37088489828354	0.0882352941176471
chr2	179200000	189400000	fastq0024_HPNE_T3	HCJY7AFX7_MIxT1XT3_24s001577-1-1_Jeong_lane1T3xiTRU1A92	WC	1	51	inv_hom	0101	complex	0011	11.1240353193066	10.5966304619583	0.0294117647058824
chr2	189400000	192200000	fastq0024_HPNE_T3	HCJY7AFX7_MIxT1XT3_24s001577-1-1_Jeong_lane1T3xiTRU1A48	CW	1	14	inv_hom	0101	complex	0011	4.64118113254675	4.60516581503659	0.0294117647058824
chr2	189400000	192200000	fastq0024_HPNE_T3	HCJY7AFX7_MIxT1XT3_24s001577-1-1_Jeong_lane1T3xiTRU1A83	CW	1	14	complex	2000	del_h2	1000	18.0468622789524	1.63114024597856	0.0294117647058824
chr2	192200000	195600000	fastq0024_HPNE_T3	HCJY7AFX7_MIxT1XT3_24s001577-1-1_Jeong_lane1T3xiTRU1A44	CC	1	17	del_h1	0010	ref_hom	1010	5.21939523993422	5.21939523993422	0.0294117647058824
chr2	192200000	195600000	fastq0024_HPNE_T3	HCJY7AFX7_MIxT1XT3_24s001577-1-1_Jeong_lane1T3xiTRU1A75	WW	1	17	del_h2	1000	del_h1	0010	4.17953310209293	0.00989713585126872	0.0882352941176471
chr2	192200000	195600000	fastq0024_HPNE_T3	HCJY7AFX7_MIxT1XT3_24s001577-1-1_Jeong_lane1T3xiTRU1A80	CC	1	17	del_h2	1000	ref_hom	1010	10.1028496460102	10.1028496460102	0.0882352941176471
chr2	192200000	195600000	fastq0024_HPNE_T3	HCJY7AFX7_MIxT1XT3_24s001577-1-1_Jeong_lane1T3xiTRU1A83	CW	1	17	del_h2	1000	complex	2000	21.1709450616852	7.5698741689708	0.0882352941176471
chr2	195600000	197600000	fastq0024_HPNE_T3	HCJY7AFX7_MIxT1XT3_24s001577-1-1_Jeong_lane1T3xiTRU1A43	CW	1	10	inv_hom	0101	ref_hom	1010	4.44276513542452	4.44276513542452	0.0588235294117647
chr2	195600000	197600000	fastq0024_HPNE_T3	HCJY7AFX7_MIxT1XT3_24s001577-1-1_Jeong_lane1T3xiTRU1A55	WC	1	10	inv_hom	0101	ref_hom	1010	4.44276513351997	4.44276513351997	0.0588235294117647
chr2	195600000	197600000	fastq0024_HPNE_T3	HCJY7AFX7_MIxT1XT3_24s001577-1-1_Jeong_lane1T3xiTRU1A83	CW	1	10	complex	2000	inv_h2	1001	13.5339764022573	1.04674062538805	0.0294117647058824
chr2	199400000	208600000	fastq0024_HPNE_T3	HCJY7AFX7_MIxT1XT3_24s001577-1-1_Jeong_lane1T3xiTRU1A43	CW	1	46	inv_hom	0101	complex	1100	5.04070208089452	4.6051659146332	0.0294117647058824
chr2	199400000	208600000	fastq0024_HPNE_T3	HCJY7AFX7_MIxT1XT3_24s001577-1-1_Jeong_lane1T3xiTRU1A83	CW	1	46	complex	1100	ref_hom	1010	6.42700071315115	6.42700071315115	0.0294117647058824
chr2	215200000	220000000	fastq0024_HPNE_T3	HCJY7AFX7_MIxT1XT3_24s001577-1-1_Jeong_lane1T3xiTRU1A10	WC	1	23	inv_hom	0101	complex	1100	16.8848404408175	4.60516591053115	0.0588235294117647
chr2	215200000	220000000	fastq0024_HPNE_T3	HCJY7AFX7_MIxT1XT3_24s001577-1-1_Jeong_lane1T3xiTRU1A63	WC	1	23	inv_hom	0101	complex	1100	16.8848404407957	10.596630461941	0.0588235294117647
chr2	215200000	220000000	fastq0024_HPNE_T3	HCJY7AFX7_MIxT1XT3_24s001577-1-1_Jeong_lane1T3xiTRU1A83	CW	1	23	complex	1100	complex	1200	15.2754068120314	10.2094281900474	0.0294117647058824
chr2	220000000	229800000	fastq0024_HPNE_T3	HCJY7AFX7_MIxT1XT3_24s001577-1-1_Jeong_lane1T3xiTRU1A37	WC	1	49	inv_hom	0101	complex	0011	5.11669916462128	4.60516591485024	0.0294117647058824
chr2	229800000	236000000	fastq0024_HPNE_T3	HCJY7AFX7_MIxT1XT3_24s001577-1-1_Jeong_lane1T3xiTRU1A83	CW	1	31	complex	1100	ref_hom	1010	6.35315671543646	6.35315671543646	0.0294117647058824
chr2	236000000	242193529	fastq0024_HPNE_T3	HCJY7AFX7_MIxT1XT3_24s001577-1-1_Jeong_lane1T3xiTRU1A05	WC	1	31	complex	3000	complex	2001	15.1152317683347	1.51361934681541	0.0294117647058824
chr2	236000000	242193529	fastq0024_HPNE_T3	HCJY7AFX7_MIxT1XT3_24s001577-1-1_Jeong_lane1T3xiTRU1A39	WC	1	31	dup_hom	2020	dup_h2	1020	7.2342845382028	3.54766165061208	0.0294117647058824
chr20	0	6200000	fastq0024_HPNE_T3	HCJY7AFX7_MIxT1XT3_24s001577-1-1_Jeong_lane1T3xiTRU1A83	WW	1	31	inv_h2	1001	idup_h2	1011	37.648552871356	18.3032299749459	0.0294117647058824
chr20	6200000	9200000	fastq0024_HPNE_T3	HCJY7AFX7_MIxT1XT3_24s001577-1-1_Jeong_lane1T3xiTRU1A83	WW	1	15	inv_h2	1001	complex	0011	25.4146720106489	1.39673635411538	0.0294117647058824
chr20	28600000	29200000	fastq0024_HPNE_T3	HCJY7AFX7_MIxT1XT3_24s001577-1-1_Jeong_lane1T3xiTRU1A05	WW	1	3	inv_h2	1001	idup_h2	1011	14.7426012205536	3.30096561780755	0.0294117647058824
chr20	28600000	29200000	fastq0024_HPNE_T3	HCJY7AFX7_MIxT1XT3_24s001577-1-1_Jeong_lane1T3xiTRU1A10	CC	1	3	complex	1101	complex	1201	27.7836160437112	2.21638950457179	0.0882352941176471
chr20	28600000	29200000	fastq0024_HPNE_T3	HCJY7AFX7_MIxT1XT3_24s001577-1-1_Jeong_lane1T3xiTRU1A16	CC	1	3	idup_h1	1110	inv_h1	0110	8.42829267913765	3.12697405762323	0.0882352941176471
chr20	28600000	29200000	fastq0024_HPNE_T3	HCJY7AFX7_MIxT1XT3_24s001577-1-1_Jeong_lane1T3xiTRU1A27	WW	1	3	idup_h2	1011	inv_h2	1001	5.14124587606302	0.0443727284217239	0.0588235294117647
chr20	28600000	29200000	fastq0024_HPNE_T3	HCJY7AFX7_MIxT1XT3_24s001577-1-1_Jeong_lane1T3xiTRU1A34	CC	1	3	complex	0012	complex	0111	32.962960049573	0.00646211366699845	0.0882352941176471
chr20	28600000	29200000	fastq0024_HPNE_T3	HCJY7AFX7_MIxT1XT3_24s001577-1-1_Jeong_lane1T3xiTRU1A35	CC	1	3	inv_hom	0101	complex	0201	47.2708304406145	5.2078952570173	0.0588235294117647
chr20	28600000	29200000	fastq0024_HPNE_T3	HCJY7AFX7_MIxT1XT3_24s001577-1-1_Jeong_lane1T3xiTRU1A41	CC	1	3	idup_h1	1110	inv_h1	0110	15.1080807629619	2.1866015575306	0.0882352941176471
chr20	28600000	29200000	fastq0024_HPNE_T3	HCJY7AFX7_MIxT1XT3_24s001577-1-1_Jeong_lane1T3xiTRU1A43	WW	1	3	idup_h1	1110	inv_h2	1001	4.23716263935981	0.163117725926659	0.0882352941176471
chr20	28600000	29200000	fastq0024_HPNE_T3	HCJY7AFX7_MIxT1XT3_24s001577-1-1_Jeong_lane1T3xiTRU1A55	WW	1	3	complex	1101	complex	1201	46.9937625145757	3.11089251004702	0.0882352941176471
chr20	28600000	29200000	fastq0024_HPNE_T3	HCJY7AFX7_MIxT1XT3_24s001577-1-1_Jeong_lane1T3xiTRU1A66	CW	1	3	idup_h2	1011	ref_hom	1010	6.20306950768232	6.20306950768232	0.0588235294117647
chr20	28600000	29200000	fastq0024_HPNE_T3	HCJY7AFX7_MIxT1XT3_24s001577-1-1_Jeong_lane1T3xiTRU1A75	CC	1	3	inv_h1	0110	inv_hom	0101	19.13730522997	1.13921847608552	0.0588235294117647
chr20	28600000	29200000	fastq0024_HPNE_T3	HCJY7AFX7_MIxT1XT3_24s001577-1-1_Jeong_lane1T3xiTRU1A83	WW	1	3	inv_h1	0110	complex	0111	29.5782862286099	4.51879913398973	0.0588235294117647
chr20	28600000	29200000	fastq0024_HPNE_T3	HCJY7AFX7_MIxT1XT3_24s001577-1-1_Jeong_lane1T3xiTRU1A92	CC	1	3	inv_hom	0101	complex	0111	42.4607893924731	0.379327483767845	0.0588235294117647
chr20	29200000	30200000	fastq0024_HPNE_T3	HCJY7AFX7_MIxT1XT3_24s001577-1-1_Jeong_lane1T3xiTRU1A10	CC	1	4	idup_h1	1110	complex	2110	5.11290450824119	5.00366654017328	0.117647058823529
chr20	29200000	30200000	fastq0024_HPNE_T3	HCJY7AFX7_MIxT1XT3_24s001577-1-1_Jeong_lane1T3xiTRU1A16	CC	1	4	idup_h1	1110	complex	2110	6.11041861514604	5.10487174974845	0.117647058823529
chr20	29200000	30200000	fastq0024_HPNE_T3	HCJY7AFX7_MIxT1XT3_24s001577-1-1_Jeong_lane1T3xiTRU1A34	CC	1	4	idup_h2	1011	complex	0021	6.6137456778019	4.10889168801288	0.0588235294117647
chr20	29200000	30200000	fastq0024_HPNE_T3	HCJY7AFX7_MIxT1XT3_24s001577-1-1_Jeong_lane1T3xiTRU1A35	CC	1	4	idup_h1	1110	complex	2110	9.50218695554136	7.49463952581776	0.117647058823529
chr20	29200000	30200000	fastq0024_HPNE_T3	HCJY7AFX7_MIxT1XT3_24s001577-1-1_Jeong_lane1T3xiTRU1A43	WW	1	4	inv_h1	0110	idup_h1	1110	7.95534844117317	1.19853166488334	0.0294117647058824
chr20	29200000	30200000	fastq0024_HPNE_T3	HCJY7AFX7_MIxT1XT3_24s001577-1-1_Jeong_lane1T3xiTRU1A55	WW	1	4	idup_h1	1110	idup_h2	1011	6.29028408727105	2.73932909691939	0.117647058823529
chr20	29200000	30200000	fastq0024_HPNE_T3	HCJY7AFX7_MIxT1XT3_24s001577-1-1_Jeong_lane1T3xiTRU1A75	CC	1	4	idup_h2	1011	complex	1111	23.621062922795	0.00561312147884152	0.0588235294117647
chr20	29200000	30200000	fastq0024_HPNE_T3	HCJY7AFX7_MIxT1XT3_24s001577-1-1_Jeong_lane1T3xiTRU1A83	WW	1	4	inv_h2	1001	idup_h2	1011	12.1327060327644	1.1076298451168	0.0294117647058824
chr20	30200000	30400000	fastq0024_HPNE_T3	HCJY7AFX7_MIxT1XT3_24s001577-1-1_Jeong_lane1T3xiTRU1A05	WW	1	1	inv_hom	0101	inv_h1	0110	7.15221582107906	4.18004675887487	0.264705882352941
chr20	30200000	30400000	fastq0024_HPNE_T3	HCJY7AFX7_MIxT1XT3_24s001577-1-1_Jeong_lane1T3xiTRU1A10	CC	1	1	inv_hom	0101	inv_h1	0110	7.08280749112247	2.76949538811107	0.264705882352941
chr20	30200000	30400000	fastq0024_HPNE_T3	HCJY7AFX7_MIxT1XT3_24s001577-1-1_Jeong_lane1T3xiTRU1A16	CC	1	1	inv_hom	0101	inv_h1	0110	4.00607256387897	1.40319300686173	0.264705882352941
chr20	30200000	30400000	fastq0024_HPNE_T3	HCJY7AFX7_MIxT1XT3_24s001577-1-1_Jeong_lane1T3xiTRU1A34	CC	1	1	inv_hom	0101	inv_h1	0110	13.728671131262	4.00652541688271	0.264705882352941
chr20	30200000	30400000	fastq0024_HPNE_T3	HCJY7AFX7_MIxT1XT3_24s001577-1-1_Jeong_lane1T3xiTRU1A35	CC	1	1	inv_hom	0101	inv_h2	1001	7.51501229009977	1.69128061572706	0.264705882352941
chr20	30200000	30400000	fastq0024_HPNE_T3	HCJY7AFX7_MIxT1XT3_24s001577-1-1_Jeong_lane1T3xiTRU1A43	WW	1	1	inv_hom	0101	inv_h1	0110	6.43906000807566	3.86275938330084	0.264705882352941
chr20	30200000	30400000	fastq0024_HPNE_T3	HCJY7AFX7_MIxT1XT3_24s001577-1-1_Jeong_lane1T3xiTRU1A75	CC	1	1	inv_hom	0101	complex	0201	9.01726164570365	4.51737674247027	0.264705882352941
chr20	30200000	30400000	fastq0024_HPNE_T3	HCJY7AFX7_MIxT1XT3_24s001577-1-1_Jeong_lane1T3xiTRU1A83	WW	1	1	inv_hom	0101	inv_h2	1001	10.7879738100819	3.41751434053049	0.264705882352941
chr20	30200000	30400000	fastq0024_HPNE_T3	HCJY7AFX7_MIxT1XT3_24s001577-1-1_Jeong_lane1T3xiTRU1A92	CC	1	1	inv_hom	0101	complex	0002	17.9323699589273	4.35139310981384	0.264705882352941
chr20	30400000	31600000	fastq0024_HPNE_T3	HCJY7AFX7_MIxT1XT3_24s001577-1-1_Jeong_lane1T3xiTRU1A08	CW	1	5	idup_h1	1110	complex	1120	10.8795247503775	9.98090447496357	0.0882352941176471
chr20	30400000	31600000	fastq0024_HPNE_T3	HCJY7AFX7_MIxT1XT3_24s001577-1-1_Jeong_lane1T3xiTRU1A35	CC	1	5	complex	0111	complex	1111	17.3831702714514	2.53631175458292	0.0294117647058824
chr20	30400000	31600000	fastq0024_HPNE_T3	HCJY7AFX7_MIxT1XT3_24s001577-1-1_Jeong_lane1T3xiTRU1A41	CC	1	5	idup_h2	1011	inv_h2	1001	4.24318992184732	4.10553903310788	0.117647058823529
chr20	30400000	31600000	fastq0024_HPNE_T3	HCJY7AFX7_MIxT1XT3_24s001577-1-1_Jeong_lane1T3xiTRU1A42	CW	1	5	idup_h2	1011	ref_hom	1010	5.37763006360613	5.37763006360613	0.117647058823529
chr20	30400000	31600000	fastq0024_HPNE_T3	HCJY7AFX7_MIxT1XT3_24s001577-1-1_Jeong_lane1T3xiTRU1A55	WW	1	5	idup_h1	1110	complex	2110	4.73501753956327	2.44297030656504	0.0882352941176471
chr20	30400000	31600000	fastq0024_HPNE_T3	HCJY7AFX7_MIxT1XT3_24s001577-1-1_Jeong_lane1T3xiTRU1A57	WC	1	5	idup_h2	1011	ref_hom	1010	4.03449726472044	4.03449726472044	0.117647058823529
chr20	30400000	31600000	fastq0024_HPNE_T3	HCJY7AFX7_MIxT1XT3_24s001577-1-1_Jeong_lane1T3xiTRU1A66	CW	1	5	idup_h1	1110	ref_hom	1010	5.16219364445176	5.16219364445176	0.0882352941176471
chr20	30400000	31600000	fastq0024_HPNE_T3	HCJY7AFX7_MIxT1XT3_24s001577-1-1_Jeong_lane1T3xiTRU1A67	WC	1	5	idup_h2	1011	complex	1111	10.2753632841716	3.19248814379725	0.117647058823529
chr20	31600000	39200000	fastq0024_HPNE_T3	HCJY7AFX7_MIxT1XT3_24s001577-1-1_Jeong_lane1T3xiTRU1A35	CC	1	38	del_h2	1000	ref_hom	1010	10.4980992278746	10.4980992278746	0.0294117647058824
chr20	39200000	43000000	fastq0024_HPNE_T3	HCJY7AFX7_MIxT1XT3_24s001577-1-1_Jeong_lane1T3xiTRU1A35	CC	1	19	del_h1	0010	del_h2	1000	8.84342603326229	5.99146452077241	0.0294117647058824
chr20	43000000	54000000	fastq0024_HPNE_T3	HCJY7AFX7_MIxT1XT3_24s001577-1-1_Jeong_lane1T3xiTRU1A05	WW	1	55	dup_h2	1020	dup_h1	2010	5.43844080957142	0.126727539775952	0.0294117647058824
chr20	43000000	54000000	fastq0024_HPNE_T3	HCJY7AFX7_MIxT1XT3_24s001577-1-1_Jeong_lane1T3xiTRU1A35	CC	1	55	del_h1	0010	ref_hom	1010	9.28925382028708	9.28925382028708	0.0294117647058824
chr20	58800000	61600000	fastq0024_HPNE_T3	HCJY7AFX7_MIxT1XT3_24s001577-1-1_Jeong_lane1T3xiTRU1A02	CW	1	14	complex	2000	inv_h2	1001	16.9573226990685	2.3228038668186	0.0294117647058824
chr20	61600000	64444167	fastq0024_HPNE_T3	HCJY7AFX7_MIxT1XT3_24s001577-1-1_Jeong_lane1T3xiTRU1A02	CW	1	13	inv_h2	1001	complex	2000	14.6725995888903	1.81879441389093	0.0294117647058824
chr20	61600000	64444167	fastq0024_HPNE_T3	HCJY7AFX7_MIxT1XT3_24s001577-1-1_Jeong_lane1T3xiTRU1A05	WW	1	13	dup_hom	2020	dup_h1	2010	4.23471351563389	0.67193618937474	0.0588235294117647
chr20	61600000	64444167	fastq0024_HPNE_T3	HCJY7AFX7_MIxT1XT3_24s001577-1-1_Jeong_lane1T3xiTRU1A39	WC	1	13	dup_hom	2020	dup_h2	1020	8.74411740886706	4.51996303015012	0.0588235294117647
chr21	9600000	10200000	fastq0024_HPNE_T3	HCJY7AFX7_MIxT1XT3_24s001577-1-1_Jeong_lane1T3xiTRU1A08	CC	1	3	inv_h1	0110	idup_h1	1110	7.20957942679078	1.02547133806101	0.0882352941176471
chr21	9600000	10200000	fastq0024_HPNE_T3	HCJY7AFX7_MIxT1XT3_24s001577-1-1_Jeong_lane1T3xiTRU1A20	CC	1	3	idup_h1	1110	inv_h1	0110	4.96800176743433	0.515414625529623	0.0588235294117647
chr21	9600000	10200000	fastq0024_HPNE_T3	HCJY7AFX7_MIxT1XT3_24s001577-1-1_Jeong_lane1T3xiTRU1A37	CC	1	3	idup_h1	1110	inv_h1	0110	8.70469909022148	1.47229966667585	0.0588235294117647
chr21	9600000	10200000	fastq0024_HPNE_T3	HCJY7AFX7_MIxT1XT3_24s001577-1-1_Jeong_lane1T3xiTRU1A44	CC	1	3	idup_h2	1011	inv_h2	1001	10.6596443016495	0.292200515106138	0.0588235294117647
chr21	9600000	10200000	fastq0024_HPNE_T3	HCJY7AFX7_MIxT1XT3_24s001577-1-1_Jeong_lane1T3xiTRU1A57	CW	1	3	idup_h2	1011	inv_h2	1001	6.37423961669566	1.14976388923841	0.0588235294117647
chr21	9600000	10200000	fastq0024_HPNE_T3	HCJY7AFX7_MIxT1XT3_24s001577-1-1_Jeong_lane1T3xiTRU1A67	WW	1	3	inv_h1	0110	idup_h1	1110	5.04665463229095	0.92804800178596	0.0882352941176471
chr21	9600000	10200000	fastq0024_HPNE_T3	HCJY7AFX7_MIxT1XT3_24s001577-1-1_Jeong_lane1T3xiTRU1A75	CW	1	3	inv_h2	1001	idup_h2	1011	5.81525037412143	0.70891537079434	0.0294117647058824
chr21	9600000	10200000	fastq0024_HPNE_T3	HCJY7AFX7_MIxT1XT3_24s001577-1-1_Jeong_lane1T3xiTRU1A92	WW	1	3	inv_h1	0110	idup_h1	1110	14.4516130663462	4.38264981257582	0.0882352941176471
chr21	13200000	20800000	fastq0024_HPNE_T3	HCJY7AFX7_MIxT1XT3_24s001577-1-1_Jeong_lane1T3xiTRU1A34	CW	1	37	complex	2000	inv_h2	1001	24.4576617011536	11.0931936841028	0.0294117647058824
chr21	13200000	20800000	fastq0024_HPNE_T3	HCJY7AFX7_MIxT1XT3_24s001577-1-1_Jeong_lane1T3xiTRU1A55	WC	1	37	del_h2	1000	ref_hom	1010	7.89097381668566	7.89097381668566	0.0294117647058824
chr21	20800000	23200000	fastq0024_HPNE_T3	HCJY7AFX7_MIxT1XT3_24s001577-1-1_Jeong_lane1T3xiTRU1A34	CW	1	12	inv_h2	1001	complex	2000	14.8395169340538	0.974098167760703	0.0294117647058824
chr21	20800000	23200000	fastq0024_HPNE_T3	HCJY7AFX7_MIxT1XT3_24s001577-1-1_Jeong_lane1T3xiTRU1A55	WC	1	12	del_h2	1000	complex	0001	17.3869465654554	6.54821256152883	0.0294117647058824
chr21	25400000	30800000	fastq0024_HPNE_T3	HCJY7AFX7_MIxT1XT3_24s001577-1-1_Jeong_lane1T3xiTRU1A55	WW	1	27	del_h1	0010	complex	0020	15.2512067686047	14.8528526689649	0.0294117647058824
chr21	30800000	38000000	fastq0024_HPNE_T3	HCJY7AFX7_MIxT1XT3_24s001577-1-1_Jeong_lane1T3xiTRU1A55	WW	1	36	del_h1	0010	ref_hom	1010	8.74839645909675	8.74839645909675	0.0294117647058824
chr21	30800000	38000000	fastq0024_HPNE_T3	HCJY7AFX7_MIxT1XT3_24s001577-1-1_Jeong_lane1T3xiTRU1A64	CC	1	36	dup_h2	1020	dup_h1	2010	7.28266602152526	6.92882026491414	0.0294117647058824
chr21	38000000	41200000	fastq0024_HPNE_T3	HCJY7AFX7_MIxT1XT3_24s001577-1-1_Jeong_lane1T3xiTRU1A40	WC	1	16	complex	3000	complex	2001	14.9203146909925	0.60531736085392	0.0294117647058824
chr21	38000000	41200000	fastq0024_HPNE_T3	HCJY7AFX7_MIxT1XT3_24s001577-1-1_Jeong_lane1T3xiTRU1A55	WW	1	16	del_h1	0010	del_h2	1000	6.26000131659537	6.32762473529169e-07	0.0294117647058824
chr21	41200000	44000000	fastq0024_HPNE_T3	HCJY7AFX7_MIxT1XT3_24s001577-1-1_Jeong_lane1T3xiTRU1A05	WW	1	12	dup_h2	1020	complex	0030	4.80647797542285	2.3593413328932	0.0588235294117647
chr21	41200000	44000000	fastq0024_HPNE_T3	HCJY7AFX7_MIxT1XT3_24s001577-1-1_Jeong_lane1T3xiTRU1A39	CW	1	12	dup_hom	2020	dup_h1	2010	5.51656143972172	2.69504907141046	0.0294117647058824
chr21	41200000	44000000	fastq0024_HPNE_T3	HCJY7AFX7_MIxT1XT3_24s001577-1-1_Jeong_lane1T3xiTRU1A40	WC	1	12	complex	2001	inv_h2	1001	20.6114418051002	0.419792995196628	0.0294117647058824
chr21	41200000	44000000	fastq0024_HPNE_T3	HCJY7AFX7_MIxT1XT3_24s001577-1-1_Jeong_lane1T3xiTRU1A64	CC	1	12	dup_h2	1020	dup_h1	2010	4.22198230322605	0.746358813561689	0.0588235294117647
chr21	44000000	46709983	fastq0024_HPNE_T3	HCJY7AFX7_MIxT1XT3_24s001577-1-1_Jeong_lane1T3xiTRU1A10	WC	1	14	complex	3000	inv_h2	1001	15.1685186641186	0.476649599187303	0.0294117647058824
chr21	44000000	46709983	fastq0024_HPNE_T3	HCJY7AFX7_MIxT1XT3_24s001577-1-1_Jeong_lane1T3xiTRU1A25	WW	1	14	dup_h2	1020	dup_h1	2010	4.45726158072652	0.0330491278504734	0.0588235294117647
chr21	44000000	46709983	fastq0024_HPNE_T3	HCJY7AFX7_MIxT1XT3_24s001577-1-1_Jeong_lane1T3xiTRU1A39	CW	1	14	dup_h2	1020	dup_hom	2020	4.71001964069563	1.71828238749485	0.0588235294117647
chr21	44000000	46709983	fastq0024_HPNE_T3	HCJY7AFX7_MIxT1XT3_24s001577-1-1_Jeong_lane1T3xiTRU1A40	WC	1	14	inv_h2	1001	complex	3000	14.4952041050001	0.708468404032183	0.0294117647058824
chr21	44000000	46709983	fastq0024_HPNE_T3	HCJY7AFX7_MIxT1XT3_24s001577-1-1_Jeong_lane1T3xiTRU1A55	WW	1	14	del_h2	1000	del_h1	0010	7.33436406341071	1.75763693128772e-05	0.0294117647058824
chr22	11400000	12400000	fastq0024_HPNE_T3	HCJY7AFX7_MIxT1XT3_24s001577-1-1_Jeong_lane1T3xiTRU1A02	WW	1	4	inv_h1	0110	inv_hom	0101	12.8302828442323	5.34010410615297	0.147058823529412
chr22	11400000	12400000	fastq0024_HPNE_T3	HCJY7AFX7_MIxT1XT3_24s001577-1-1_Jeong_lane1T3xiTRU1A20	CC	1	4	inv_h2	1001	complex	0011	14.7805971543717	0.658711980002201	0.147058823529412
chr22	11400000	12400000	fastq0024_HPNE_T3	HCJY7AFX7_MIxT1XT3_24s001577-1-1_Jeong_lane1T3xiTRU1A27	WW	1	4	inv_hom	0101	inv_h2	1001	22.8541228451569	3.45285211134821	0.117647058823529
chr22	11400000	12400000	fastq0024_HPNE_T3	HCJY7AFX7_MIxT1XT3_24s001577-1-1_Jeong_lane1T3xiTRU1A35	WW	1	4	complex	0011	inv_h1	0110	7.27457918101353	2.30561499312288	0.0588235294117647
chr22	11400000	12400000	fastq0024_HPNE_T3	HCJY7AFX7_MIxT1XT3_24s001577-1-1_Jeong_lane1T3xiTRU1A40	CC	1	4	inv_hom	0101	inv_h1	0110	14.076270949582	4.0297113630505	0.117647058823529
chr22	11400000	12400000	fastq0024_HPNE_T3	HCJY7AFX7_MIxT1XT3_24s001577-1-1_Jeong_lane1T3xiTRU1A42	CC	1	4	inv_h2	1001	inv_hom	0101	15.5435510112712	1.91941946970647	0.147058823529412
chr22	11400000	12400000	fastq0024_HPNE_T3	HCJY7AFX7_MIxT1XT3_24s001577-1-1_Jeong_lane1T3xiTRU1A44	WW	1	4	inv_hom	0101	inv_h1	0110	13.9451742370005	0.214044476295021	0.117647058823529
chr22	11400000	12400000	fastq0024_HPNE_T3	HCJY7AFX7_MIxT1XT3_24s001577-1-1_Jeong_lane1T3xiTRU1A57	CC	1	4	complex	0011	inv_h1	0110	9.35956264955997	2.30561524283673	0.0588235294117647
chr22	11400000	12400000	fastq0024_HPNE_T3	HCJY7AFX7_MIxT1XT3_24s001577-1-1_Jeong_lane1T3xiTRU1A63	WW	1	4	inv_h1	0110	inv_h2	1001	9.31392478383507	0.0314054459432063	0.147058823529412
chr22	11400000	12400000	fastq0024_HPNE_T3	HCJY7AFX7_MIxT1XT3_24s001577-1-1_Jeong_lane1T3xiTRU1A64	CC	1	4	inv_h2	1001	complex	1100	12.045004593061	6.65017643649004	0.147058823529412
chr22	11400000	12400000	fastq0024_HPNE_T3	HCJY7AFX7_MIxT1XT3_24s001577-1-1_Jeong_lane1T3xiTRU1A65	CC	1	4	inv_h1	0110	del_h1	0010	9.92007915693765	5.00206678441095	0.147058823529412
chr22	11400000	12400000	fastq0024_HPNE_T3	HCJY7AFX7_MIxT1XT3_24s001577-1-1_Jeong_lane1T3xiTRU1A66	CC	1	4	inv_hom	0101	inv_h1	0110	19.1502407982569	2.51667493824089	0.117647058823529
chr22	11400000	12400000	fastq0024_HPNE_T3	HCJY7AFX7_MIxT1XT3_24s001577-1-1_Jeong_lane1T3xiTRU1A76	CC	1	4	inv_h1	0110	inv_h2	1001	7.838396419281	3.0271377194972	0.147058823529412
chr22	11400000	12400000	fastq0024_HPNE_T3	HCJY7AFX7_MIxT1XT3_24s001577-1-1_Jeong_lane1T3xiTRU1A79	CC	1	4	inv_h2	1001	idup_h2	1011	6.10844262237826	4.05769965696887	0.147058823529412
chr22	11400000	12400000	fastq0024_HPNE_T3	HCJY7AFX7_MIxT1XT3_24s001577-1-1_Jeong_lane1T3xiTRU1A83	CC	1	4	inv_h2	1001	inv_h1	0110	5.63663232137187	2.96432682761079	0.147058823529412
chr22	11400000	12400000	fastq0024_HPNE_T3	HCJY7AFX7_MIxT1XT3_24s001577-1-1_Jeong_lane1T3xiTRU1A92	WW	1	4	inv_h1	0110	complex	0011	12.4543387132589	0.690117441812019	0.147058823529412
chr22	19000000	21400000	fastq0024_HPNE_T3	HCJY7AFX7_MIxT1XT3_24s001577-1-1_Jeong_lane1T3xiTRU1A79	CC	1	11	dup_h2	1020	dup_hom	2020	5.91810296947363	5.32692957429889	0.0294117647058824
chr22	21600000	25200000	fastq0024_HPNE_T3	HCJY7AFX7_MIxT1XT3_24s001577-1-1_Jeong_lane1T3xiTRU1A05	WC	1	18	dup_h1	2010	dup_hom	2020	5.23158552652935	2.44131483428552	0.176470588235294
chr22	21600000	25200000	fastq0024_HPNE_T3	HCJY7AFX7_MIxT1XT3_24s001577-1-1_Jeong_lane1T3xiTRU1A10	CC	1	18	dup_h2	1020	dup_h1	2010	6.63163601880529	1.38715458520231	0.0882352941176471
chr22	21600000	25200000	fastq0024_HPNE_T3	HCJY7AFX7_MIxT1XT3_24s001577-1-1_Jeong_lane1T3xiTRU1A42	CC	1	18	dup_h1	2010	dup_h2	1020	5.36709662597899	1.38543413703748	0.176470588235294
chr22	21600000	25200000	fastq0024_HPNE_T3	HCJY7AFX7_MIxT1XT3_24s001577-1-1_Jeong_lane1T3xiTRU1A44	WW	1	18	dup_h2	1020	dup_h1	2010	4.9687196443854	3.46659612688214	0.0882352941176471
chr22	21600000	25200000	fastq0024_HPNE_T3	HCJY7AFX7_MIxT1XT3_24s001577-1-1_Jeong_lane1T3xiTRU1A64	CC	1	18	dup_h2	1020	dup_h1	2010	5.00525996102616	1.38715458520231	0.0882352941176471
chr22	21600000	25200000	fastq0024_HPNE_T3	HCJY7AFX7_MIxT1XT3_24s001577-1-1_Jeong_lane1T3xiTRU1A66	CC	1	18	dup_h1	2010	dup_h2	1020	5.81044344497573	1.38543413703748	0.176470588235294
chr22	21600000	25200000	fastq0024_HPNE_T3	HCJY7AFX7_MIxT1XT3_24s001577-1-1_Jeong_lane1T3xiTRU1A76	CC	1	18	dup_h1	2010	dup_h2	1020	6.25125030016573	2.77172849815737	0.176470588235294
chr22	21600000	25200000	fastq0024_HPNE_T3	HCJY7AFX7_MIxT1XT3_24s001577-1-1_Jeong_lane1T3xiTRU1A79	CC	1	18	dup_h1	2010	dup_h2	1020	5.56438974233298	1.38543413703748	0.176470588235294
chr22	21600000	25200000	fastq0024_HPNE_T3	HCJY7AFX7_MIxT1XT3_24s001577-1-1_Jeong_lane1T3xiTRU1A80	CC	1	18	dup_h1	2010	complex	3000	9.31815163198402	5.9884183120229	0.176470588235294
chr22	25200000	37400000	fastq0024_HPNE_T3	HCJY7AFX7_MIxT1XT3_24s001577-1-1_Jeong_lane1T3xiTRU1A10	CC	1	61	dup_h1	2010	dup_h2	1020	7.50863268494715	2.77275227672838	0.117647058823529
chr22	25200000	37400000	fastq0024_HPNE_T3	HCJY7AFX7_MIxT1XT3_24s001577-1-1_Jeong_lane1T3xiTRU1A25	WW	1	61	dup_h2	1020	dup_h1	2010	11.772074937799	2.07927798719124	0.117647058823529
chr22	25200000	37400000	fastq0024_HPNE_T3	HCJY7AFX7_MIxT1XT3_24s001577-1-1_Jeong_lane1T3xiTRU1A37	WC	1	61	dup_h1	2010	ref_hom	1010	4.12220014713149	4.12220014713149	0.117647058823529
chr22	25200000	37400000	fastq0024_HPNE_T3	HCJY7AFX7_MIxT1XT3_24s001577-1-1_Jeong_lane1T3xiTRU1A40	CC	1	61	dup_h1	2010	dup_h2	1020	11.6432152658025	5.54534099896817	0.117647058823529
chr22	25200000	37400000	fastq0024_HPNE_T3	HCJY7AFX7_MIxT1XT3_24s001577-1-1_Jeong_lane1T3xiTRU1A44	WW	1	61	dup_h2	1020	complex	0030	7.66838694470163	1.31362155670421	0.117647058823529
chr22	25200000	37400000	fastq0024_HPNE_T3	HCJY7AFX7_MIxT1XT3_24s001577-1-1_Jeong_lane1T3xiTRU1A64	CC	1	61	dup_h2	1020	dup_h1	2010	11.0300865014464	2.77242516775118	0.117647058823529
chr22	25200000	37400000	fastq0024_HPNE_T3	HCJY7AFX7_MIxT1XT3_24s001577-1-1_Jeong_lane1T3xiTRU1A66	CC	1	61	dup_h2	1020	dup_h1	2010	7.18038419598915	1.38613080663129	0.117647058823529
chr22	25200000	37400000	fastq0024_HPNE_T3	HCJY7AFX7_MIxT1XT3_24s001577-1-1_Jeong_lane1T3xiTRU1A80	CC	1	61	dup_h1	2010	dup_h2	1020	8.80277396786067	3.46589945728833	0.117647058823529
chr22	37400000	45400000	fastq0024_HPNE_T3	HCJY7AFX7_MIxT1XT3_24s001577-1-1_Jeong_lane1T3xiTRU1A05	WC	1	40	dup_hom	2020	dup_h2	1020	9.30812697824173	4.50360114552081	0.0588235294117647
chr22	37400000	45400000	fastq0024_HPNE_T3	HCJY7AFX7_MIxT1XT3_24s001577-1-1_Jeong_lane1T3xiTRU1A10	CC	1	40	dup_h1	2010	dup_h2	1020	6.64694396488845	0.698920877996744	0.235294117647059
chr22	37400000	45400000	fastq0024_HPNE_T3	HCJY7AFX7_MIxT1XT3_24s001577-1-1_Jeong_lane1T3xiTRU1A27	WW	1	40	dup_h1	2010	complex	3000	6.3604096636358	5.18575702636061	0.235294117647059
chr22	37400000	45400000	fastq0024_HPNE_T3	HCJY7AFX7_MIxT1XT3_24s001577-1-1_Jeong_lane1T3xiTRU1A39	WC	1	40	dup_hom	2020	dup_h2	1020	9.18172875394049	1.67163046019714	0.0588235294117647
chr22	37400000	45400000	fastq0024_HPNE_T3	HCJY7AFX7_MIxT1XT3_24s001577-1-1_Jeong_lane1T3xiTRU1A40	CC	1	40	dup_h1	2010	dup_h2	1020	9.44514713184511	2.77836241967658	0.235294117647059
chr22	37400000	45400000	fastq0024_HPNE_T3	HCJY7AFX7_MIxT1XT3_24s001577-1-1_Jeong_lane1T3xiTRU1A42	CC	1	40	dup_h1	2010	complex	3000	10.4583150487897	5.18575720626253	0.235294117647059
chr22	37400000	45400000	fastq0024_HPNE_T3	HCJY7AFX7_MIxT1XT3_24s001577-1-1_Jeong_lane1T3xiTRU1A44	WW	1	40	dup_h1	2010	dup_h2	1020	10.5700943306609	4.16465678079647	0.235294117647059
chr22	37400000	45400000	fastq0024_HPNE_T3	HCJY7AFX7_MIxT1XT3_24s001577-1-1_Jeong_lane1T3xiTRU1A64	CC	1	40	dup_h1	2010	dup_h2	1020	8.99882428932749	1.39206805855668	0.235294117647059
chr22	37400000	45400000	fastq0024_HPNE_T3	HCJY7AFX7_MIxT1XT3_24s001577-1-1_Jeong_lane1T3xiTRU1A66	CC	1	40	dup_h1	2010	dup_h2	1020	9.77272266537325	0.00577369743679768	0.235294117647059
chr22	37400000	45400000	fastq0024_HPNE_T3	HCJY7AFX7_MIxT1XT3_24s001577-1-1_Jeong_lane1T3xiTRU1A75	CC	1	40	dup_h1	2010	dup_h2	1020	7.40440631223941	6.24409832247631	0.235294117647059
chr22	37400000	45400000	fastq0024_HPNE_T3	HCJY7AFX7_MIxT1XT3_24s001577-1-1_Jeong_lane1T3xiTRU1A76	CC	1	40	dup_h2	1020	dup_h1	2010	8.00396177906624	3.45996220536293	0.0882352941176471
chr22	37400000	45400000	fastq0024_HPNE_T3	HCJY7AFX7_MIxT1XT3_24s001577-1-1_Jeong_lane1T3xiTRU1A79	CC	1	40	dup_h2	1020	dup_h1	2010	8.7338855718486	3.45996220536293	0.0882352941176471
chr22	37400000	45400000	fastq0024_HPNE_T3	HCJY7AFX7_MIxT1XT3_24s001577-1-1_Jeong_lane1T3xiTRU1A80	CC	1	40	dup_h2	1020	dup_h1	2010	11.3771427445147	5.53940374704277	0.0882352941176471
chr22	45400000	50818468	fastq0024_HPNE_T3	HCJY7AFX7_MIxT1XT3_24s001577-1-1_Jeong_lane1T3xiTRU1A05	WC	1	27	dup_hom	2020	dup_h2	1020	5.36994287997095	1.85623878903367	0.0588235294117647
chr22	45400000	50818468	fastq0024_HPNE_T3	HCJY7AFX7_MIxT1XT3_24s001577-1-1_Jeong_lane1T3xiTRU1A10	CC	1	27	dup_h2	1020	dup_h1	2010	6.44652860544234	0.00495885217467906	0.205882352941176
chr22	45400000	50818468	fastq0024_HPNE_T3	HCJY7AFX7_MIxT1XT3_24s001577-1-1_Jeong_lane1T3xiTRU1A25	WW	1	27	dup_h2	1020	dup_h1	2010	4.03676942221603	0.00495885217467906	0.205882352941176
chr22	45400000	50818468	fastq0024_HPNE_T3	HCJY7AFX7_MIxT1XT3_24s001577-1-1_Jeong_lane1T3xiTRU1A39	WC	1	27	dup_hom	2020	complex	2110	15.733798707786	4.77942531399115	0.0588235294117647
chr22	45400000	50818468	fastq0024_HPNE_T3	HCJY7AFX7_MIxT1XT3_24s001577-1-1_Jeong_lane1T3xiTRU1A40	CC	1	27	dup_h2	1020	dup_h1	2010	4.06741221485134	0.00495885217467906	0.205882352941176
chr22	45400000	50818468	fastq0024_HPNE_T3	HCJY7AFX7_MIxT1XT3_24s001577-1-1_Jeong_lane1T3xiTRU1A64	CC	1	27	dup_h2	1020	dup_h1	2010	8.17385382048047	0.00495885217467906	0.205882352941176
chr22	45400000	50818468	fastq0024_HPNE_T3	HCJY7AFX7_MIxT1XT3_24s001577-1-1_Jeong_lane1T3xiTRU1A66	CC	1	27	dup_h2	1020	dup_h1	2010	7.26664722979723	0.00495885217467906	0.205882352941176
chr22	45400000	50818468	fastq0024_HPNE_T3	HCJY7AFX7_MIxT1XT3_24s001577-1-1_Jeong_lane1T3xiTRU1A76	CC	1	27	dup_h2	1020	dup_h1	2010	4.81570026248244	0.00495885217467906	0.205882352941176
chr22	45400000	50818468	fastq0024_HPNE_T3	HCJY7AFX7_MIxT1XT3_24s001577-1-1_Jeong_lane1T3xiTRU1A79	CC	1	27	dup_h2	1020	dup_h1	2010	8.4546791240132	0.00495885217467906	0.205882352941176
chr3	0	8400000	fastq0024_HPNE_T3	HCJY7AFX7_MIxT1XT3_24s001577-1-1_Jeong_lane1T3xiTRU1A20	CW	1	42	inv_h1	0110	complex	0020	37.7157663782758	17.906564170048	0.0882352941176471
chr3	0	8400000	fastq0024_HPNE_T3	HCJY7AFX7_MIxT1XT3_24s001577-1-1_Jeong_lane1T3xiTRU1A43	CC	1	42	inv_h1	0110	complex	1100	19.0580774584273	3.25790171071703	0.0882352941176471
chr3	0	8400000	fastq0024_HPNE_T3	HCJY7AFX7_MIxT1XT3_24s001577-1-1_Jeong_lane1T3xiTRU1A63	WW	1	42	inv_h1	0110	complex	1100	46.0196683398908	15.2408308049339	0.0882352941176471
chr3	8400000	9400000	fastq0024_HPNE_T3	HCJY7AFX7_MIxT1XT3_24s001577-1-1_Jeong_lane1T3xiTRU1A20	CW	1	5	complex	0020	complex	0030	15.854087451065	0.409984342375459	0.0294117647058824
chr3	8400000	9400000	fastq0024_HPNE_T3	HCJY7AFX7_MIxT1XT3_24s001577-1-1_Jeong_lane1T3xiTRU1A63	WW	1	5	inv_h1	0110	complex	0011	5.26175968927606	2.35599476740917	0.0294117647058824
chr3	9400000	12000000	fastq0024_HPNE_T3	HCJY7AFX7_MIxT1XT3_24s001577-1-1_Jeong_lane1T3xiTRU1A39	CW	1	13	dup_hom	2020	complex	2110	6.94508356295506	0.416609796435075	0.0294117647058824
chr3	9400000	12000000	fastq0024_HPNE_T3	HCJY7AFX7_MIxT1XT3_24s001577-1-1_Jeong_lane1T3xiTRU1A63	WW	1	13	inv_h1	0110	complex	1100	19.343077566621	4.74308184336965	0.0294117647058824
chr3	12600000	13800000	fastq0024_HPNE_T3	HCJY7AFX7_MIxT1XT3_24s001577-1-1_Jeong_lane1T3xiTRU1A39	CW	1	5	dup_hom	2020	dup_h2	1020	4.4234395469171	0.390748418036276	0.0294117647058824
chr3	27200000	31200000	fastq0024_HPNE_T3	HCJY7AFX7_MIxT1XT3_24s001577-1-1_Jeong_lane1T3xiTRU1A20	CW	1	20	inv_hom	0101	ref_hom	1010	4.53897456474792	4.53897456474792	0.0294117647058824
chr3	34200000	36400000	fastq0024_HPNE_T3	HCJY7AFX7_MIxT1XT3_24s001577-1-1_Jeong_lane1T3xiTRU1A39	CW	1	11	inv_hom	0101	idup_h2	1011	9.92107585659836	3.59869932726865	0.0294117647058824
chr3	36400000	42000000	fastq0024_HPNE_T3	HCJY7AFX7_MIxT1XT3_24s001577-1-1_Jeong_lane1T3xiTRU1A39	CW	1	28	complex	1021	complex	1111	16.9923232492602	1.00165804982444	0.0294117647058824
chr3	42000000	46800000	fastq0024_HPNE_T3	HCJY7AFX7_MIxT1XT3_24s001577-1-1_Jeong_lane1T3xiTRU1A75	CW	1	24	inv_hom	0101	complex	1100	4.68173898259429	4.60516587997186	0.0294117647058824
chr3	46800000	50800000	fastq0024_HPNE_T3	HCJY7AFX7_MIxT1XT3_24s001577-1-1_Jeong_lane1T3xiTRU1A39	CW	1	18	complex	0022	complex	1021	16.746383424922	1.2388425713922	0.0294117647058824
chr3	46800000	50800000	fastq0024_HPNE_T3	HCJY7AFX7_MIxT1XT3_24s001577-1-1_Jeong_lane1T3xiTRU1A42	CW	1	18	dup_h1	2010	dup_hom	2020	4.65178607341446	1.40882387303024	0.0294117647058824
chr3	46800000	50800000	fastq0024_HPNE_T3	HCJY7AFX7_MIxT1XT3_24s001577-1-1_Jeong_lane1T3xiTRU1A76	WW	1	18	dup_h2	1020	dup_h1	2010	5.33768845668325	1.35428808565152	0.0294117647058824
chr3	51400000	54400000	fastq0024_HPNE_T3	HCJY7AFX7_MIxT1XT3_24s001577-1-1_Jeong_lane1T3xiTRU1A39	CW	1	15	dup_hom	2020	complex	2110	7.45520207004216	1.69110341534665	0.0294117647058824
chr3	54400000	57800000	fastq0024_HPNE_T3	HCJY7AFX7_MIxT1XT3_24s001577-1-1_Jeong_lane1T3xiTRU1A66	WC	1	17	complex	1100	idup_h1	1110	5.63416363141266	3.34481529579244	0.0294117647058824
chr3	75400000	75800000	fastq0024_HPNE_T3	HCJY7AFX7_MIxT1XT3_24s001577-1-1_Jeong_lane1T3xiTRU1A08	CC	1	2	inv_h2	1001	idup_h2	1011	16.0686577431749	0.67802123681971	0.0294117647058824
chr3	75400000	75800000	fastq0024_HPNE_T3	HCJY7AFX7_MIxT1XT3_24s001577-1-1_Jeong_lane1T3xiTRU1A27	CC	1	2	idup_h2	1011	complex	1021	5.48847232687354	4.49900587642537	0.0588235294117647
chr3	75400000	75800000	fastq0024_HPNE_T3	HCJY7AFX7_MIxT1XT3_24s001577-1-1_Jeong_lane1T3xiTRU1A92	WW	1	2	idup_h2	1011	inv_h2	1001	5.89818138788974	0.930441864744365	0.0588235294117647
chr3	75800000	93800000	fastq0024_HPNE_T3	HCJY7AFX7_MIxT1XT3_24s001577-1-1_Jeong_lane1T3xiTRU1A25	WW	1	76	del_h2	1000	del_h1	0010	10.2545977475567	2.99573227355676	0.0294117647058824
chr3	75800000	93800000	fastq0024_HPNE_T3	HCJY7AFX7_MIxT1XT3_24s001577-1-1_Jeong_lane1T3xiTRU1A34	CW	1	76	del_h1	0010	idup_h1	1110	6.00799342358683	5.87473783246639	0.0294117647058824
chr3	75800000	93800000	fastq0024_HPNE_T3	HCJY7AFX7_MIxT1XT3_24s001577-1-1_Jeong_lane1T3xiTRU1A39	CW	1	76	complex	0011	inv_hom	0101	18.405173220316	13.3692277264741	0.0294117647058824
chr3	101400000	101800000	fastq0024_HPNE_T3	HCJY7AFX7_MIxT1XT3_24s001577-1-1_Jeong_lane1T3xiTRU1A39	CW	1	2	idup_h1	1110	inv_hom	0101	4.00228721399129	0.306096658218712	0.0294117647058824
chr3	101800000	106400000	fastq0024_HPNE_T3	HCJY7AFX7_MIxT1XT3_24s001577-1-1_Jeong_lane1T3xiTRU1A67	WC	1	23	inv_hom	0101	complex	1100	10.7435966835214	10.5966304619582	0.0294117647058824
chr3	116600000	121400000	fastq0024_HPNE_T3	HCJY7AFX7_MIxT1XT3_24s001577-1-1_Jeong_lane1T3xiTRU1A08	CW	1	24	dup_hom	2020	dup_h2	1020	9.87174904604005	2.88967840589314	0.0294117647058824
chr3	116600000	121400000	fastq0024_HPNE_T3	HCJY7AFX7_MIxT1XT3_24s001577-1-1_Jeong_lane1T3xiTRU1A10	CW	1	24	dup_h1	2010	ref_hom	1010	4.683524764202	4.683524764202	0.0882352941176471
chr3	116600000	121400000	fastq0024_HPNE_T3	HCJY7AFX7_MIxT1XT3_24s001577-1-1_Jeong_lane1T3xiTRU1A16	CW	1	24	dup_h1	2010	idup_h2	1011	9.63486523385303	3.69795240517638	0.0882352941176471
chr3	116600000	121400000	fastq0024_HPNE_T3	HCJY7AFX7_MIxT1XT3_24s001577-1-1_Jeong_lane1T3xiTRU1A20	CW	1	24	inv_hom	0101	ref_hom	1010	4.48408552326267	4.48408552326267	0.0588235294117647
chr3	116600000	121400000	fastq0024_HPNE_T3	HCJY7AFX7_MIxT1XT3_24s001577-1-1_Jeong_lane1T3xiTRU1A39	CW	1	24	inv_hom	0101	complex	0102	10.475550071459	8.4892272747744	0.0588235294117647
chr3	116600000	121400000	fastq0024_HPNE_T3	HCJY7AFX7_MIxT1XT3_24s001577-1-1_Jeong_lane1T3xiTRU1A41	WC	1	24	idup_h2	1011	complex	1101	11.2474484647886	4.4998069115521	0.0294117647058824
chr3	116600000	121400000	fastq0024_HPNE_T3	HCJY7AFX7_MIxT1XT3_24s001577-1-1_Jeong_lane1T3xiTRU1A57	CW	1	24	idup_h1	1110	complex	1200	8.74098233776493	7.84876676914782	0.0588235294117647
chr3	116600000	121400000	fastq0024_HPNE_T3	HCJY7AFX7_MIxT1XT3_24s001577-1-1_Jeong_lane1T3xiTRU1A66	WC	1	24	complex	2100	dup_h1	2010	7.19313956816436	1.16483026505492	0.0294117647058824
chr3	116600000	121400000	fastq0024_HPNE_T3	HCJY7AFX7_MIxT1XT3_24s001577-1-1_Jeong_lane1T3xiTRU1A67	WC	1	24	idup_h1	1110	complex	1200	19.1639426452595	7.20440130273022	0.0588235294117647
chr3	116600000	121400000	fastq0024_HPNE_T3	HCJY7AFX7_MIxT1XT3_24s001577-1-1_Jeong_lane1T3xiTRU1A75	CW	1	24	dup_h1	2010	idup_h2	1011	5.16074630075932	1.6480796403831	0.0882352941176471
chr3	121400000	125800000	fastq0024_HPNE_T3	HCJY7AFX7_MIxT1XT3_24s001577-1-1_Jeong_lane1T3xiTRU1A08	CW	1	22	dup_hom	2020	dup_h2	1020	15.9193954872077	0.0857054270969684	0.0294117647058824
chr3	121400000	125800000	fastq0024_HPNE_T3	HCJY7AFX7_MIxT1XT3_24s001577-1-1_Jeong_lane1T3xiTRU1A10	CW	1	22	dup_h1	2010	idup_h2	1011	14.5256096924987	3.14322610791902	0.117647058823529
chr3	121400000	125800000	fastq0024_HPNE_T3	HCJY7AFX7_MIxT1XT3_24s001577-1-1_Jeong_lane1T3xiTRU1A16	CW	1	22	dup_h1	2010	complex	3010	15.0794897822263	7.08384760828477	0.117647058823529
chr3	121400000	125800000	fastq0024_HPNE_T3	HCJY7AFX7_MIxT1XT3_24s001577-1-1_Jeong_lane1T3xiTRU1A25	WW	1	22	dup_h1	2010	dup_hom	2020	7.05505596127861	3.96053205569071	0.117647058823529
chr3	121400000	125800000	fastq0024_HPNE_T3	HCJY7AFX7_MIxT1XT3_24s001577-1-1_Jeong_lane1T3xiTRU1A37	CW	1	22	dup_h2	1020	idup_h1	1110	5.93156358614849	3.12516961065212	0.0588235294117647
chr3	121400000	125800000	fastq0024_HPNE_T3	HCJY7AFX7_MIxT1XT3_24s001577-1-1_Jeong_lane1T3xiTRU1A44	WC	1	22	complex	1101	complex	1111	15.6726817639369	1.37204060968996	0.0588235294117647
chr3	121400000	125800000	fastq0024_HPNE_T3	HCJY7AFX7_MIxT1XT3_24s001577-1-1_Jeong_lane1T3xiTRU1A57	CW	1	22	dup_h2	1020	idup_h1	1110	5.85862187630155	4.47894293005971	0.0588235294117647
chr3	121400000	125800000	fastq0024_HPNE_T3	HCJY7AFX7_MIxT1XT3_24s001577-1-1_Jeong_lane1T3xiTRU1A66	WC	1	22	complex	2100	dup_h1	2010	9.93072324796155	1.05893041761481	0.0588235294117647
chr3	121400000	125800000	fastq0024_HPNE_T3	HCJY7AFX7_MIxT1XT3_24s001577-1-1_Jeong_lane1T3xiTRU1A67	WC	1	22	idup_h1	1110	complex	1200	19.9439896469527	1.31049988079474	0.0294117647058824
chr3	121400000	125800000	fastq0024_HPNE_T3	HCJY7AFX7_MIxT1XT3_24s001577-1-1_Jeong_lane1T3xiTRU1A75	CW	1	22	dup_h1	2010	idup_h2	1011	8.48853416357227	1.08004508710802	0.117647058823529
chr3	125800000	130200000	fastq0024_HPNE_T3	HCJY7AFX7_MIxT1XT3_24s001577-1-1_Jeong_lane1T3xiTRU1A08	CW	1	22	dup_hom	2020	complex	2110	17.304129316614	11.951806605399	0.0882352941176471
chr3	125800000	130200000	fastq0024_HPNE_T3	HCJY7AFX7_MIxT1XT3_24s001577-1-1_Jeong_lane1T3xiTRU1A10	CW	1	22	dup_h1	2010	dup_hom	2020	14.833675698711	0.365994832001913	0.147058823529412
chr3	125800000	130200000	fastq0024_HPNE_T3	HCJY7AFX7_MIxT1XT3_24s001577-1-1_Jeong_lane1T3xiTRU1A16	CW	1	22	dup_h1	2010	dup_hom	2020	10.7477199000332	5.14238398761879	0.147058823529412
chr3	125800000	130200000	fastq0024_HPNE_T3	HCJY7AFX7_MIxT1XT3_24s001577-1-1_Jeong_lane1T3xiTRU1A25	WW	1	22	dup_hom	2020	dup_h1	2010	13.3989438988241	4.17803936539907	0.0882352941176471
chr3	125800000	130200000	fastq0024_HPNE_T3	HCJY7AFX7_MIxT1XT3_24s001577-1-1_Jeong_lane1T3xiTRU1A37	CW	1	22	idup_h1	1110	dup_h2	1020	10.4068164973671	2.69520192410524	0.0882352941176471
chr3	125800000	130200000	fastq0024_HPNE_T3	HCJY7AFX7_MIxT1XT3_24s001577-1-1_Jeong_lane1T3xiTRU1A39	CW	1	22	dup_hom	2020	complex	2110	15.1709446304288	4.72128880813764	0.0882352941176471
chr3	125800000	130200000	fastq0024_HPNE_T3	HCJY7AFX7_MIxT1XT3_24s001577-1-1_Jeong_lane1T3xiTRU1A41	WC	1	22	dup_h1	2010	idup_h2	1011	7.71966842414892	0.485985500680538	0.147058823529412
chr3	125800000	130200000	fastq0024_HPNE_T3	HCJY7AFX7_MIxT1XT3_24s001577-1-1_Jeong_lane1T3xiTRU1A44	WC	1	22	dup_h2	1020	idup_h1	1110	10.619441146305	1.36611803405783	0.0294117647058824
chr3	125800000	130200000	fastq0024_HPNE_T3	HCJY7AFX7_MIxT1XT3_24s001577-1-1_Jeong_lane1T3xiTRU1A57	CW	1	22	idup_h1	1110	dup_h2	1020	12.6214537320554	3.30704650020832	0.0882352941176471
chr3	125800000	130200000	fastq0024_HPNE_T3	HCJY7AFX7_MIxT1XT3_24s001577-1-1_Jeong_lane1T3xiTRU1A66	WC	1	22	dup_h1	2010	complex	3010	14.7526175781364	2.43836573221608	0.147058823529412
chr3	125800000	130200000	fastq0024_HPNE_T3	HCJY7AFX7_MIxT1XT3_24s001577-1-1_Jeong_lane1T3xiTRU1A67	WC	1	22	idup_h1	1110	dup_h2	1020	15.4930665718554	4.75543067993888	0.0882352941176471
chr3	125800000	130200000	fastq0024_HPNE_T3	HCJY7AFX7_MIxT1XT3_24s001577-1-1_Jeong_lane1T3xiTRU1A75	CW	1	22	dup_h1	2010	idup_h2	1011	10.5280759374066	3.81868497252646	0.147058823529412
chr3	130200000	133400000	fastq0024_HPNE_T3	HCJY7AFX7_MIxT1XT3_24s001577-1-1_Jeong_lane1T3xiTRU1A65	WC	1	16	inv_hom	0101	complex	1100	4.7575758308627	4.60516591443977	0.0294117647058824
chr3	130200000	133400000	fastq0024_HPNE_T3	HCJY7AFX7_MIxT1XT3_24s001577-1-1_Jeong_lane1T3xiTRU1A67	WC	1	16	complex	0021	dup_h2	1020	5.294798013385	1.04421473331479	0.0294117647058824
chr3	130200000	133400000	fastq0024_HPNE_T3	HCJY7AFX7_MIxT1XT3_24s001577-1-1_Jeong_lane1T3xiTRU1A75	CW	1	16	idup_h2	1011	inv_hom	0101	7.09127736309864	2.33370000013051	0.0294117647058824
chr3	133400000	142200000	fastq0024_HPNE_T3	HCJY7AFX7_MIxT1XT3_24s001577-1-1_Jeong_lane1T3xiTRU1A08	CW	1	44	dup_hom	2020	ref_hom	1010	15.3018905186427	15.3018905186427	0.0294117647058824
chr3	133400000	142200000	fastq0024_HPNE_T3	HCJY7AFX7_MIxT1XT3_24s001577-1-1_Jeong_lane1T3xiTRU1A10	CW	1	44	dup_h1	2010	complex	3010	17.699977041506	10.1918518223349	0.117647058823529
chr3	133400000	142200000	fastq0024_HPNE_T3	HCJY7AFX7_MIxT1XT3_24s001577-1-1_Jeong_lane1T3xiTRU1A16	CW	1	44	dup_h1	2010	ref_hom	1010	11.5168722943558	11.5168722943558	0.117647058823529
chr3	133400000	142200000	fastq0024_HPNE_T3	HCJY7AFX7_MIxT1XT3_24s001577-1-1_Jeong_lane1T3xiTRU1A25	WW	1	44	dup_h1	2010	dup_hom	2020	11.9145023892355	3.74820896674339	0.117647058823529
chr3	133400000	142200000	fastq0024_HPNE_T3	HCJY7AFX7_MIxT1XT3_24s001577-1-1_Jeong_lane1T3xiTRU1A37	CW	1	44	dup_h2	1020	ref_hom	1010	9.42717480617964	9.42717480617964	0.0294117647058824
chr3	133400000	142200000	fastq0024_HPNE_T3	HCJY7AFX7_MIxT1XT3_24s001577-1-1_Jeong_lane1T3xiTRU1A39	CW	1	44	idup_h1	1110	complex	2110	10.9743594751119	5.12932381168002	0.117647058823529
chr3	133400000	142200000	fastq0024_HPNE_T3	HCJY7AFX7_MIxT1XT3_24s001577-1-1_Jeong_lane1T3xiTRU1A41	WC	1	44	idup_h2	1011	dup_h1	2010	19.4221179640729	7.86061024518866	0.0588235294117647
chr3	133400000	142200000	fastq0024_HPNE_T3	HCJY7AFX7_MIxT1XT3_24s001577-1-1_Jeong_lane1T3xiTRU1A44	WC	1	44	idup_h1	1110	dup_h2	1020	18.5988163865244	1.41645884879028	0.117647058823529
chr3	133400000	142200000	fastq0024_HPNE_T3	HCJY7AFX7_MIxT1XT3_24s001577-1-1_Jeong_lane1T3xiTRU1A57	CW	1	44	idup_h1	1110	dup_h2	1020	16.4250217894031	5.21916194900526	0.117647058823529
chr3	133400000	142200000	fastq0024_HPNE_T3	HCJY7AFX7_MIxT1XT3_24s001577-1-1_Jeong_lane1T3xiTRU1A66	WC	1	44	dup_h1	2010	complex	3010	22.1895347371401	12.5171184196946	0.117647058823529
chr3	133400000	142200000	fastq0024_HPNE_T3	HCJY7AFX7_MIxT1XT3_24s001577-1-1_Jeong_lane1T3xiTRU1A67	WC	1	44	idup_h1	1110	dup_h2	1020	22.8827547550704	13.4171999399125	0.117647058823529
chr3	133400000	142200000	fastq0024_HPNE_T3	HCJY7AFX7_MIxT1XT3_24s001577-1-1_Jeong_lane1T3xiTRU1A75	CW	1	44	idup_h2	1011	dup_h1	2010	22.5822600293313	7.7926158968254	0.0588235294117647
chr3	142200000	144400000	fastq0024_HPNE_T3	HCJY7AFX7_MIxT1XT3_24s001577-1-1_Jeong_lane1T3xiTRU1A08	CW	1	11	dup_h2	1020	idup_h1	1110	4.13122131578818	0.55885041427802	0.0294117647058824
chr3	142200000	144400000	fastq0024_HPNE_T3	HCJY7AFX7_MIxT1XT3_24s001577-1-1_Jeong_lane1T3xiTRU1A57	CW	1	11	idup_h1	1110	inv_hom	0101	4.39028349109668	0.0364190342410939	0.0294117647058824
chr3	142200000	144400000	fastq0024_HPNE_T3	HCJY7AFX7_MIxT1XT3_24s001577-1-1_Jeong_lane1T3xiTRU1A75	CW	1	11	inv_hom	0101	complex	1101	4.35386780902131	0.943084569378948	0.0294117647058824
chr3	144400000	148600000	fastq0024_HPNE_T3	HCJY7AFX7_MIxT1XT3_24s001577-1-1_Jeong_lane1T3xiTRU1A08	CW	1	21	idup_h1	1110	dup_h2	1020	4.71033726660357	3.11533809111752	0.0294117647058824
chr3	144400000	148600000	fastq0024_HPNE_T3	HCJY7AFX7_MIxT1XT3_24s001577-1-1_Jeong_lane1T3xiTRU1A20	CW	1	21	inv_hom	0101	complex	1100	4.82714015508366	4.605165914824	0.0588235294117647
chr3	144400000	148600000	fastq0024_HPNE_T3	HCJY7AFX7_MIxT1XT3_24s001577-1-1_Jeong_lane1T3xiTRU1A44	WC	1	21	inv_hom	0101	complex	1100	4.82714015527324	4.60516587728787	0.0588235294117647
chr3	144400000	148600000	fastq0024_HPNE_T3	HCJY7AFX7_MIxT1XT3_24s001577-1-1_Jeong_lane1T3xiTRU1A63	CW	1	21	complex	0011	ref_hom	1010	12.2049033344757	12.2049033344757	0.0294117647058824
chr3	148600000	161600000	fastq0024_HPNE_T3	HCJY7AFX7_MIxT1XT3_24s001577-1-1_Jeong_lane1T3xiTRU1A08	CW	1	65	dup_hom	2020	ref_hom	1010	10.2836274175958	10.2836274175958	0.0294117647058824
chr3	148600000	161600000	fastq0024_HPNE_T3	HCJY7AFX7_MIxT1XT3_24s001577-1-1_Jeong_lane1T3xiTRU1A10	CW	1	65	dup_h1	2010	ref_hom	1010	12.690077956641	12.690077956641	0.0882352941176471
chr3	148600000	161600000	fastq0024_HPNE_T3	HCJY7AFX7_MIxT1XT3_24s001577-1-1_Jeong_lane1T3xiTRU1A16	CW	1	65	dup_h1	2010	idup_h2	1011	20.3509596862916	14.5789935548749	0.0882352941176471
chr3	148600000	161600000	fastq0024_HPNE_T3	HCJY7AFX7_MIxT1XT3_24s001577-1-1_Jeong_lane1T3xiTRU1A20	CW	1	65	complex	0011	inv_hom	0101	6.5574579991775	4.38203090581171	0.0294117647058824
chr3	148600000	161600000	fastq0024_HPNE_T3	HCJY7AFX7_MIxT1XT3_24s001577-1-1_Jeong_lane1T3xiTRU1A41	WC	1	65	idup_h2	1011	dup_h1	2010	13.6443103580991	0.551917030450745	0.0588235294117647
chr3	148600000	161600000	fastq0024_HPNE_T3	HCJY7AFX7_MIxT1XT3_24s001577-1-1_Jeong_lane1T3xiTRU1A44	WC	1	65	idup_h1	1110	ref_hom	1010	17.2531545417663	17.2531545417663	0.0882352941176471
chr3	148600000	161600000	fastq0024_HPNE_T3	HCJY7AFX7_MIxT1XT3_24s001577-1-1_Jeong_lane1T3xiTRU1A57	CW	1	65	idup_h1	1110	complex	0111	37.1696288357356	4.49980692965832	0.0882352941176471
chr3	148600000	161600000	fastq0024_HPNE_T3	HCJY7AFX7_MIxT1XT3_24s001577-1-1_Jeong_lane1T3xiTRU1A66	WC	1	65	dup_h1	2010	ref_hom	1010	4.94366657550822	4.94366657550822	0.0882352941176471
chr3	148600000	161600000	fastq0024_HPNE_T3	HCJY7AFX7_MIxT1XT3_24s001577-1-1_Jeong_lane1T3xiTRU1A67	WC	1	65	idup_h1	1110	dup_h2	1020	28.2519780587799	19.0397174088952	0.0882352941176471
chr3	148600000	161600000	fastq0024_HPNE_T3	HCJY7AFX7_MIxT1XT3_24s001577-1-1_Jeong_lane1T3xiTRU1A75	CW	1	65	idup_h2	1011	dup_h1	2010	25.8268366406618	13.9536615275302	0.0588235294117647
chr3	161600000	166000000	fastq0024_HPNE_T3	HCJY7AFX7_MIxT1XT3_24s001577-1-1_Jeong_lane1T3xiTRU1A02	WW	1	21	del_h2	1000	ref_hom	1010	4.25131570102499	4.25131570102499	0.0588235294117647
chr3	161600000	166000000	fastq0024_HPNE_T3	HCJY7AFX7_MIxT1XT3_24s001577-1-1_Jeong_lane1T3xiTRU1A48	WW	1	21	del_h2	1000	del_h1	0010	4.72433980804095	0.000100676940594902	0.0588235294117647
chr3	161600000	166000000	fastq0024_HPNE_T3	HCJY7AFX7_MIxT1XT3_24s001577-1-1_Jeong_lane1T3xiTRU1A57	CW	1	21	idup_h1	1110	inv_hom	0101	9.23220014994872	1.55514300660403	0.0588235294117647
chr3	161600000	166000000	fastq0024_HPNE_T3	HCJY7AFX7_MIxT1XT3_24s001577-1-1_Jeong_lane1T3xiTRU1A67	WC	1	21	idup_h1	1110	complex	1200	8.52592039929059	1.85730222717766	0.0588235294117647
chr3	166000000	169800000	fastq0024_HPNE_T3	HCJY7AFX7_MIxT1XT3_24s001577-1-1_Jeong_lane1T3xiTRU1A20	CW	1	19	inv_hom	0101	complex	0011	10.533768522552	4.60516591485027	0.0588235294117647
chr3	166000000	169800000	fastq0024_HPNE_T3	HCJY7AFX7_MIxT1XT3_24s001577-1-1_Jeong_lane1T3xiTRU1A67	WC	1	19	complex	1101	complex	2100	15.6153659028406	2.02770771420966	0.0294117647058824
chr3	166000000	169800000	fastq0024_HPNE_T3	HCJY7AFX7_MIxT1XT3_24s001577-1-1_Jeong_lane1T3xiTRU1A83	CW	1	19	inv_hom	0101	ref_hom	1010	4.542303975444	4.542303975444	0.0588235294117647
chr3	169800000	170600000	fastq0024_HPNE_T3	HCJY7AFX7_MIxT1XT3_24s001577-1-1_Jeong_lane1T3xiTRU1A08	CW	1	4	dup_hom	2020	dup_h2	1020	4.00854700445368	1.256139462757	0.0294117647058824
chr3	170600000	172800000	fastq0024_HPNE_T3	HCJY7AFX7_MIxT1XT3_24s001577-1-1_Jeong_lane1T3xiTRU1A08	CW	1	11	dup_hom	2020	dup_h1	2010	8.20132422913568	4.39508139579921	0.0294117647058824
chr3	170600000	172800000	fastq0024_HPNE_T3	HCJY7AFX7_MIxT1XT3_24s001577-1-1_Jeong_lane1T3xiTRU1A16	CW	1	11	dup_h1	2010	complex	2100	5.07738923384638	5.00237682356508	0.0294117647058824
chr3	170600000	172800000	fastq0024_HPNE_T3	HCJY7AFX7_MIxT1XT3_24s001577-1-1_Jeong_lane1T3xiTRU1A75	CW	1	11	idup_h2	1011	complex	0012	10.5025748670459	3.14645153319799	0.0294117647058824
chr3	172800000	176600000	fastq0024_HPNE_T3	HCJY7AFX7_MIxT1XT3_24s001577-1-1_Jeong_lane1T3xiTRU1A39	CW	1	19	del_h1	0010	del_h2	1000	4.56531585561319	0.898692670223672	0.0882352941176471
chr3	172800000	176600000	fastq0024_HPNE_T3	HCJY7AFX7_MIxT1XT3_24s001577-1-1_Jeong_lane1T3xiTRU1A40	CC	1	19	del_h1	0010	ref_hom	1010	5.48930674574618	5.48930674574618	0.0882352941176471
chr3	172800000	176600000	fastq0024_HPNE_T3	HCJY7AFX7_MIxT1XT3_24s001577-1-1_Jeong_lane1T3xiTRU1A57	CW	1	19	inv_hom	0101	idup_h1	1110	4.70086414097651	1.3808583307614	0.0294117647058824
chr3	172800000	176600000	fastq0024_HPNE_T3	HCJY7AFX7_MIxT1XT3_24s001577-1-1_Jeong_lane1T3xiTRU1A76	WW	1	19	del_h1	0010	ref_hom	1010	6.31367992195433	6.31367992195433	0.0882352941176471
chr3	176600000	183000000	fastq0024_HPNE_T3	HCJY7AFX7_MIxT1XT3_24s001577-1-1_Jeong_lane1T3xiTRU1A08	CW	1	32	dup_h2	1020	idup_h1	1110	12.6160912846369	6.2526038819799	0.0294117647058824
chr3	176600000	183000000	fastq0024_HPNE_T3	HCJY7AFX7_MIxT1XT3_24s001577-1-1_Jeong_lane1T3xiTRU1A10	CW	1	32	dup_h1	2010	idup_h2	1011	12.5249479579034	11.556402075691	0.0882352941176471
chr3	176600000	183000000	fastq0024_HPNE_T3	HCJY7AFX7_MIxT1XT3_24s001577-1-1_Jeong_lane1T3xiTRU1A16	CW	1	32	dup_h1	2010	idup_h2	1011	12.5133392872596	5.46442213849749	0.0882352941176471
chr3	176600000	183000000	fastq0024_HPNE_T3	HCJY7AFX7_MIxT1XT3_24s001577-1-1_Jeong_lane1T3xiTRU1A67	WC	1	32	dup_h1	2010	complex	2100	14.0188623500227	4.64669891591437	0.0882352941176471
chr3	176600000	183000000	fastq0024_HPNE_T3	HCJY7AFX7_MIxT1XT3_24s001577-1-1_Jeong_lane1T3xiTRU1A75	CW	1	32	complex	1101	idup_h2	1011	17.3016932762163	1.49165761749741	0.0294117647058824
chr3	183000000	187400000	fastq0024_HPNE_T3	HCJY7AFX7_MIxT1XT3_24s001577-1-1_Jeong_lane1T3xiTRU1A08	CW	1	22	complex	1111	idup_h1	1110	18.0720475207927	4.34044418191441	0.0588235294117647
chr3	183000000	187400000	fastq0024_HPNE_T3	HCJY7AFX7_MIxT1XT3_24s001577-1-1_Jeong_lane1T3xiTRU1A10	CW	1	22	dup_h1	2010	complex	3010	18.3609264585537	7.18211070606631	0.147058823529412
chr3	183000000	187400000	fastq0024_HPNE_T3	HCJY7AFX7_MIxT1XT3_24s001577-1-1_Jeong_lane1T3xiTRU1A16	CW	1	22	dup_h1	2010	complex	3010	17.077147205832	4.80722935077161	0.147058823529412
chr3	183000000	187400000	fastq0024_HPNE_T3	HCJY7AFX7_MIxT1XT3_24s001577-1-1_Jeong_lane1T3xiTRU1A25	WW	1	22	dup_hom	2020	dup_h2	1020	6.4051428505069	0.906036581549164	0.0294117647058824
chr3	183000000	187400000	fastq0024_HPNE_T3	HCJY7AFX7_MIxT1XT3_24s001577-1-1_Jeong_lane1T3xiTRU1A37	CW	1	22	idup_h1	1110	dup_h2	1020	7.72079089965011	1.91158662655826	0.0294117647058824
chr3	183000000	187400000	fastq0024_HPNE_T3	HCJY7AFX7_MIxT1XT3_24s001577-1-1_Jeong_lane1T3xiTRU1A41	WC	1	22	dup_h1	2010	idup_h2	1011	6.11313921490394	3.03561093081469	0.147058823529412
chr3	183000000	187400000	fastq0024_HPNE_T3	HCJY7AFX7_MIxT1XT3_24s001577-1-1_Jeong_lane1T3xiTRU1A57	WC	1	22	idup_h2	1011	dup_h1	2010	12.1140813253376	7.33788025092823	0.0294117647058824
chr3	183000000	187400000	fastq0024_HPNE_T3	HCJY7AFX7_MIxT1XT3_24s001577-1-1_Jeong_lane1T3xiTRU1A66	WC	1	22	dup_h1	2010	complex	2100	14.6554707545142	1.89718101508495	0.147058823529412
chr3	183000000	187400000	fastq0024_HPNE_T3	HCJY7AFX7_MIxT1XT3_24s001577-1-1_Jeong_lane1T3xiTRU1A67	WC	1	22	complex	2100	complex	1101	19.5670421500164	2.57746247177868	0.0588235294117647
chr3	183000000	187400000	fastq0024_HPNE_T3	HCJY7AFX7_MIxT1XT3_24s001577-1-1_Jeong_lane1T3xiTRU1A75	CW	1	22	dup_h1	2010	idup_h2	1011	7.66603907957063	3.9873749693191	0.147058823529412
chr3	187400000	193600000	fastq0024_HPNE_T3	HCJY7AFX7_MIxT1XT3_24s001577-1-1_Jeong_lane1T3xiTRU1A08	CW	1	31	dup_hom	2020	dup_h2	1020	11.9826230820783	2.38031729586707	0.0294117647058824
chr3	187400000	193600000	fastq0024_HPNE_T3	HCJY7AFX7_MIxT1XT3_24s001577-1-1_Jeong_lane1T3xiTRU1A10	CW	1	31	dup_h1	2010	ref_hom	1010	8.52744941743127	8.52744941743127	0.0588235294117647
chr3	187400000	193600000	fastq0024_HPNE_T3	HCJY7AFX7_MIxT1XT3_24s001577-1-1_Jeong_lane1T3xiTRU1A16	CW	1	31	dup_h1	2010	ref_hom	1010	10.5519064513135	10.5519064513135	0.0588235294117647
chr3	187400000	193600000	fastq0024_HPNE_T3	HCJY7AFX7_MIxT1XT3_24s001577-1-1_Jeong_lane1T3xiTRU1A34	CW	1	31	complex	0011	ref_hom	1010	6.10971412895185	6.10971412895185	0.0588235294117647
chr3	187400000	193600000	fastq0024_HPNE_T3	HCJY7AFX7_MIxT1XT3_24s001577-1-1_Jeong_lane1T3xiTRU1A57	WC	1	31	idup_h2	1011	dup_h1	2010	5.57810784467077	3.22278406455714	0.0588235294117647
chr3	187400000	193600000	fastq0024_HPNE_T3	HCJY7AFX7_MIxT1XT3_24s001577-1-1_Jeong_lane1T3xiTRU1A67	WC	1	31	complex	2100	complex	1100	6.72321601201371	0.613495657461007	0.0588235294117647
chr3	187400000	193600000	fastq0024_HPNE_T3	HCJY7AFX7_MIxT1XT3_24s001577-1-1_Jeong_lane1T3xiTRU1A75	CW	1	31	idup_h2	1011	complex	1101	13.439700333669	4.49980692917361	0.0588235294117647
chr3	193600000	195600000	fastq0024_HPNE_T3	HCJY7AFX7_MIxT1XT3_24s001577-1-1_Jeong_lane1T3xiTRU1A08	CW	1	10	dup_hom	2020	dup_h2	1020	10.6327204245595	0.207840680015725	0.0294117647058824
chr3	193600000	195600000	fastq0024_HPNE_T3	HCJY7AFX7_MIxT1XT3_24s001577-1-1_Jeong_lane1T3xiTRU1A10	CW	1	10	dup_h1	2010	complex	3010	10.2822301965887	4.42011574007413	0.0882352941176471
chr3	193600000	195600000	fastq0024_HPNE_T3	HCJY7AFX7_MIxT1XT3_24s001577-1-1_Jeong_lane1T3xiTRU1A16	CW	1	10	dup_h1	2010	idup_h2	1011	4.5670362890098	2.52823002274717	0.0882352941176471
chr3	193600000	195600000	fastq0024_HPNE_T3	HCJY7AFX7_MIxT1XT3_24s001577-1-1_Jeong_lane1T3xiTRU1A37	CW	1	10	complex	0121	complex	0021	5.84252797985851	0.915080427025242	0.0294117647058824
chr3	193600000	195600000	fastq0024_HPNE_T3	HCJY7AFX7_MIxT1XT3_24s001577-1-1_Jeong_lane1T3xiTRU1A44	WC	1	10	idup_h1	1110	dup_h2	1020	5.98416020469016	3.50272466797598	0.0588235294117647
chr3	193600000	195600000	fastq0024_HPNE_T3	HCJY7AFX7_MIxT1XT3_24s001577-1-1_Jeong_lane1T3xiTRU1A57	WC	1	10	idup_h2	1011	dup_h1	2010	4.53248670585528	0.483762771843359	0.0588235294117647
chr3	193600000	195600000	fastq0024_HPNE_T3	HCJY7AFX7_MIxT1XT3_24s001577-1-1_Jeong_lane1T3xiTRU1A66	WC	1	10	dup_h1	2010	dup_hom	2020	4.18423609874819	3.45670566513252	0.0882352941176471
chr3	193600000	195600000	fastq0024_HPNE_T3	HCJY7AFX7_MIxT1XT3_24s001577-1-1_Jeong_lane1T3xiTRU1A67	WC	1	10	idup_h1	1110	complex	1200	12.5287001309931	1.88984852791684	0.0588235294117647
chr3	193600000	195600000	fastq0024_HPNE_T3	HCJY7AFX7_MIxT1XT3_24s001577-1-1_Jeong_lane1T3xiTRU1A75	CW	1	10	idup_h2	1011	complex	1101	11.7642945764238	4.49983214143295	0.0588235294117647
chr3	195600000	195800000	fastq0024_HPNE_T3	HCJY7AFX7_MIxT1XT3_24s001577-1-1_Jeong_lane1T3xiTRU1A20	CW	1	1	inv_hom	0101	complex	0111	8.21019596507678	0.0758048309193136	0.0588235294117647
chr3	195600000	195800000	fastq0024_HPNE_T3	HCJY7AFX7_MIxT1XT3_24s001577-1-1_Jeong_lane1T3xiTRU1A21	WW	1	1	idup_h2	1011	inv_h2	1001	7.61258693830823	0.988286981385341	0.0882352941176471
chr3	195600000	195800000	fastq0024_HPNE_T3	HCJY7AFX7_MIxT1XT3_24s001577-1-1_Jeong_lane1T3xiTRU1A27	CC	1	1	idup_h2	1011	complex	0022	7.11637822226997	2.51090436708516	0.0882352941176471
chr3	195600000	195800000	fastq0024_HPNE_T3	HCJY7AFX7_MIxT1XT3_24s001577-1-1_Jeong_lane1T3xiTRU1A40	CC	1	1	inv_hom	0101	complex	1101	10.1870109911037	0.288659351061915	0.0588235294117647
chr3	195600000	195800000	fastq0024_HPNE_T3	HCJY7AFX7_MIxT1XT3_24s001577-1-1_Jeong_lane1T3xiTRU1A48	WW	1	1	idup_h2	1011	inv_h2	1001	6.28524297823209	0.84885830014058	0.0882352941176471
chr3	195600000	195800000	fastq0024_HPNE_T3	HCJY7AFX7_MIxT1XT3_24s001577-1-1_Jeong_lane1T3xiTRU1A63	CC	1	1	idup_h1	1110	complex	2110	6.12714754388614	3.37114557032538	0.147058823529412
chr3	195600000	195800000	fastq0024_HPNE_T3	HCJY7AFX7_MIxT1XT3_24s001577-1-1_Jeong_lane1T3xiTRU1A65	WW	1	1	complex	0121	inv_h1	0110	13.0279015112536	0.17708293416988	0.0294117647058824
chr3	195600000	195800000	fastq0024_HPNE_T3	HCJY7AFX7_MIxT1XT3_24s001577-1-1_Jeong_lane1T3xiTRU1A67	WC	1	1	idup_h1	1110	inv_hom	0101	6.23064212633186	1.01617837406074	0.147058823529412
chr3	195600000	195800000	fastq0024_HPNE_T3	HCJY7AFX7_MIxT1XT3_24s001577-1-1_Jeong_lane1T3xiTRU1A75	CW	1	1	idup_h1	1110	complex	2110	4.68529733033759	3.57074006683988	0.147058823529412
chr3	195600000	195800000	fastq0024_HPNE_T3	HCJY7AFX7_MIxT1XT3_24s001577-1-1_Jeong_lane1T3xiTRU1A83	CC	1	1	idup_h1	1110	inv_h1	0110	11.8530172922791	0.955959010150691	0.147058823529412
chr3	195600000	195800000	fastq0024_HPNE_T3	HCJY7AFX7_MIxT1XT3_24s001577-1-1_Jeong_lane1T3xiTRU1A92	WW	1	1	idup_h1	1110	complex	2200	14.1951123330901	1.84802693920299	0.147058823529412
chr3	195800000	197000000	fastq0024_HPNE_T3	HCJY7AFX7_MIxT1XT3_24s001577-1-1_Jeong_lane1T3xiTRU1A08	CW	1	6	dup_hom	2020	dup_h2	1020	8.93590954042274	3.66535445062266	0.0588235294117647
chr3	195800000	197000000	fastq0024_HPNE_T3	HCJY7AFX7_MIxT1XT3_24s001577-1-1_Jeong_lane1T3xiTRU1A10	CW	1	6	dup_hom	2020	dup_h1	2010	4.94471209636542	0.478815350054618	0.0588235294117647
chr3	195800000	197000000	fastq0024_HPNE_T3	HCJY7AFX7_MIxT1XT3_24s001577-1-1_Jeong_lane1T3xiTRU1A16	CW	1	6	dup_h1	2010	idup_h2	1011	4.78008984883042	2.17147346734944	0.0588235294117647
chr3	195800000	197000000	fastq0024_HPNE_T3	HCJY7AFX7_MIxT1XT3_24s001577-1-1_Jeong_lane1T3xiTRU1A37	CW	1	6	idup_h1	1110	dup_h2	1020	5.4476321074603	2.38020462347032	0.0588235294117647
chr3	195800000	197000000	fastq0024_HPNE_T3	HCJY7AFX7_MIxT1XT3_24s001577-1-1_Jeong_lane1T3xiTRU1A67	WC	1	6	idup_h1	1110	complex	1200	7.99034310540558	3.1463037887706	0.0588235294117647
chr3	195800000	197000000	fastq0024_HPNE_T3	HCJY7AFX7_MIxT1XT3_24s001577-1-1_Jeong_lane1T3xiTRU1A75	CW	1	6	dup_h1	2010	dup_hom	2020	4.65901414235447	1.84447641189274	0.0588235294117647
chr3	197000000	198295559	fastq0024_HPNE_T3	HCJY7AFX7_MIxT1XT3_24s001577-1-1_Jeong_lane1T3xiTRU1A08	CW	1	6	dup_hom	2020	dup_h2	1020	7.5802170812144	1.90358389512489	0.0294117647058824
chr3	197000000	198295559	fastq0024_HPNE_T3	HCJY7AFX7_MIxT1XT3_24s001577-1-1_Jeong_lane1T3xiTRU1A92	WW	1	6	inv_h2	1001	inv_h1	0110	9.82928654091502	0.00792111001716744	0.0294117647058824
chr4	0	9200000	fastq0024_HPNE_T3	HCJY7AFX7_MIxT1XT3_24s001577-1-1_Jeong_lane1T3xiTRU1A39	WC	1	42	inv_hom	0101	complex	0011	23.119655026925	10.5966304619544	0.0294117647058824
chr4	0	9200000	fastq0024_HPNE_T3	HCJY7AFX7_MIxT1XT3_24s001577-1-1_Jeong_lane1T3xiTRU1A44	WW	1	42	dup_h1	2010	ref_hom	1010	4.93515436275638	4.93515436275638	0.0588235294117647
chr4	0	9200000	fastq0024_HPNE_T3	HCJY7AFX7_MIxT1XT3_24s001577-1-1_Jeong_lane1T3xiTRU1A79	WW	1	42	dup_h1	2010	dup_h2	1020	6.8035310666358	5.53828436670379	0.0588235294117647
chr4	9200000	9400000	fastq0024_HPNE_T3	HCJY7AFX7_MIxT1XT3_24s001577-1-1_Jeong_lane1T3xiTRU1A20	CW	1	1	del_h1	0010	inv_h1	0110	4.19347668378813	3.38397282204895	0.0294117647058824
chr4	24200000	27400000	fastq0024_HPNE_T3	HCJY7AFX7_MIxT1XT3_24s001577-1-1_Jeong_lane1T3xiTRU1A39	WC	1	16	inv_hom	0101	ref_hom	1010	4.05986784116886	4.05986784116886	0.0294117647058824
chr4	27400000	36200000	fastq0024_HPNE_T3	HCJY7AFX7_MIxT1XT3_24s001577-1-1_Jeong_lane1T3xiTRU1A05	CC	1	44	del_h2	1000	ref_hom	1010	8.71536047297624	8.71536047297624	0.0588235294117647
chr4	27400000	36200000	fastq0024_HPNE_T3	HCJY7AFX7_MIxT1XT3_24s001577-1-1_Jeong_lane1T3xiTRU1A25	WW	1	44	del_h1	0010	ref_hom	1010	11.4815988784966	11.4815988784966	0.0588235294117647
chr4	27400000	36200000	fastq0024_HPNE_T3	HCJY7AFX7_MIxT1XT3_24s001577-1-1_Jeong_lane1T3xiTRU1A39	WC	1	44	del_hom	0000	del_h2	1000	6.75858588768725	2.28978543671796	0.0294117647058824
chr4	27400000	36200000	fastq0024_HPNE_T3	HCJY7AFX7_MIxT1XT3_24s001577-1-1_Jeong_lane1T3xiTRU1A67	CC	1	44	del_h1	0010	del_h2	1000	7.88498884792715	5.99146454882948	0.0588235294117647
chr4	27400000	36200000	fastq0024_HPNE_T3	HCJY7AFX7_MIxT1XT3_24s001577-1-1_Jeong_lane1T3xiTRU1A79	WW	1	44	del_h2	1000	del_h1	0010	6.95716332485865	2.99573227183249	0.0588235294117647
chr4	36200000	37600000	fastq0024_HPNE_T3	HCJY7AFX7_MIxT1XT3_24s001577-1-1_Jeong_lane1T3xiTRU1A21	WC	1	7	inv_hom	0101	complex	1100	9.36488306643478	4.60501402760947	0.0294117647058824
chr4	37600000	42600000	fastq0024_HPNE_T3	HCJY7AFX7_MIxT1XT3_24s001577-1-1_Jeong_lane1T3xiTRU1A39	WC	1	25	inv_hom	0101	ref_hom	1010	4.47801532012556	4.47801532012556	0.0294117647058824
chr4	42600000	49200000	fastq0024_HPNE_T3	HCJY7AFX7_MIxT1XT3_24s001577-1-1_Jeong_lane1T3xiTRU1A08	CW	1	32	complex	0011	idup_h2	1011	38.9110205503639	6.48560349190945	0.205882352941176
chr4	42600000	49200000	fastq0024_HPNE_T3	HCJY7AFX7_MIxT1XT3_24s001577-1-1_Jeong_lane1T3xiTRU1A10	WW	1	32	del_hom	0000	complex	1111	79.0083972420217	0.205739544110024	0.205882352941176
chr4	42600000	49200000	fastq0024_HPNE_T3	HCJY7AFX7_MIxT1XT3_24s001577-1-1_Jeong_lane1T3xiTRU1A16	CC	1	32	del_hom	0000	complex	1111	14.8277341647568	0.205739544110024	0.205882352941176
chr4	42600000	49200000	fastq0024_HPNE_T3	HCJY7AFX7_MIxT1XT3_24s001577-1-1_Jeong_lane1T3xiTRU1A20	CW	1	32	idup_h2	1011	del_hom	0000	15.1278079815848	6.66980866443409	0.0294117647058824
chr4	42600000	49200000	fastq0024_HPNE_T3	HCJY7AFX7_MIxT1XT3_24s001577-1-1_Jeong_lane1T3xiTRU1A21	WC	1	32	complex	1100	idup_h1	1110	14.9451623619371	7.57357349472199	0.205882352941176
chr4	42600000	49200000	fastq0024_HPNE_T3	HCJY7AFX7_MIxT1XT3_24s001577-1-1_Jeong_lane1T3xiTRU1A25	WW	1	32	complex	1101	del_hom	0000	29.2621979337231	8.38777352176536	0.205882352941176
chr4	42600000	49200000	fastq0024_HPNE_T3	HCJY7AFX7_MIxT1XT3_24s001577-1-1_Jeong_lane1T3xiTRU1A39	WC	1	32	complex	1100	del_hom	0000	11.9494305800932	7.70151152014824	0.205882352941176
chr4	42600000	49200000	fastq0024_HPNE_T3	HCJY7AFX7_MIxT1XT3_24s001577-1-1_Jeong_lane1T3xiTRU1A43	WW	1	32	inv_hom	0101	complex	1101	14.1775904099305	0.677709838108235	0.0294117647058824
chr4	42600000	49200000	fastq0024_HPNE_T3	HCJY7AFX7_MIxT1XT3_24s001577-1-1_Jeong_lane1T3xiTRU1A50	WW	1	32	del_hom	0000	complex	1111	20.1764428065078	0.205739544110024	0.205882352941176
chr4	42600000	49200000	fastq0024_HPNE_T3	HCJY7AFX7_MIxT1XT3_24s001577-1-1_Jeong_lane1T3xiTRU1A55	CC	1	32	del_hom	0000	complex	1111	27.42049542792	0.205739544110024	0.205882352941176
chr4	42600000	49200000	fastq0024_HPNE_T3	HCJY7AFX7_MIxT1XT3_24s001577-1-1_Jeong_lane1T3xiTRU1A63	CW	1	32	del_hom	0000	complex	1111	55.5869086868353	0.205739544110024	0.205882352941176
chr4	42600000	49200000	fastq0024_HPNE_T3	HCJY7AFX7_MIxT1XT3_24s001577-1-1_Jeong_lane1T3xiTRU1A64	WC	1	32	idup_h1	1110	del_hom	0000	9.13496113799271	1.21991461044034	0.0588235294117647
chr4	42600000	49200000	fastq0024_HPNE_T3	HCJY7AFX7_MIxT1XT3_24s001577-1-1_Jeong_lane1T3xiTRU1A65	CW	1	32	complex	1101	del_hom	0000	66.7912598929977	3.95797403500043	0.205882352941176
chr4	42600000	49200000	fastq0024_HPNE_T3	HCJY7AFX7_MIxT1XT3_24s001577-1-1_Jeong_lane1T3xiTRU1A67	CC	1	32	del_hom	0000	complex	1111	64.6241146907638	0.205739544110024	0.205882352941176
chr4	42600000	49200000	fastq0024_HPNE_T3	HCJY7AFX7_MIxT1XT3_24s001577-1-1_Jeong_lane1T3xiTRU1A75	WW	1	32	complex	1100	del_h2	1000	20.1643000743871	6.95631781639065	0.205882352941176
chr4	42600000	49200000	fastq0024_HPNE_T3	HCJY7AFX7_MIxT1XT3_24s001577-1-1_Jeong_lane1T3xiTRU1A78	WC	1	32	del_hom	0000	complex	1111	46.4412620091048	0.205739544082789	0.205882352941176
chr4	42600000	49200000	fastq0024_HPNE_T3	HCJY7AFX7_MIxT1XT3_24s001577-1-1_Jeong_lane1T3xiTRU1A79	WW	1	32	complex	1101	inv_hom	0101	47.6474111248868	12.4551269130809	0.205882352941176
chr4	42600000	49200000	fastq0024_HPNE_T3	HCJY7AFX7_MIxT1XT3_24s001577-1-1_Jeong_lane1T3xiTRU1A83	CC	1	32	idup_h1	1110	del_hom	0000	7.6134125203381	5.02907936693269	0.0588235294117647
chr4	51800000	57400000	fastq0024_HPNE_T3	HCJY7AFX7_MIxT1XT3_24s001577-1-1_Jeong_lane1T3xiTRU1A78	WC	1	28	inv_hom	0101	ref_hom	1010	4.44021036061177	4.44021036061177	0.0294117647058824
chr4	57400000	67600000	fastq0024_HPNE_T3	HCJY7AFX7_MIxT1XT3_24s001577-1-1_Jeong_lane1T3xiTRU1A25	WW	1	50	del_h1	0010	del_h2	1000	4.35166105435511	2.89102075612391e-12	0.0294117647058824
chr4	57400000	67600000	fastq0024_HPNE_T3	HCJY7AFX7_MIxT1XT3_24s001577-1-1_Jeong_lane1T3xiTRU1A42	CC	1	50	del_h2	1000	del_h1	0010	8.82566405024753	5.99146454710509	0.0294117647058824
chr4	67600000	75000000	fastq0024_HPNE_T3	HCJY7AFX7_MIxT1XT3_24s001577-1-1_Jeong_lane1T3xiTRU1A02	WC	1	37	inv_hom	0101	complex	0011	5.05453628496034	4.60516591485026	0.0294117647058824
chr4	75000000	78800000	fastq0024_HPNE_T3	HCJY7AFX7_MIxT1XT3_24s001577-1-1_Jeong_lane1T3xiTRU1A10	WC	1	18	inv_hom	0101	idup_h2	1011	4.24627925162999	2.93301625599298	0.0588235294117647
chr4	75000000	78800000	fastq0024_HPNE_T3	HCJY7AFX7_MIxT1XT3_24s001577-1-1_Jeong_lane1T3xiTRU1A39	WC	1	18	inv_hom	0101	ref_hom	1010	10.2377436755032	10.2377436755032	0.0588235294117647
chr4	89400000	100600000	fastq0024_HPNE_T3	HCJY7AFX7_MIxT1XT3_24s001577-1-1_Jeong_lane1T3xiTRU1A39	WC	1	56	inv_hom	0101	complex	1100	17.0676241111941	10.5966304619582	0.0294117647058824
chr4	100600000	107600000	fastq0024_HPNE_T3	HCJY7AFX7_MIxT1XT3_24s001577-1-1_Jeong_lane1T3xiTRU1A57	WC	1	35	inv_hom	0101	complex	1100	5.02843711751994	4.60516591485009	0.0294117647058824
chr4	107600000	110800000	fastq0024_HPNE_T3	HCJY7AFX7_MIxT1XT3_24s001577-1-1_Jeong_lane1T3xiTRU1A10	WC	1	16	inv_hom	0101	idup_h2	1011	4.16165630650269	0.151419561751103	0.0294117647058824
chr4	107600000	110800000	fastq0024_HPNE_T3	HCJY7AFX7_MIxT1XT3_24s001577-1-1_Jeong_lane1T3xiTRU1A78	WC	1	16	complex	2000	inv_h2	1001	14.4045118084077	0.89096492428851	0.0294117647058824
chr4	110800000	124200000	fastq0024_HPNE_T3	HCJY7AFX7_MIxT1XT3_24s001577-1-1_Jeong_lane1T3xiTRU1A78	WC	1	67	inv_h2	1001	complex	2000	20.2447404068957	6.58616356266125	0.0294117647058824
chr4	124200000	127800000	fastq0024_HPNE_T3	HCJY7AFX7_MIxT1XT3_24s001577-1-1_Jeong_lane1T3xiTRU1A10	WC	1	18	inv_hom	0101	ref_hom	1010	4.27173363756166	4.27173363756166	0.0882352941176471
chr4	124200000	127800000	fastq0024_HPNE_T3	HCJY7AFX7_MIxT1XT3_24s001577-1-1_Jeong_lane1T3xiTRU1A64	WC	1	18	inv_hom	0101	ref_hom	1010	4.27173363750363	4.27173363750363	0.0882352941176471
chr4	124200000	127800000	fastq0024_HPNE_T3	HCJY7AFX7_MIxT1XT3_24s001577-1-1_Jeong_lane1T3xiTRU1A78	WC	1	18	inv_hom	0101	ref_hom	1010	4.27173363750372	4.27173363750372	0.0882352941176471
chr4	129000000	137200000	fastq0024_HPNE_T3	HCJY7AFX7_MIxT1XT3_24s001577-1-1_Jeong_lane1T3xiTRU1A05	CC	1	41	del_h1	0010	del_h2	1000	9.82266325176607	5.9914645458968	0.117647058823529
chr4	129000000	137200000	fastq0024_HPNE_T3	HCJY7AFX7_MIxT1XT3_24s001577-1-1_Jeong_lane1T3xiTRU1A37	WW	1	41	del_h1	0010	del_h2	1000	9.88970746528021	5.9914645458968	0.117647058823529
chr4	129000000	137200000	fastq0024_HPNE_T3	HCJY7AFX7_MIxT1XT3_24s001577-1-1_Jeong_lane1T3xiTRU1A40	CC	1	41	del_h1	0010	del_h2	1000	13.674073344307	5.9914645458968	0.117647058823529
chr4	129000000	137200000	fastq0024_HPNE_T3	HCJY7AFX7_MIxT1XT3_24s001577-1-1_Jeong_lane1T3xiTRU1A42	CC	1	41	del_h2	1000	ref_hom	1010	4.6667685935044	4.6667685935044	0.117647058823529
chr4	129000000	137200000	fastq0024_HPNE_T3	HCJY7AFX7_MIxT1XT3_24s001577-1-1_Jeong_lane1T3xiTRU1A44	WW	1	41	del_h2	1000	del_h1	0010	10.1885131106122	1.21118315377089e-09	0.117647058823529
chr4	129000000	137200000	fastq0024_HPNE_T3	HCJY7AFX7_MIxT1XT3_24s001577-1-1_Jeong_lane1T3xiTRU1A75	WW	1	41	del_h1	0010	ref_hom	1010	5.62677664153439	5.62677664153439	0.117647058823529
chr4	129000000	137200000	fastq0024_HPNE_T3	HCJY7AFX7_MIxT1XT3_24s001577-1-1_Jeong_lane1T3xiTRU1A78	WC	1	41	inv_hom	0101	complex	1100	5.15854536261169	4.60516591485027	0.0294117647058824
chr4	129000000	137200000	fastq0024_HPNE_T3	HCJY7AFX7_MIxT1XT3_24s001577-1-1_Jeong_lane1T3xiTRU1A79	WW	1	41	del_h2	1000	ref_hom	1010	4.69356954036875	4.69356954036875	0.117647058823529
chr4	129000000	137200000	fastq0024_HPNE_T3	HCJY7AFX7_MIxT1XT3_24s001577-1-1_Jeong_lane1T3xiTRU1A83	CC	1	41	del_h2	1000	ref_hom	1010	4.44008900049571	4.44008900049571	0.117647058823529
chr4	140200000	150800000	fastq0024_HPNE_T3	HCJY7AFX7_MIxT1XT3_24s001577-1-1_Jeong_lane1T3xiTRU1A39	WC	1	53	inv_hom	0101	complex	1100	4.96567279084869	4.60516591485027	0.0294117647058824
chr4	153600000	158400000	fastq0024_HPNE_T3	HCJY7AFX7_MIxT1XT3_24s001577-1-1_Jeong_lane1T3xiTRU1A10	WW	1	24	del_h2	1000	del_h1	0010	17.8880244688213	5.99145688437972	0.0294117647058824
chr4	153600000	158400000	fastq0024_HPNE_T3	HCJY7AFX7_MIxT1XT3_24s001577-1-1_Jeong_lane1T3xiTRU1A39	WC	1	24	inv_hom	0101	ref_hom	1010	4.48792684210984	4.48792684210984	0.0294117647058824
chr4	153600000	158400000	fastq0024_HPNE_T3	HCJY7AFX7_MIxT1XT3_24s001577-1-1_Jeong_lane1T3xiTRU1A78	WC	1	24	complex	1100	inv_hom	0101	5.87422547438011	1.38629863227053	0.0294117647058824
chr4	158400000	164800000	fastq0024_HPNE_T3	HCJY7AFX7_MIxT1XT3_24s001577-1-1_Jeong_lane1T3xiTRU1A10	WW	1	32	del_h2	1000	del_h1	0010	16.9443001638592	5.99146440664564	0.0294117647058824
chr4	158400000	164800000	fastq0024_HPNE_T3	HCJY7AFX7_MIxT1XT3_24s001577-1-1_Jeong_lane1T3xiTRU1A78	WC	1	32	inv_hom	0101	complex	0011	10.6249791712869	10.5966304619574	0.0294117647058824
chr4	165200000	178200000	fastq0024_HPNE_T3	HCJY7AFX7_MIxT1XT3_24s001577-1-1_Jeong_lane1T3xiTRU1A10	WW	1	65	del_h2	1000	del_h1	0010	15.8989947193141	5.99146454710798	0.0294117647058824
chr4	178200000	182800000	fastq0024_HPNE_T3	HCJY7AFX7_MIxT1XT3_24s001577-1-1_Jeong_lane1T3xiTRU1A10	WW	1	23	del_h2	1000	del_h1	0010	15.3720801779751	3.86560457243945e-06	0.0294117647058824
chr4	178200000	182800000	fastq0024_HPNE_T3	HCJY7AFX7_MIxT1XT3_24s001577-1-1_Jeong_lane1T3xiTRU1A35	WC	1	23	inv_hom	0101	ref_hom	1010	4.33665551981275	4.33665551981275	0.0294117647058824
chr4	178200000	182800000	fastq0024_HPNE_T3	HCJY7AFX7_MIxT1XT3_24s001577-1-1_Jeong_lane1T3xiTRU1A37	WW	1	23	inv_h2	1001	inv_h1	0110	14.3019871595135	9.62480379840258e-08	0.0294117647058824
chr4	182800000	185400000	fastq0024_HPNE_T3	HCJY7AFX7_MIxT1XT3_24s001577-1-1_Jeong_lane1T3xiTRU1A37	WW	1	13	inv_h2	1001	complex	1100	11.6859696206085	2.63896908744485	0.0294117647058824
chr4	185400000	190000000	fastq0024_HPNE_T3	HCJY7AFX7_MIxT1XT3_24s001577-1-1_Jeong_lane1T3xiTRU1A10	WW	1	23	del_h1	0010	ref_hom	1010	4.38460295053552	4.38460295053552	0.0294117647058824
chr4	185400000	190000000	fastq0024_HPNE_T3	HCJY7AFX7_MIxT1XT3_24s001577-1-1_Jeong_lane1T3xiTRU1A37	WW	1	23	inv_h2	1001	complex	0011	20.2129599472623	2.51916685263692	0.0294117647058824
chr4	185400000	190000000	fastq0024_HPNE_T3	HCJY7AFX7_MIxT1XT3_24s001577-1-1_Jeong_lane1T3xiTRU1A92	WC	1	23	complex	2000	del_h2	1000	27.7926053988852	16.8206192267468	0.0294117647058824
chr5	0	3800000	fastq0024_HPNE_T3	HCJY7AFX7_MIxT1XT3_24s001577-1-1_Jeong_lane1T3xiTRU1A02	CW	1	18	inv_hom	0101	ref_hom	1010	4.07213231371926	4.07213231371926	0.117647058823529
chr5	0	3800000	fastq0024_HPNE_T3	HCJY7AFX7_MIxT1XT3_24s001577-1-1_Jeong_lane1T3xiTRU1A10	CW	1	18	complex	0300	complex	0210	15.3175337816001	1.33056274187773	0.0294117647058824
chr5	0	3800000	fastq0024_HPNE_T3	HCJY7AFX7_MIxT1XT3_24s001577-1-1_Jeong_lane1T3xiTRU1A20	CW	1	18	inv_hom	0101	ref_hom	1010	4.07213231214842	4.07213231214842	0.117647058823529
chr5	0	3800000	fastq0024_HPNE_T3	HCJY7AFX7_MIxT1XT3_24s001577-1-1_Jeong_lane1T3xiTRU1A39	CW	1	18	dup_hom	2020	dup_h2	1020	8.27211729316782	3.49043461587683	0.0294117647058824
chr5	0	3800000	fastq0024_HPNE_T3	HCJY7AFX7_MIxT1XT3_24s001577-1-1_Jeong_lane1T3xiTRU1A41	CC	1	18	inv_h2	1001	inv_h1	0110	13.5218772724584	0.334500824121994	0.0588235294117647
chr5	0	3800000	fastq0024_HPNE_T3	HCJY7AFX7_MIxT1XT3_24s001577-1-1_Jeong_lane1T3xiTRU1A66	WC	1	18	inv_hom	0101	complex	0102	16.0550614188732	7.50074158837037	0.117647058823529
chr5	0	3800000	fastq0024_HPNE_T3	HCJY7AFX7_MIxT1XT3_24s001577-1-1_Jeong_lane1T3xiTRU1A67	CW	1	18	inv_hom	0101	ref_hom	1010	4.07213231217981	4.07213231217981	0.117647058823529
chr5	0	3800000	fastq0024_HPNE_T3	HCJY7AFX7_MIxT1XT3_24s001577-1-1_Jeong_lane1T3xiTRU1A83	CW	1	18	inv_h2	1001	complex	2000	14.7961200675176	1.03411768139039	0.0588235294117647
chr5	3800000	11800000	fastq0024_HPNE_T3	HCJY7AFX7_MIxT1XT3_24s001577-1-1_Jeong_lane1T3xiTRU1A10	CW	1	40	inv_h1	0110	complex	0020	15.7547447794499	1.99571346608367	0.0588235294117647
chr5	3800000	11800000	fastq0024_HPNE_T3	HCJY7AFX7_MIxT1XT3_24s001577-1-1_Jeong_lane1T3xiTRU1A20	CW	1	40	inv_hom	0101	complex	0011	4.85683386474272	4.46418033057981	0.0882352941176471
chr5	3800000	11800000	fastq0024_HPNE_T3	HCJY7AFX7_MIxT1XT3_24s001577-1-1_Jeong_lane1T3xiTRU1A34	CW	1	40	inv_hom	0101	complex	1100	4.85683386474272	4.46418033057983	0.0882352941176471
chr5	3800000	11800000	fastq0024_HPNE_T3	HCJY7AFX7_MIxT1XT3_24s001577-1-1_Jeong_lane1T3xiTRU1A41	CC	1	40	inv_h1	0110	inv_h2	1001	15.0713803915854	0.00379670231891627	0.0588235294117647
chr5	3800000	11800000	fastq0024_HPNE_T3	HCJY7AFX7_MIxT1XT3_24s001577-1-1_Jeong_lane1T3xiTRU1A83	CW	1	40	inv_h2	1001	complex	2000	15.7509462322943	3.33221467289414	0.0294117647058824
chr5	3800000	11800000	fastq0024_HPNE_T3	HCJY7AFX7_MIxT1XT3_24s001577-1-1_Jeong_lane1T3xiTRU1A92	WC	1	40	inv_hom	0101	complex	0011	10.8482984118507	10.4556448776878	0.0882352941176471
chr5	11800000	14000000	fastq0024_HPNE_T3	HCJY7AFX7_MIxT1XT3_24s001577-1-1_Jeong_lane1T3xiTRU1A10	CW	1	11	inv_h1	0110	complex	0020	15.4301262052533	2.18241410414079	0.0588235294117647
chr5	11800000	14000000	fastq0024_HPNE_T3	HCJY7AFX7_MIxT1XT3_24s001577-1-1_Jeong_lane1T3xiTRU1A41	CC	1	11	inv_h1	0110	inv_h2	1001	8.36349215830118	0.777059396430255	0.0588235294117647
chr5	11800000	14000000	fastq0024_HPNE_T3	HCJY7AFX7_MIxT1XT3_24s001577-1-1_Jeong_lane1T3xiTRU1A66	WC	1	11	inv_hom	0101	complex	1100	9.74048687752882	4.49349201679922	0.0294117647058824
chr5	14000000	17400000	fastq0024_HPNE_T3	HCJY7AFX7_MIxT1XT3_24s001577-1-1_Jeong_lane1T3xiTRU1A08	CW	1	17	inv_hom	0101	ref_hom	1010	4.23246608804696	4.23246608804696	0.147058823529412
chr5	14000000	17400000	fastq0024_HPNE_T3	HCJY7AFX7_MIxT1XT3_24s001577-1-1_Jeong_lane1T3xiTRU1A20	CW	1	17	inv_hom	0101	ref_hom	1010	4.2324660875338	4.2324660875338	0.147058823529412
chr5	14000000	17400000	fastq0024_HPNE_T3	HCJY7AFX7_MIxT1XT3_24s001577-1-1_Jeong_lane1T3xiTRU1A39	CW	1	17	inv_hom	0101	ref_hom	1010	4.23246608845415	4.23246608845415	0.147058823529412
chr5	14000000	17400000	fastq0024_HPNE_T3	HCJY7AFX7_MIxT1XT3_24s001577-1-1_Jeong_lane1T3xiTRU1A83	CW	1	17	inv_hom	0101	ref_hom	1010	4.23246608754705	4.23246608754705	0.147058823529412
chr5	14000000	17400000	fastq0024_HPNE_T3	HCJY7AFX7_MIxT1XT3_24s001577-1-1_Jeong_lane1T3xiTRU1A92	WC	1	17	inv_hom	0101	ref_hom	1010	4.23246608753376	4.23246608753376	0.147058823529412
chr5	17400000	25000000	fastq0024_HPNE_T3	HCJY7AFX7_MIxT1XT3_24s001577-1-1_Jeong_lane1T3xiTRU1A39	CW	1	38	complex	1100	inv_hom	0101	6.27079982937836	1.38629863225774	0.0294117647058824
chr5	17400000	25000000	fastq0024_HPNE_T3	HCJY7AFX7_MIxT1XT3_24s001577-1-1_Jeong_lane1T3xiTRU1A92	WC	1	38	inv_hom	0101	complex	0011	4.88450119712061	4.60516591485027	0.0294117647058824
chr5	25000000	30800000	fastq0024_HPNE_T3	HCJY7AFX7_MIxT1XT3_24s001577-1-1_Jeong_lane1T3xiTRU1A20	CW	1	29	inv_hom	0101	complex	1100	7.74997453965603	4.60516591485027	0.0294117647058824
chr5	25000000	30800000	fastq0024_HPNE_T3	HCJY7AFX7_MIxT1XT3_24s001577-1-1_Jeong_lane1T3xiTRU1A25	WW	1	29	del_h2	1000	ref_hom	1010	4.52484393123543	4.52484393123543	0.0294117647058824
chr5	32600000	49800000	fastq0024_HPNE_T3	HCJY7AFX7_MIxT1XT3_24s001577-1-1_Jeong_lane1T3xiTRU1A02	CW	1	69	complex	0011	complex	0021	102.158772258824	38.2822046459903	0.764705882352941
chr5	32600000	49800000	fastq0024_HPNE_T3	HCJY7AFX7_MIxT1XT3_24s001577-1-1_Jeong_lane1T3xiTRU1A08	CW	1	69	complex	0011	idup_h2	1011	72.2014495232845	0.0234656857134539	0.764705882352941
chr5	32600000	49800000	fastq0024_HPNE_T3	HCJY7AFX7_MIxT1XT3_24s001577-1-1_Jeong_lane1T3xiTRU1A16	CW	1	69	complex	0011	idup_h2	1011	66.2099849761765	4.50191663639504	0.764705882352941
chr5	32600000	49800000	fastq0024_HPNE_T3	HCJY7AFX7_MIxT1XT3_24s001577-1-1_Jeong_lane1T3xiTRU1A20	CW	1	69	complex	1111	del_hom	0000	185.432377635652	47.3424561031408	0.764705882352941
chr5	32600000	49800000	fastq0024_HPNE_T3	HCJY7AFX7_MIxT1XT3_24s001577-1-1_Jeong_lane1T3xiTRU1A21	CW	1	69	complex	0011	idup_h2	1011	72.2014495232844	14.2785384900071	0.764705882352941
chr5	32600000	49800000	fastq0024_HPNE_T3	HCJY7AFX7_MIxT1XT3_24s001577-1-1_Jeong_lane1T3xiTRU1A25	CW	1	69	complex	0011	ref_hom	1010	15.2825363257586	15.2825363257586	0.764705882352941
chr5	32600000	49800000	fastq0024_HPNE_T3	HCJY7AFX7_MIxT1XT3_24s001577-1-1_Jeong_lane1T3xiTRU1A27	CC	1	69	complex	0011	idup_h2	1011	29.4883882725606	11.6660366965321	0.764705882352941
chr5	32600000	49800000	fastq0024_HPNE_T3	HCJY7AFX7_MIxT1XT3_24s001577-1-1_Jeong_lane1T3xiTRU1A34	CW	1	69	complex	0011	idup_h2	1011	177.052079097674	14.8506524569691	0.764705882352941
chr5	32600000	49800000	fastq0024_HPNE_T3	HCJY7AFX7_MIxT1XT3_24s001577-1-1_Jeong_lane1T3xiTRU1A35	CW	1	69	complex	0011	ref_hom	1010	18.2782685993126	18.2782685993126	0.764705882352941
chr5	32600000	49800000	fastq0024_HPNE_T3	HCJY7AFX7_MIxT1XT3_24s001577-1-1_Jeong_lane1T3xiTRU1A39	CW	1	69	complex	0011	idup_h2	1011	45.2398590612985	21.4576806026629	0.764705882352941
chr5	32600000	49800000	fastq0024_HPNE_T3	HCJY7AFX7_MIxT1XT3_24s001577-1-1_Jeong_lane1T3xiTRU1A42	CW	1	69	complex	0011	ref_hom	1010	12.2868040522046	12.2868040522046	0.764705882352941
chr5	32600000	49800000	fastq0024_HPNE_T3	HCJY7AFX7_MIxT1XT3_24s001577-1-1_Jeong_lane1T3xiTRU1A43	CW	1	69	complex	0011	inv_hom	0101	36.2526622406366	16.3649600000277	0.764705882352941
chr5	32600000	49800000	fastq0024_HPNE_T3	HCJY7AFX7_MIxT1XT3_24s001577-1-1_Jeong_lane1T3xiTRU1A44	CC	1	69	complex	0011	idup_h2	1011	44.4670526692571	2.67883987587018	0.764705882352941
chr5	32600000	49800000	fastq0024_HPNE_T3	HCJY7AFX7_MIxT1XT3_24s001577-1-1_Jeong_lane1T3xiTRU1A48	CW	1	69	complex	0011	complex	0111	78.1929140703924	29.5090182684049	0.764705882352941
chr5	32600000	49800000	fastq0024_HPNE_T3	HCJY7AFX7_MIxT1XT3_24s001577-1-1_Jeong_lane1T3xiTRU1A50	CC	1	69	complex	0011	complex	1111	74.4243694830992	4.56718029745051	0.764705882352941
chr5	32600000	49800000	fastq0024_HPNE_T3	HCJY7AFX7_MIxT1XT3_24s001577-1-1_Jeong_lane1T3xiTRU1A55	CW	1	69	complex	0011	complex	0111	195.026472738998	13.2996627967087	0.764705882352941
chr5	32600000	49800000	fastq0024_HPNE_T3	HCJY7AFX7_MIxT1XT3_24s001577-1-1_Jeong_lane1T3xiTRU1A57	CC	1	69	complex	0011	complex	0111	35.4798606836955	9.30804870588519	0.764705882352941
chr5	32600000	49800000	fastq0024_HPNE_T3	HCJY7AFX7_MIxT1XT3_24s001577-1-1_Jeong_lane1T3xiTRU1A63	CW	1	69	complex	0011	complex	0111	111.145969079486	15.9120925179382	0.764705882352941
chr5	32600000	49800000	fastq0024_HPNE_T3	HCJY7AFX7_MIxT1XT3_24s001577-1-1_Jeong_lane1T3xiTRU1A64	WW	1	69	idup_h2	1011	complex	0011	62.7583831386074	0.316892397683844	0.0882352941176471
chr5	32600000	49800000	fastq0024_HPNE_T3	HCJY7AFX7_MIxT1XT3_24s001577-1-1_Jeong_lane1T3xiTRU1A65	CC	1	69	complex	0011	idup_h2	1011	95.3944953961851	19.4629326344831	0.764705882352941
chr5	32600000	49800000	fastq0024_HPNE_T3	HCJY7AFX7_MIxT1XT3_24s001577-1-1_Jeong_lane1T3xiTRU1A66	WC	1	69	complex	0011	complex	1111	21.2740008728666	10.2173380130502	0.764705882352941
chr5	32600000	49800000	fastq0024_HPNE_T3	HCJY7AFX7_MIxT1XT3_24s001577-1-1_Jeong_lane1T3xiTRU1A67	CW	1	69	complex	0011	complex	0111	138.107559541472	4.67557191550208	0.764705882352941
chr5	32600000	49800000	fastq0024_HPNE_T3	HCJY7AFX7_MIxT1XT3_24s001577-1-1_Jeong_lane1T3xiTRU1A75	CC	1	69	idup_h2	1011	complex	1111	12.5570960260918	0.647679842514592	0.0882352941176471
chr5	32600000	49800000	fastq0024_HPNE_T3	HCJY7AFX7_MIxT1XT3_24s001577-1-1_Jeong_lane1T3xiTRU1A76	CW	1	69	complex	0011	idup_h2	1011	93.1715754381624	16.5050423427886	0.764705882352941
chr5	32600000	49800000	fastq0024_HPNE_T3	HCJY7AFX7_MIxT1XT3_24s001577-1-1_Jeong_lane1T3xiTRU1A78	CC	1	69	complex	1111	idup_h2	1011	39.4139594260586	9.20518248183994	0.764705882352941
chr5	32600000	49800000	fastq0024_HPNE_T3	HCJY7AFX7_MIxT1XT3_24s001577-1-1_Jeong_lane1T3xiTRU1A79	WC	1	69	complex	0011	idup_h2	1011	42.2441267877446	32.2503088158986	0.764705882352941
chr5	32600000	49800000	fastq0024_HPNE_T3	HCJY7AFX7_MIxT1XT3_24s001577-1-1_Jeong_lane1T3xiTRU1A80	WW	1	69	complex	0011	idup_h2	1011	50.4585112930212	0.43961440053053	0.764705882352941
chr5	32600000	49800000	fastq0024_HPNE_T3	HCJY7AFX7_MIxT1XT3_24s001577-1-1_Jeong_lane1T3xiTRU1A83	CW	1	69	idup_h2	1011	complex	1111	51.964364720905	10.667280552988	0.0882352941176471
chr5	32600000	49800000	fastq0024_HPNE_T3	HCJY7AFX7_MIxT1XT3_24s001577-1-1_Jeong_lane1T3xiTRU1A92	WC	1	69	complex	0011	complex	1111	314.855763681158	6.90257550903897	0.764705882352941
chr5	49800000	50200000	fastq0024_HPNE_T3	HCJY7AFX7_MIxT1XT3_24s001577-1-1_Jeong_lane1T3xiTRU1A27	CC	1	2	inv_hom	0101	inv_h2	1001	9.20753142656179	2.49997626740578	0.176470588235294
chr5	49800000	50200000	fastq0024_HPNE_T3	HCJY7AFX7_MIxT1XT3_24s001577-1-1_Jeong_lane1T3xiTRU1A34	CW	1	2	inv_hom	0101	inv_h1	0110	5.78921415599848	1.45438601795847	0.176470588235294
chr5	49800000	50200000	fastq0024_HPNE_T3	HCJY7AFX7_MIxT1XT3_24s001577-1-1_Jeong_lane1T3xiTRU1A41	CC	1	2	inv_hom	0101	inv_h1	0110	11.6901911132282	1.10872114442492	0.176470588235294
chr5	49800000	50200000	fastq0024_HPNE_T3	HCJY7AFX7_MIxT1XT3_24s001577-1-1_Jeong_lane1T3xiTRU1A57	CC	1	2	inv_hom	0101	inv_h2	1001	9.33305192158648	2.5939876163239	0.176470588235294
chr5	49800000	50200000	fastq0024_HPNE_T3	HCJY7AFX7_MIxT1XT3_24s001577-1-1_Jeong_lane1T3xiTRU1A64	WW	1	2	inv_hom	0101	complex	0102	15.0247392153423	4.79857808645469	0.176470588235294
chr5	49800000	50200000	fastq0024_HPNE_T3	HCJY7AFX7_MIxT1XT3_24s001577-1-1_Jeong_lane1T3xiTRU1A65	CC	1	2	inv_hom	0101	inv_h2	1001	8.22262743047502	0.735571147452138	0.176470588235294
chr5	49800000	50200000	fastq0024_HPNE_T3	HCJY7AFX7_MIxT1XT3_24s001577-1-1_Jeong_lane1T3xiTRU1A75	CC	1	2	inv_h2	1001	inv_h1	0110	5.03090331305948	0.315506867210501	0.0882352941176471
chr5	49800000	50200000	fastq0024_HPNE_T3	HCJY7AFX7_MIxT1XT3_24s001577-1-1_Jeong_lane1T3xiTRU1A78	CC	1	2	inv_h2	1001	inv_h1	0110	4.55426577069465	0.315506867210501	0.0882352941176471
chr5	49800000	50200000	fastq0024_HPNE_T3	HCJY7AFX7_MIxT1XT3_24s001577-1-1_Jeong_lane1T3xiTRU1A92	WC	1	2	inv_h2	1001	del_h2	1000	6.36295205833174	2.38245642518488	0.0882352941176471
chr5	50200000	54200000	fastq0024_HPNE_T3	HCJY7AFX7_MIxT1XT3_24s001577-1-1_Jeong_lane1T3xiTRU1A67	CW	1	20	inv_hom	0101	ref_hom	1010	4.27761802780846	4.27761802780846	0.0294117647058824
chr5	56600000	69000000	fastq0024_HPNE_T3	HCJY7AFX7_MIxT1XT3_24s001577-1-1_Jeong_lane1T3xiTRU1A20	CW	1	62	inv_hom	0101	complex	0011	5.02836217308463	4.60516591485027	0.0588235294117647
chr5	56600000	69000000	fastq0024_HPNE_T3	HCJY7AFX7_MIxT1XT3_24s001577-1-1_Jeong_lane1T3xiTRU1A43	CW	1	62	inv_hom	0101	complex	0011	5.02836217308463	4.60516591484945	0.0588235294117647
chr5	71400000	76000000	fastq0024_HPNE_T3	HCJY7AFX7_MIxT1XT3_24s001577-1-1_Jeong_lane1T3xiTRU1A20	CW	1	23	inv_hom	0101	complex	1100	4.60902563536679	4.60516591484947	0.147058823529412
chr5	71400000	76000000	fastq0024_HPNE_T3	HCJY7AFX7_MIxT1XT3_24s001577-1-1_Jeong_lane1T3xiTRU1A55	CW	1	23	inv_hom	0101	complex	1100	4.60902563536684	4.60516591483926	0.147058823529412
chr5	71400000	76000000	fastq0024_HPNE_T3	HCJY7AFX7_MIxT1XT3_24s001577-1-1_Jeong_lane1T3xiTRU1A66	WC	1	23	inv_hom	0101	complex	0011	4.60902563538284	4.60516591167103	0.147058823529412
chr5	71400000	76000000	fastq0024_HPNE_T3	HCJY7AFX7_MIxT1XT3_24s001577-1-1_Jeong_lane1T3xiTRU1A76	CW	1	23	inv_hom	0101	complex	0011	4.60902563538925	4.60516591040324	0.147058823529412
chr5	71400000	76000000	fastq0024_HPNE_T3	HCJY7AFX7_MIxT1XT3_24s001577-1-1_Jeong_lane1T3xiTRU1A83	CW	1	23	inv_hom	0101	complex	1100	4.6090256353674	4.60516591472912	0.147058823529412
chr5	76000000	82800000	fastq0024_HPNE_T3	HCJY7AFX7_MIxT1XT3_24s001577-1-1_Jeong_lane1T3xiTRU1A20	CW	1	34	inv_hom	0101	complex	0011	7.78754869739891	1.60943364129628	0.0882352941176471
chr5	76000000	82800000	fastq0024_HPNE_T3	HCJY7AFX7_MIxT1XT3_24s001577-1-1_Jeong_lane1T3xiTRU1A25	CW	1	34	inv_hom	0101	complex	0011	10.7832809709529	4.60516591484905	0.0882352941176471
chr5	76000000	82800000	fastq0024_HPNE_T3	HCJY7AFX7_MIxT1XT3_24s001577-1-1_Jeong_lane1T3xiTRU1A92	WC	1	34	inv_hom	0101	complex	0011	4.79181642384491	4.60516591485027	0.0882352941176471
chr5	82800000	90200000	fastq0024_HPNE_T3	HCJY7AFX7_MIxT1XT3_24s001577-1-1_Jeong_lane1T3xiTRU1A05	CC	1	37	del_h1	0010	del_h2	1000	6.04545686947388	5.73007419291116e-10	0.0294117647058824
chr5	82800000	90200000	fastq0024_HPNE_T3	HCJY7AFX7_MIxT1XT3_24s001577-1-1_Jeong_lane1T3xiTRU1A42	CW	1	37	inv_hom	0101	complex	1100	4.91424387614097	4.60516591484618	0.0588235294117647
chr5	82800000	90200000	fastq0024_HPNE_T3	HCJY7AFX7_MIxT1XT3_24s001577-1-1_Jeong_lane1T3xiTRU1A67	CW	1	37	inv_hom	0101	complex	1100	4.91424387614095	4.60516591485027	0.0588235294117647
chr5	90200000	95400000	fastq0024_HPNE_T3	HCJY7AFX7_MIxT1XT3_24s001577-1-1_Jeong_lane1T3xiTRU1A02	CW	1	26	inv_hom	0101	ref_hom	1010	4.54756349937584	4.54756349937584	0.0882352941176471
chr5	90200000	95400000	fastq0024_HPNE_T3	HCJY7AFX7_MIxT1XT3_24s001577-1-1_Jeong_lane1T3xiTRU1A08	CW	1	26	inv_hom	0101	ref_hom	1010	4.54756349937584	4.54756349937584	0.0882352941176471
chr5	90200000	95400000	fastq0024_HPNE_T3	HCJY7AFX7_MIxT1XT3_24s001577-1-1_Jeong_lane1T3xiTRU1A76	CW	1	26	inv_hom	0101	ref_hom	1010	4.54756349937584	4.54756349937584	0.0882352941176471
chr5	95400000	97200000	fastq0024_HPNE_T3	HCJY7AFX7_MIxT1XT3_24s001577-1-1_Jeong_lane1T3xiTRU1A48	CW	1	9	inv_hom	0101	ref_hom	1010	4.18480263948449	4.18480263948449	0.0588235294117647
chr5	95400000	97200000	fastq0024_HPNE_T3	HCJY7AFX7_MIxT1XT3_24s001577-1-1_Jeong_lane1T3xiTRU1A63	CW	1	9	inv_hom	0101	ref_hom	1010	4.18480263943044	4.18480263943044	0.0588235294117647
chr5	97200000	111600000	fastq0024_HPNE_T3	HCJY7AFX7_MIxT1XT3_24s001577-1-1_Jeong_lane1T3xiTRU1A44	WC	1	72	inv_hom	0101	complex	1100	4.88346528250593	4.60516591485027	0.0882352941176471
chr5	97200000	111600000	fastq0024_HPNE_T3	HCJY7AFX7_MIxT1XT3_24s001577-1-1_Jeong_lane1T3xiTRU1A55	CW	1	72	inv_hom	0101	complex	0011	4.88346528250593	4.60516591485027	0.0882352941176471
chr5	97200000	111600000	fastq0024_HPNE_T3	HCJY7AFX7_MIxT1XT3_24s001577-1-1_Jeong_lane1T3xiTRU1A64	WW	1	72	del_h1	0010	ref_hom	1010	4.15589155814868	4.15589155814868	0.0294117647058824
chr5	97200000	111600000	fastq0024_HPNE_T3	HCJY7AFX7_MIxT1XT3_24s001577-1-1_Jeong_lane1T3xiTRU1A83	CW	1	72	inv_hom	0101	complex	0011	4.88346528250593	4.60516591485027	0.0882352941176471
chr5	111600000	120000000	fastq0024_HPNE_T3	HCJY7AFX7_MIxT1XT3_24s001577-1-1_Jeong_lane1T3xiTRU1A25	CW	1	42	inv_hom	0101	complex	1100	5.02168396027971	4.60516591484938	0.0882352941176471
chr5	111600000	120000000	fastq0024_HPNE_T3	HCJY7AFX7_MIxT1XT3_24s001577-1-1_Jeong_lane1T3xiTRU1A44	WC	1	42	inv_hom	0101	complex	0011	5.02168396027972	4.60516591484912	0.0882352941176471
chr5	111600000	120000000	fastq0024_HPNE_T3	HCJY7AFX7_MIxT1XT3_24s001577-1-1_Jeong_lane1T3xiTRU1A48	CW	1	42	inv_hom	0101	complex	1100	5.02168396027971	4.60516591485027	0.0882352941176471
chr5	111600000	120000000	fastq0024_HPNE_T3	HCJY7AFX7_MIxT1XT3_24s001577-1-1_Jeong_lane1T3xiTRU1A92	WC	1	42	complex	1100	inv_hom	0101	12.3994471396454	1.38629863225771	0.0294117647058824
chr5	120000000	122000000	fastq0024_HPNE_T3	HCJY7AFX7_MIxT1XT3_24s001577-1-1_Jeong_lane1T3xiTRU1A08	CW	1	10	inv_hom	0101	ref_hom	1010	4.30489312128855	4.30489312128855	0.0294117647058824
chr5	122000000	126000000	fastq0024_HPNE_T3	HCJY7AFX7_MIxT1XT3_24s001577-1-1_Jeong_lane1T3xiTRU1A02	CW	1	20	inv_hom	0101	ref_hom	1010	4.50271660097666	4.50271660097666	0.117647058823529
chr5	122000000	126000000	fastq0024_HPNE_T3	HCJY7AFX7_MIxT1XT3_24s001577-1-1_Jeong_lane1T3xiTRU1A65	CW	1	20	inv_hom	0101	ref_hom	1010	7.49844887453017	7.49844887453017	0.117647058823529
chr5	122000000	126000000	fastq0024_HPNE_T3	HCJY7AFX7_MIxT1XT3_24s001577-1-1_Jeong_lane1T3xiTRU1A76	CW	1	20	inv_hom	0101	ref_hom	1010	7.49844887453059	7.49844887453059	0.117647058823529
chr5	122000000	126000000	fastq0024_HPNE_T3	HCJY7AFX7_MIxT1XT3_24s001577-1-1_Jeong_lane1T3xiTRU1A83	CW	1	20	inv_hom	0101	ref_hom	1010	10.4941811480871	10.4941811480871	0.117647058823529
chr5	126000000	128400000	fastq0024_HPNE_T3	HCJY7AFX7_MIxT1XT3_24s001577-1-1_Jeong_lane1T3xiTRU1A48	CW	1	12	inv_hom	0101	ref_hom	1010	4.21616407251097	4.21616407251097	0.147058823529412
chr5	126000000	128400000	fastq0024_HPNE_T3	HCJY7AFX7_MIxT1XT3_24s001577-1-1_Jeong_lane1T3xiTRU1A63	CW	1	12	inv_hom	0101	ref_hom	1010	4.21616407258531	4.21616407258531	0.147058823529412
chr5	126000000	128400000	fastq0024_HPNE_T3	HCJY7AFX7_MIxT1XT3_24s001577-1-1_Jeong_lane1T3xiTRU1A65	CW	1	12	inv_hom	0101	ref_hom	1010	4.21616407299144	4.21616407299144	0.147058823529412
chr5	126000000	128400000	fastq0024_HPNE_T3	HCJY7AFX7_MIxT1XT3_24s001577-1-1_Jeong_lane1T3xiTRU1A66	WC	1	12	inv_hom	0101	ref_hom	1010	4.21616407276986	4.21616407276986	0.147058823529412
chr5	126000000	128400000	fastq0024_HPNE_T3	HCJY7AFX7_MIxT1XT3_24s001577-1-1_Jeong_lane1T3xiTRU1A83	CW	1	12	inv_hom	0101	complex	1100	10.2076286196069	4.60516590989691	0.147058823529412
chr5	128400000	132000000	fastq0024_HPNE_T3	HCJY7AFX7_MIxT1XT3_24s001577-1-1_Jeong_lane1T3xiTRU1A42	CW	1	18	inv_hom	0101	ref_hom	1010	4.56453713633762	4.56453713633762	0.0294117647058824
chr5	132000000	135600000	fastq0024_HPNE_T3	HCJY7AFX7_MIxT1XT3_24s001577-1-1_Jeong_lane1T3xiTRU1A21	CW	1	18	inv_hom	0101	ref_hom	1010	4.42938937294281	4.42938937294281	0.117647058823529
chr5	132000000	135600000	fastq0024_HPNE_T3	HCJY7AFX7_MIxT1XT3_24s001577-1-1_Jeong_lane1T3xiTRU1A39	CW	1	18	idup_h2	1011	inv_hom	0101	6.45734687801706	2.02795104564167	0.0294117647058824
chr5	132000000	135600000	fastq0024_HPNE_T3	HCJY7AFX7_MIxT1XT3_24s001577-1-1_Jeong_lane1T3xiTRU1A66	WC	1	18	inv_hom	0101	complex	0102	10.420853924232	7.91415470938468	0.117647058823529
chr5	132000000	135600000	fastq0024_HPNE_T3	HCJY7AFX7_MIxT1XT3_24s001577-1-1_Jeong_lane1T3xiTRU1A67	CW	1	18	inv_hom	0101	ref_hom	1010	4.42938937320282	4.42938937320282	0.117647058823529
chr5	132000000	135600000	fastq0024_HPNE_T3	HCJY7AFX7_MIxT1XT3_24s001577-1-1_Jeong_lane1T3xiTRU1A83	CW	1	18	inv_hom	0101	ref_hom	1010	4.42938937327963	4.42938937327963	0.117647058823529
chr5	135600000	138000000	fastq0024_HPNE_T3	HCJY7AFX7_MIxT1XT3_24s001577-1-1_Jeong_lane1T3xiTRU1A25	CW	1	12	inv_hom	0101	ref_hom	1010	4.39794220268455	4.39794220268455	0.117647058823529
chr5	135600000	138000000	fastq0024_HPNE_T3	HCJY7AFX7_MIxT1XT3_24s001577-1-1_Jeong_lane1T3xiTRU1A55	CW	1	12	inv_hom	0101	ref_hom	1010	4.39794219586746	4.39794219586746	0.117647058823529
chr5	135600000	138000000	fastq0024_HPNE_T3	HCJY7AFX7_MIxT1XT3_24s001577-1-1_Jeong_lane1T3xiTRU1A66	WC	1	12	inv_hom	0101	ref_hom	1010	4.39794219607446	4.39794219607446	0.117647058823529
chr5	135600000	138000000	fastq0024_HPNE_T3	HCJY7AFX7_MIxT1XT3_24s001577-1-1_Jeong_lane1T3xiTRU1A76	CW	1	12	inv_hom	0101	ref_hom	1010	4.39794219587645	4.39794219587645	0.117647058823529
chr5	138000000	140800000	fastq0024_HPNE_T3	HCJY7AFX7_MIxT1XT3_24s001577-1-1_Jeong_lane1T3xiTRU1A08	CW	1	14	inv_hom	0101	complex	0011	10.4347665843978	4.60516549539922	0.117647058823529
chr5	138000000	140800000	fastq0024_HPNE_T3	HCJY7AFX7_MIxT1XT3_24s001577-1-1_Jeong_lane1T3xiTRU1A25	CW	1	14	inv_hom	0101	idup_h1	1110	4.44330211082505	1.23621245277229	0.117647058823529
chr5	138000000	140800000	fastq0024_HPNE_T3	HCJY7AFX7_MIxT1XT3_24s001577-1-1_Jeong_lane1T3xiTRU1A42	CW	1	14	inv_hom	0101	ref_hom	1010	4.4433020392657	4.4433020392657	0.117647058823529
chr5	138000000	140800000	fastq0024_HPNE_T3	HCJY7AFX7_MIxT1XT3_24s001577-1-1_Jeong_lane1T3xiTRU1A66	WC	1	14	inv_hom	0101	ref_hom	1010	4.44330204120141	4.44330204120141	0.117647058823529
chr5	140800000	143800000	fastq0024_HPNE_T3	HCJY7AFX7_MIxT1XT3_24s001577-1-1_Jeong_lane1T3xiTRU1A02	CW	1	15	inv_hom	0101	ref_hom	1010	4.53432673483645	4.53432673483645	0.117647058823529
chr5	140800000	143800000	fastq0024_HPNE_T3	HCJY7AFX7_MIxT1XT3_24s001577-1-1_Jeong_lane1T3xiTRU1A16	CW	1	15	inv_hom	0101	ref_hom	1010	4.5343267339238	4.5343267339238	0.117647058823529
chr5	140800000	143800000	fastq0024_HPNE_T3	HCJY7AFX7_MIxT1XT3_24s001577-1-1_Jeong_lane1T3xiTRU1A63	CW	1	15	inv_hom	0101	ref_hom	1010	4.53432673380403	4.53432673380403	0.117647058823529
chr5	140800000	143800000	fastq0024_HPNE_T3	HCJY7AFX7_MIxT1XT3_24s001577-1-1_Jeong_lane1T3xiTRU1A67	CW	1	15	inv_hom	0101	ref_hom	1010	4.53432673422981	4.53432673422981	0.117647058823529
chr5	143800000	148800000	fastq0024_HPNE_T3	HCJY7AFX7_MIxT1XT3_24s001577-1-1_Jeong_lane1T3xiTRU1A21	CW	1	25	inv_hom	0101	complex	1100	4.65115776413952	4.60516591475835	0.117647058823529
chr5	143800000	148800000	fastq0024_HPNE_T3	HCJY7AFX7_MIxT1XT3_24s001577-1-1_Jeong_lane1T3xiTRU1A25	CW	1	25	inv_hom	0101	complex	1100	4.65115776414001	4.6051659146605	0.117647058823529
chr5	143800000	148800000	fastq0024_HPNE_T3	HCJY7AFX7_MIxT1XT3_24s001577-1-1_Jeong_lane1T3xiTRU1A42	CW	1	25	inv_hom	0101	complex	0011	4.6511577641391	4.60516591484179	0.117647058823529
chr5	143800000	148800000	fastq0024_HPNE_T3	HCJY7AFX7_MIxT1XT3_24s001577-1-1_Jeong_lane1T3xiTRU1A44	WC	1	25	inv_hom	0101	complex	1100	4.65115776413915	4.60516591483071	0.117647058823529
chr5	148800000	151800000	fastq0024_HPNE_T3	HCJY7AFX7_MIxT1XT3_24s001577-1-1_Jeong_lane1T3xiTRU1A39	CW	1	14	inv_hom	0101	complex	0202	10.4871692923866	2.15058129821999	0.0882352941176471
chr5	148800000	151800000	fastq0024_HPNE_T3	HCJY7AFX7_MIxT1XT3_24s001577-1-1_Jeong_lane1T3xiTRU1A42	CW	1	14	inv_hom	0101	ref_hom	1010	4.49570291699995	4.49570291699995	0.0882352941176471
chr5	148800000	151800000	fastq0024_HPNE_T3	HCJY7AFX7_MIxT1XT3_24s001577-1-1_Jeong_lane1T3xiTRU1A66	WC	1	14	inv_hom	0101	complex	1100	10.4871674739079	4.60516232756463	0.0882352941176471
chr5	151800000	154200000	fastq0024_HPNE_T3	HCJY7AFX7_MIxT1XT3_24s001577-1-1_Jeong_lane1T3xiTRU1A02	CW	1	12	inv_hom	0101	ref_hom	1010	4.34442940294392	4.34442940294392	0.147058823529412
chr5	151800000	154200000	fastq0024_HPNE_T3	HCJY7AFX7_MIxT1XT3_24s001577-1-1_Jeong_lane1T3xiTRU1A08	CW	1	12	inv_hom	0101	ref_hom	1010	4.34442940286122	4.34442940286122	0.147058823529412
chr5	151800000	154200000	fastq0024_HPNE_T3	HCJY7AFX7_MIxT1XT3_24s001577-1-1_Jeong_lane1T3xiTRU1A39	CW	1	12	inv_hom	0101	ref_hom	1010	10.3358939500761	10.3358939500761	0.147058823529412
chr5	151800000	154200000	fastq0024_HPNE_T3	HCJY7AFX7_MIxT1XT3_24s001577-1-1_Jeong_lane1T3xiTRU1A43	CW	1	12	inv_hom	0101	ref_hom	1010	4.34442940475719	4.34442940475719	0.147058823529412
chr5	151800000	154200000	fastq0024_HPNE_T3	HCJY7AFX7_MIxT1XT3_24s001577-1-1_Jeong_lane1T3xiTRU1A44	WC	1	12	inv_hom	0101	ref_hom	1010	4.34442940289842	4.34442940289842	0.147058823529412
chr5	154200000	160800000	fastq0024_HPNE_T3	HCJY7AFX7_MIxT1XT3_24s001577-1-1_Jeong_lane1T3xiTRU1A42	CW	1	33	inv_hom	0101	complex	0011	8.13327378023271	7.6008981882059	0.176470588235294
chr5	154200000	160800000	fastq0024_HPNE_T3	HCJY7AFX7_MIxT1XT3_24s001577-1-1_Jeong_lane1T3xiTRU1A44	WC	1	33	inv_hom	0101	complex	1100	5.13754150668156	4.6051659140878	0.176470588235294
chr5	154200000	160800000	fastq0024_HPNE_T3	HCJY7AFX7_MIxT1XT3_24s001577-1-1_Jeong_lane1T3xiTRU1A48	CW	1	33	inv_hom	0101	complex	0011	5.13754150667775	4.60516591484182	0.176470588235294
chr5	154200000	160800000	fastq0024_HPNE_T3	HCJY7AFX7_MIxT1XT3_24s001577-1-1_Jeong_lane1T3xiTRU1A66	WC	1	33	inv_hom	0101	complex	0011	5.13754150667789	4.60516591481452	0.176470588235294
chr5	154200000	160800000	fastq0024_HPNE_T3	HCJY7AFX7_MIxT1XT3_24s001577-1-1_Jeong_lane1T3xiTRU1A67	CW	1	33	inv_hom	0101	complex	1100	17.1204706008944	4.60516591471431	0.176470588235294
chr5	154200000	160800000	fastq0024_HPNE_T3	HCJY7AFX7_MIxT1XT3_24s001577-1-1_Jeong_lane1T3xiTRU1A80	CW	1	33	inv_hom	0101	complex	0011	5.13754150667784	4.60516591482519	0.176470588235294
chr5	160800000	165800000	fastq0024_HPNE_T3	HCJY7AFX7_MIxT1XT3_24s001577-1-1_Jeong_lane1T3xiTRU1A10	CW	1	25	inv_hom	0101	complex	1100	4.65893293413905	4.60516591485024	0.117647058823529
chr5	160800000	165800000	fastq0024_HPNE_T3	HCJY7AFX7_MIxT1XT3_24s001577-1-1_Jeong_lane1T3xiTRU1A21	CW	1	25	inv_hom	0101	complex	0011	4.65893293414164	4.60516591433716	0.117647058823529
chr5	160800000	165800000	fastq0024_HPNE_T3	HCJY7AFX7_MIxT1XT3_24s001577-1-1_Jeong_lane1T3xiTRU1A39	CW	1	25	inv_hom	0101	complex	0011	4.65893293413914	4.60516591483128	0.117647058823529
chr5	160800000	165800000	fastq0024_HPNE_T3	HCJY7AFX7_MIxT1XT3_24s001577-1-1_Jeong_lane1T3xiTRU1A40	CC	1	25	del_h1	0010	del_h2	1000	4.18842922588399	5.3318009314296e-06	0.0294117647058824
chr5	160800000	165800000	fastq0024_HPNE_T3	HCJY7AFX7_MIxT1XT3_24s001577-1-1_Jeong_lane1T3xiTRU1A55	CW	1	25	inv_hom	0101	complex	1100	4.65893293413907	4.60516591484582	0.117647058823529
chr5	167800000	173800000	fastq0024_HPNE_T3	HCJY7AFX7_MIxT1XT3_24s001577-1-1_Jeong_lane1T3xiTRU1A43	CW	1	30	inv_hom	0101	ref_hom	1010	4.46906209989614	4.46906209989614	0.0882352941176471
chr5	167800000	173800000	fastq0024_HPNE_T3	HCJY7AFX7_MIxT1XT3_24s001577-1-1_Jeong_lane1T3xiTRU1A48	CW	1	30	inv_hom	0101	complex	0011	10.4605266465298	4.60516591305725	0.0882352941176471
chr5	167800000	173800000	fastq0024_HPNE_T3	HCJY7AFX7_MIxT1XT3_24s001577-1-1_Jeong_lane1T3xiTRU1A55	CW	1	30	inv_hom	0101	ref_hom	1010	4.46906209941314	4.46906209941314	0.0882352941176471
chr5	173800000	178000000	fastq0024_HPNE_T3	HCJY7AFX7_MIxT1XT3_24s001577-1-1_Jeong_lane1T3xiTRU1A39	CW	1	21	complex	1201	complex	2200	9.14990362230305	0.0366914096137876	0.0294117647058824
chr5	173800000	178000000	fastq0024_HPNE_T3	HCJY7AFX7_MIxT1XT3_24s001577-1-1_Jeong_lane1T3xiTRU1A40	CC	1	21	inv_h1	0110	complex	1100	19.9874928664258	2.20064240898462	0.0294117647058824
chr5	173800000	178000000	fastq0024_HPNE_T3	HCJY7AFX7_MIxT1XT3_24s001577-1-1_Jeong_lane1T3xiTRU1A42	CW	1	21	inv_hom	0101	ref_hom	1010	4.24999347747449	4.24999347747449	0.0882352941176471
chr5	173800000	178000000	fastq0024_HPNE_T3	HCJY7AFX7_MIxT1XT3_24s001577-1-1_Jeong_lane1T3xiTRU1A66	WC	1	21	inv_hom	0101	ref_hom	1010	4.2499934786099	4.2499934786099	0.0882352941176471
chr5	173800000	178000000	fastq0024_HPNE_T3	HCJY7AFX7_MIxT1XT3_24s001577-1-1_Jeong_lane1T3xiTRU1A67	CW	1	21	inv_hom	0101	ref_hom	1010	4.24999347545388	4.24999347545388	0.0882352941176471
chr5	178000000	179000000	fastq0024_HPNE_T3	HCJY7AFX7_MIxT1XT3_24s001577-1-1_Jeong_lane1T3xiTRU1A16	CW	1	5	idup_h1	1110	ref_hom	1010	5.35857144712476	5.35857144712476	0.0588235294117647
chr5	178000000	179000000	fastq0024_HPNE_T3	HCJY7AFX7_MIxT1XT3_24s001577-1-1_Jeong_lane1T3xiTRU1A39	CW	1	5	dup_hom	2020	dup_h1	2010	7.44484892029441	2.79111947261617	0.0294117647058824
chr5	178000000	179000000	fastq0024_HPNE_T3	HCJY7AFX7_MIxT1XT3_24s001577-1-1_Jeong_lane1T3xiTRU1A40	CC	1	5	idup_h1	1110	inv_h1	0110	5.33063094355657	1.14875049426457	0.0588235294117647
chr5	179000000	181200000	fastq0024_HPNE_T3	HCJY7AFX7_MIxT1XT3_24s001577-1-1_Jeong_lane1T3xiTRU1A10	CW	1	11	complex	2200	complex	1100	18.485319755499	0.966935882239705	0.0294117647058824
chr5	179000000	181200000	fastq0024_HPNE_T3	HCJY7AFX7_MIxT1XT3_24s001577-1-1_Jeong_lane1T3xiTRU1A40	CC	1	11	inv_h2	1001	inv_h1	0110	8.21567839053561	0.000309695216495598	0.0294117647058824
chr5	179000000	181200000	fastq0024_HPNE_T3	HCJY7AFX7_MIxT1XT3_24s001577-1-1_Jeong_lane1T3xiTRU1A66	WC	1	11	inv_hom	0101	complex	0201	9.97830820086429	6.54067777147302	0.0588235294117647
chr5	179000000	181200000	fastq0024_HPNE_T3	HCJY7AFX7_MIxT1XT3_24s001577-1-1_Jeong_lane1T3xiTRU1A67	CW	1	11	inv_hom	0101	complex	0011	9.97830818338096	4.44288323644952	0.0588235294117647
chr5	179000000	181200000	fastq0024_HPNE_T3	HCJY7AFX7_MIxT1XT3_24s001577-1-1_Jeong_lane1T3xiTRU1A79	WC	1	11	idup_h2	1011	complex	0011	6.81428391442046	1.27883716871055	0.0294117647058824
chr6	0	4400000	fastq0024_HPNE_T3	HCJY7AFX7_MIxT1XT3_24s001577-1-1_Jeong_lane1T3xiTRU1A34	CC	1	20	inv_h1	0110	complex	0011	32.9904988752607	17.711299698406	0.0588235294117647
chr6	0	4400000	fastq0024_HPNE_T3	HCJY7AFX7_MIxT1XT3_24s001577-1-1_Jeong_lane1T3xiTRU1A37	CC	1	20	inv_h2	1001	idup_h2	1011	17.7853605446281	5.16897249485489	0.0294117647058824
chr6	0	4400000	fastq0024_HPNE_T3	HCJY7AFX7_MIxT1XT3_24s001577-1-1_Jeong_lane1T3xiTRU1A65	CW	1	20	inv_h1	0110	complex	0020	27.6811899975274	1.02564435932074	0.0588235294117647
chr6	4400000	7800000	fastq0024_HPNE_T3	HCJY7AFX7_MIxT1XT3_24s001577-1-1_Jeong_lane1T3xiTRU1A34	CC	1	17	inv_h1	0110	idup_h1	1110	19.9246295047922	7.80976573610715	0.0294117647058824
chr6	4400000	7800000	fastq0024_HPNE_T3	HCJY7AFX7_MIxT1XT3_24s001577-1-1_Jeong_lane1T3xiTRU1A65	CW	1	17	complex	0020	inv_h1	0110	18.3634995675504	3.7474076790441	0.0294117647058824
chr6	7800000	13200000	fastq0024_HPNE_T3	HCJY7AFX7_MIxT1XT3_24s001577-1-1_Jeong_lane1T3xiTRU1A65	CW	1	27	complex	0020	inv_h1	0110	17.4299951263594	6.22458361024721	0.0294117647058824
chr6	29600000	44800000	fastq0024_HPNE_T3	HCJY7AFX7_MIxT1XT3_24s001577-1-1_Jeong_lane1T3xiTRU1A05	WW	1	76	dup_h2	1020	ref_hom	1010	5.12144542942567	5.12144542942567	0.0294117647058824
chr6	29600000	44800000	fastq0024_HPNE_T3	HCJY7AFX7_MIxT1XT3_24s001577-1-1_Jeong_lane1T3xiTRU1A39	CW	1	76	dup_hom	2020	complex	2110	12.6459511701861	0.585631279966332	0.0294117647058824
chr6	54000000	56200000	fastq0024_HPNE_T3	HCJY7AFX7_MIxT1XT3_24s001577-1-1_Jeong_lane1T3xiTRU1A10	CC	1	11	del_h1	0010	del_h2	1000	4.05082671152557	0.000245234121699411	0.0294117647058824
chr6	54000000	56200000	fastq0024_HPNE_T3	HCJY7AFX7_MIxT1XT3_24s001577-1-1_Jeong_lane1T3xiTRU1A25	CC	1	11	del_h2	1000	ref_hom	1010	4.65788161070445	4.65788161070445	0.0294117647058824
chr6	64000000	69800000	fastq0024_HPNE_T3	HCJY7AFX7_MIxT1XT3_24s001577-1-1_Jeong_lane1T3xiTRU1A05	WW	1	29	del_h1	0010	ref_hom	1010	7.77049087525786	7.77049087525786	0.0588235294117647
chr6	64000000	69800000	fastq0024_HPNE_T3	HCJY7AFX7_MIxT1XT3_24s001577-1-1_Jeong_lane1T3xiTRU1A25	CC	1	29	del_h1	0010	del_h2	1000	15.735408831665	3.52901670552797e-07	0.0588235294117647
chr6	64000000	69800000	fastq0024_HPNE_T3	HCJY7AFX7_MIxT1XT3_24s001577-1-1_Jeong_lane1T3xiTRU1A37	CC	1	29	del_h2	1000	ref_hom	1010	5.50031370609582	5.50031370609582	0.0294117647058824
chr6	73800000	83800000	fastq0024_HPNE_T3	HCJY7AFX7_MIxT1XT3_24s001577-1-1_Jeong_lane1T3xiTRU1A39	CW	1	50	inv_hom	0101	complex	0011	5.17615882751015	4.60516591484346	0.0294117647058824
chr6	89000000	90200000	fastq0024_HPNE_T3	HCJY7AFX7_MIxT1XT3_24s001577-1-1_Jeong_lane1T3xiTRU1A39	CW	1	6	dup_hom	2020	dup_h2	1020	5.08664055853281	1.56261032156547	0.0294117647058824
chr6	90200000	100600000	fastq0024_HPNE_T3	HCJY7AFX7_MIxT1XT3_24s001577-1-1_Jeong_lane1T3xiTRU1A25	CC	1	51	del_h1	0010	del_h2	1000	17.9734800304918	8.98719682066196	0.0294117647058824
chr6	100600000	104400000	fastq0024_HPNE_T3	HCJY7AFX7_MIxT1XT3_24s001577-1-1_Jeong_lane1T3xiTRU1A20	WW	1	19	del_h2	1000	del_h1	0010	7.2220942761589	8.59531870789354e-07	0.117647058823529
chr6	100600000	104400000	fastq0024_HPNE_T3	HCJY7AFX7_MIxT1XT3_24s001577-1-1_Jeong_lane1T3xiTRU1A25	CC	1	19	del_h2	1000	del_h1	0010	10.7167847477386	8.59531871233443e-07	0.117647058823529
chr6	100600000	104400000	fastq0024_HPNE_T3	HCJY7AFX7_MIxT1XT3_24s001577-1-1_Jeong_lane1T3xiTRU1A40	CC	1	19	del_h2	1000	del_h1	0010	5.0018816088507	8.59531871233443e-07	0.117647058823529
chr6	100600000	104400000	fastq0024_HPNE_T3	HCJY7AFX7_MIxT1XT3_24s001577-1-1_Jeong_lane1T3xiTRU1A44	CC	1	19	del_h2	1000	ref_hom	1010	5.93645105549297	5.93645105549297	0.117647058823529
chr6	100600000	104400000	fastq0024_HPNE_T3	HCJY7AFX7_MIxT1XT3_24s001577-1-1_Jeong_lane1T3xiTRU1A63	WW	1	19	del_h1	0010	ref_hom	1010	5.41772214751596	5.41772214751596	0.0294117647058824
chr6	112000000	130000000	fastq0024_HPNE_T3	HCJY7AFX7_MIxT1XT3_24s001577-1-1_Jeong_lane1T3xiTRU1A25	CC	1	90	del_h2	1000	del_h1	0010	19.3983646149365	11.982929094216	0.0294117647058824
chr6	139800000	142600000	fastq0024_HPNE_T3	HCJY7AFX7_MIxT1XT3_24s001577-1-1_Jeong_lane1T3xiTRU1A25	CC	1	14	del_h1	0010	del_h2	1000	5.27538394444424	0.000127789506389586	0.0294117647058824
chr6	156400000	159000000	fastq0024_HPNE_T3	HCJY7AFX7_MIxT1XT3_24s001577-1-1_Jeong_lane1T3xiTRU1A39	CW	1	13	dup_hom	2020	dup_h2	1020	7.16010813613053	1.08287063182234	0.0294117647058824
chr6	166800000	170805979	fastq0024_HPNE_T3	HCJY7AFX7_MIxT1XT3_24s001577-1-1_Jeong_lane1T3xiTRU1A39	CW	1	19	dup_hom	2020	dup_h2	1020	12.8477824130298	4.58381798426262	0.0294117647058824
chr7	0	3200000	fastq0024_HPNE_T3	HCJY7AFX7_MIxT1XT3_24s001577-1-1_Jeong_lane1T3xiTRU1A05	WC	1	16	dup_hom	2020	dup_h2	1020	5.39156605197605	1.40985585095133	0.0588235294117647
chr7	0	3200000	fastq0024_HPNE_T3	HCJY7AFX7_MIxT1XT3_24s001577-1-1_Jeong_lane1T3xiTRU1A10	WC	1	16	dup_hom	2020	dup_h1	2010	5.60410402261184	2.98927237062272	0.0588235294117647
chr7	0	3200000	fastq0024_HPNE_T3	HCJY7AFX7_MIxT1XT3_24s001577-1-1_Jeong_lane1T3xiTRU1A25	CC	1	16	dup_h2	1020	dup_hom	2020	6.77928439124279	1.28668663876359	0.0294117647058824
chr7	0	3200000	fastq0024_HPNE_T3	HCJY7AFX7_MIxT1XT3_24s001577-1-1_Jeong_lane1T3xiTRU1A39	WC	1	16	complex	1201	complex	1111	17.2086324064698	3.28964849410547	0.0588235294117647
chr7	0	3200000	fastq0024_HPNE_T3	HCJY7AFX7_MIxT1XT3_24s001577-1-1_Jeong_lane1T3xiTRU1A44	WW	1	16	complex	0111	inv_h1	0110	26.014696648518	3.24385919841255	0.0588235294117647
chr7	0	3200000	fastq0024_HPNE_T3	HCJY7AFX7_MIxT1XT3_24s001577-1-1_Jeong_lane1T3xiTRU1A79	CC	1	16	dup_h1	2010	dup_hom	2020	4.63509178816977	3.74895354424436	0.0294117647058824
chr7	3200000	4000000	fastq0024_HPNE_T3	HCJY7AFX7_MIxT1XT3_24s001577-1-1_Jeong_lane1T3xiTRU1A44	WW	1	4	idup_h2	1011	complex	0011	4.92206842067476	1.11247890996699	0.0294117647058824
chr7	4000000	5400000	fastq0024_HPNE_T3	HCJY7AFX7_MIxT1XT3_24s001577-1-1_Jeong_lane1T3xiTRU1A10	WC	1	7	dup_hom	2020	dup_h2	1020	4.33706774940323	1.27158332722824	0.0294117647058824
chr7	4000000	5400000	fastq0024_HPNE_T3	HCJY7AFX7_MIxT1XT3_24s001577-1-1_Jeong_lane1T3xiTRU1A44	WW	1	7	inv_h1	0110	complex	0111	14.3789077826847	0.0234686841395746	0.0294117647058824
chr7	57600000	57800000	fastq0024_HPNE_T3	HCJY7AFX7_MIxT1XT3_24s001577-1-1_Jeong_lane1T3xiTRU1A67	CC	1	1	inv_h1	0110	idup_h1	1110	5.0765400857037	1.21744208648125	0.117647058823529
chr7	57600000	57800000	fastq0024_HPNE_T3	HCJY7AFX7_MIxT1XT3_24s001577-1-1_Jeong_lane1T3xiTRU1A76	WC	1	1	inv_h1	0110	del_h1	0010	4.50476478126145	1.60043821222988	0.117647058823529
chr7	57600000	57800000	fastq0024_HPNE_T3	HCJY7AFX7_MIxT1XT3_24s001577-1-1_Jeong_lane1T3xiTRU1A78	WW	1	1	inv_h1	0110	inv_h2	1001	4.15747553858762	1.68935619842404	0.117647058823529
chr7	57600000	57800000	fastq0024_HPNE_T3	HCJY7AFX7_MIxT1XT3_24s001577-1-1_Jeong_lane1T3xiTRU1A83	CW	1	1	inv_h1	0110	del_h1	0010	5.0112528713909	1.7771356655935	0.117647058823529
chr7	65200000	65600000	fastq0024_HPNE_T3	HCJY7AFX7_MIxT1XT3_24s001577-1-1_Jeong_lane1T3xiTRU1A02	WC	1	2	inv_h1	0110	del_h1	0010	7.47650742043982	1.96789854455253	0.705882352941177
chr7	65200000	65600000	fastq0024_HPNE_T3	HCJY7AFX7_MIxT1XT3_24s001577-1-1_Jeong_lane1T3xiTRU1A08	CC	1	2	inv_h1	0110	inv_h2	1001	4.97855318497948	1.71781860401989	0.705882352941177
chr7	65200000	65600000	fastq0024_HPNE_T3	HCJY7AFX7_MIxT1XT3_24s001577-1-1_Jeong_lane1T3xiTRU1A10	WC	1	2	inv_h1	0110	del_h1	0010	6.68427731817941	3.1895491442712	0.705882352941177
chr7	65200000	65600000	fastq0024_HPNE_T3	HCJY7AFX7_MIxT1XT3_24s001577-1-1_Jeong_lane1T3xiTRU1A16	WC	1	2	inv_h1	0110	del_h1	0010	6.03338711041091	3.38329960197447	0.705882352941177
chr7	65200000	65600000	fastq0024_HPNE_T3	HCJY7AFX7_MIxT1XT3_24s001577-1-1_Jeong_lane1T3xiTRU1A20	CW	1	2	inv_h1	0110	del_h1	0010	8.43494872777206	2.63416909747296	0.705882352941177
chr7	65200000	65600000	fastq0024_HPNE_T3	HCJY7AFX7_MIxT1XT3_24s001577-1-1_Jeong_lane1T3xiTRU1A21	WW	1	2	inv_h1	0110	inv_h2	1001	4.6419546067755	1.71781860401989	0.705882352941177
chr7	65200000	65600000	fastq0024_HPNE_T3	HCJY7AFX7_MIxT1XT3_24s001577-1-1_Jeong_lane1T3xiTRU1A27	CC	1	2	inv_h1	0110	idup_h1	1110	9.61947219008	2.1197758800319	0.705882352941177
chr7	65200000	65600000	fastq0024_HPNE_T3	HCJY7AFX7_MIxT1XT3_24s001577-1-1_Jeong_lane1T3xiTRU1A34	WC	1	2	inv_h1	0110	del_h1	0010	9.11885848247711	3.14119032650036	0.705882352941177
chr7	65200000	65600000	fastq0024_HPNE_T3	HCJY7AFX7_MIxT1XT3_24s001577-1-1_Jeong_lane1T3xiTRU1A35	CC	1	2	inv_h1	0110	idup_h1	1110	4.62009659149234	1.71087014211072	0.705882352941177
chr7	65200000	65600000	fastq0024_HPNE_T3	HCJY7AFX7_MIxT1XT3_24s001577-1-1_Jeong_lane1T3xiTRU1A42	CW	1	2	inv_h1	0110	del_h1	0010	4.67336576130238	2.95465107372749	0.705882352941177
chr7	65200000	65600000	fastq0024_HPNE_T3	HCJY7AFX7_MIxT1XT3_24s001577-1-1_Jeong_lane1T3xiTRU1A50	WW	1	2	inv_h1	0110	idup_h1	1110	10.2633938797793	3.22913153900372	0.705882352941177
chr7	65200000	65600000	fastq0024_HPNE_T3	HCJY7AFX7_MIxT1XT3_24s001577-1-1_Jeong_lane1T3xiTRU1A55	CW	1	2	inv_h1	0110	del_h1	0010	6.29328506733837	2.63065963033748	0.705882352941177
chr7	65200000	65600000	fastq0024_HPNE_T3	HCJY7AFX7_MIxT1XT3_24s001577-1-1_Jeong_lane1T3xiTRU1A57	CC	1	2	inv_h1	0110	idup_h1	1110	4.19303534910024	1.51866781083854	0.705882352941177
chr7	65200000	65600000	fastq0024_HPNE_T3	HCJY7AFX7_MIxT1XT3_24s001577-1-1_Jeong_lane1T3xiTRU1A63	CW	1	2	inv_h1	0110	del_h1	0010	9.23459805675231	1.33930412510113	0.705882352941177
chr7	65200000	65600000	fastq0024_HPNE_T3	HCJY7AFX7_MIxT1XT3_24s001577-1-1_Jeong_lane1T3xiTRU1A64	CW	1	2	inv_h1	0110	del_h1	0010	6.30548832759281	3.26427572403457	0.705882352941177
chr7	65200000	65600000	fastq0024_HPNE_T3	HCJY7AFX7_MIxT1XT3_24s001577-1-1_Jeong_lane1T3xiTRU1A65	CW	1	2	inv_h1	0110	del_h1	0010	5.20148410725661	1.76691382063483	0.705882352941177
chr7	65200000	65600000	fastq0024_HPNE_T3	HCJY7AFX7_MIxT1XT3_24s001577-1-1_Jeong_lane1T3xiTRU1A66	WW	1	2	inv_h1	0110	idup_h1	1110	4.59907961144094	1.6540790562544	0.705882352941177
chr7	65200000	65600000	fastq0024_HPNE_T3	HCJY7AFX7_MIxT1XT3_24s001577-1-1_Jeong_lane1T3xiTRU1A67	CC	1	2	inv_h1	0110	inv_h2	1001	5.41188004859599	1.71781860401989	0.705882352941177
chr7	65200000	65600000	fastq0024_HPNE_T3	HCJY7AFX7_MIxT1XT3_24s001577-1-1_Jeong_lane1T3xiTRU1A75	CW	1	2	inv_h1	0110	del_h1	0010	4.46195504159997	2.40052789401161	0.705882352941177
chr7	65200000	65600000	fastq0024_HPNE_T3	HCJY7AFX7_MIxT1XT3_24s001577-1-1_Jeong_lane1T3xiTRU1A76	WC	1	2	inv_h1	0110	del_h1	0010	7.54200126922476	1.92315483145989	0.705882352941177
chr7	65200000	65600000	fastq0024_HPNE_T3	HCJY7AFX7_MIxT1XT3_24s001577-1-1_Jeong_lane1T3xiTRU1A78	WW	1	2	inv_h1	0110	inv_h2	1001	6.25455545253694	1.71781860401989	0.705882352941177
chr7	65200000	65600000	fastq0024_HPNE_T3	HCJY7AFX7_MIxT1XT3_24s001577-1-1_Jeong_lane1T3xiTRU1A79	CC	1	2	inv_h1	0110	inv_h2	1001	6.51056265109373	1.71781860401989	0.705882352941177
chr7	65200000	65600000	fastq0024_HPNE_T3	HCJY7AFX7_MIxT1XT3_24s001577-1-1_Jeong_lane1T3xiTRU1A83	CW	1	2	inv_h1	0110	del_h1	0010	5.33601410412283	2.00021059020936	0.705882352941177
chr7	65200000	65600000	fastq0024_HPNE_T3	HCJY7AFX7_MIxT1XT3_24s001577-1-1_Jeong_lane1T3xiTRU1A92	CC	1	2	inv_h1	0110	inv_h2	1001	4.38575019261516	1.71781860401989	0.705882352941177
chr7	67800000	71200000	fastq0024_HPNE_T3	HCJY7AFX7_MIxT1XT3_24s001577-1-1_Jeong_lane1T3xiTRU1A67	CC	1	17	idup_h2	1011	complex	2001	11.1214065307535	1.58795289648627	0.0294117647058824
chr7	71200000	76600000	fastq0024_HPNE_T3	HCJY7AFX7_MIxT1XT3_24s001577-1-1_Jeong_lane1T3xiTRU1A25	CC	1	24	dup_h1	2010	dup_h2	1020	4.65568396807245	2.7573948779747	0.0294117647058824
chr7	71200000	76600000	fastq0024_HPNE_T3	HCJY7AFX7_MIxT1XT3_24s001577-1-1_Jeong_lane1T3xiTRU1A27	CC	1	24	dup_h2	1020	dup_h1	2010	4.11305191503187	3.4809297470648	0.0588235294117647
chr7	71200000	76600000	fastq0024_HPNE_T3	HCJY7AFX7_MIxT1XT3_24s001577-1-1_Jeong_lane1T3xiTRU1A64	CW	1	24	dup_hom	2020	dup_h2	1020	4.64328330873495	0.84165471743691	0.0294117647058824
chr7	71200000	76600000	fastq0024_HPNE_T3	HCJY7AFX7_MIxT1XT3_24s001577-1-1_Jeong_lane1T3xiTRU1A66	WW	1	24	dup_h2	1020	dup_h1	2010	6.25507000861778	2.09463538594492	0.0588235294117647
chr7	78800000	86600000	fastq0024_HPNE_T3	HCJY7AFX7_MIxT1XT3_24s001577-1-1_Jeong_lane1T3xiTRU1A25	CC	1	39	del_h1	0010	del_h2	1000	6.72861112299605	5.99146675825278	0.0294117647058824
chr7	78800000	86600000	fastq0024_HPNE_T3	HCJY7AFX7_MIxT1XT3_24s001577-1-1_Jeong_lane1T3xiTRU1A50	WW	1	39	del_h2	1000	ref_hom	1010	4.82969895223268	4.82969895223268	0.0294117647058824
chr7	97800000	102400000	fastq0024_HPNE_T3	HCJY7AFX7_MIxT1XT3_24s001577-1-1_Jeong_lane1T3xiTRU1A10	WC	1	23	dup_hom	2020	dup_h1	2010	6.75763891678192	2.36726693920371	0.0588235294117647
chr7	97800000	102400000	fastq0024_HPNE_T3	HCJY7AFX7_MIxT1XT3_24s001577-1-1_Jeong_lane1T3xiTRU1A25	CC	1	23	dup_h1	2010	dup_h2	1020	4.67536630926768	2.71333919737805	0.0294117647058824
chr7	97800000	102400000	fastq0024_HPNE_T3	HCJY7AFX7_MIxT1XT3_24s001577-1-1_Jeong_lane1T3xiTRU1A39	WC	1	23	dup_hom	2020	dup_h2	1020	5.27090814355382	3.29999669653928	0.0588235294117647
chr7	109000000	127400000	fastq0024_HPNE_T3	HCJY7AFX7_MIxT1XT3_24s001577-1-1_Jeong_lane1T3xiTRU1A25	CC	1	92	del_h2	1000	ref_hom	1010	9.87789850255653	9.87789850255653	0.0294117647058824
chr7	133200000	138000000	fastq0024_HPNE_T3	HCJY7AFX7_MIxT1XT3_24s001577-1-1_Jeong_lane1T3xiTRU1A80	WC	1	24	inv_hom	0101	complex	0011	4.67890415039194	4.60516591461234	0.0294117647058824
chr7	148000000	152400000	fastq0024_HPNE_T3	HCJY7AFX7_MIxT1XT3_24s001577-1-1_Jeong_lane1T3xiTRU1A78	WW	1	22	del_h2	1000	del_h1	0010	7.35404505340968	2.99573227041983	0.0294117647058824
chr7	152400000	152600000	fastq0024_HPNE_T3	HCJY7AFX7_MIxT1XT3_24s001577-1-1_Jeong_lane1T3xiTRU1A08	CC	1	1	idup_h2	1011	complex	0021	9.48496211676915	3.82216165294205	0.0294117647058824
chr7	152400000	152600000	fastq0024_HPNE_T3	HCJY7AFX7_MIxT1XT3_24s001577-1-1_Jeong_lane1T3xiTRU1A64	CW	1	1	idup_h1	1110	complex	2200	8.73394519102949	2.49790633019804	0.0294117647058824
chr7	152600000	159345973	fastq0024_HPNE_T3	HCJY7AFX7_MIxT1XT3_24s001577-1-1_Jeong_lane1T3xiTRU1A39	WC	1	34	dup_hom	2020	complex	2200	8.20225168234667	4.60556784908189	0.0294117647058824
chr8	0	2200000	fastq0024_HPNE_T3	HCJY7AFX7_MIxT1XT3_24s001577-1-1_Jeong_lane1T3xiTRU1A20	CC	1	10	inv_h2	1001	idup_h2	1011	54.7332049609212	10.9748547852467	0.0294117647058824
chr8	2200000	8000000	fastq0024_HPNE_T3	HCJY7AFX7_MIxT1XT3_24s001577-1-1_Jeong_lane1T3xiTRU1A20	CC	1	25	inv_h2	1001	complex	0011	77.2004543858995	11.752999045532	0.0294117647058824
chr8	8000000	8200000	fastq0024_HPNE_T3	HCJY7AFX7_MIxT1XT3_24s001577-1-1_Jeong_lane1T3xiTRU1A05	CC	1	1	inv_hom	0101	inv_h2	1001	8.34767075995313	2.62343746260531	0.117647058823529
chr8	8000000	8200000	fastq0024_HPNE_T3	HCJY7AFX7_MIxT1XT3_24s001577-1-1_Jeong_lane1T3xiTRU1A08	CC	1	1	inv_hom	0101	inv_h2	1001	7.81943905142812	3.5714441898756	0.117647058823529
chr8	8000000	8200000	fastq0024_HPNE_T3	HCJY7AFX7_MIxT1XT3_24s001577-1-1_Jeong_lane1T3xiTRU1A34	WW	1	1	inv_hom	0101	complex	0200	15.5278398523332	4.46371186405498	0.117647058823529
chr8	8000000	8200000	fastq0024_HPNE_T3	HCJY7AFX7_MIxT1XT3_24s001577-1-1_Jeong_lane1T3xiTRU1A42	WW	1	1	inv_hom	0101	inv_h2	1001	6.03081387290544	0.350354654059732	0.117647058823529
chr8	8200000	12000000	fastq0024_HPNE_T3	HCJY7AFX7_MIxT1XT3_24s001577-1-1_Jeong_lane1T3xiTRU1A02	WW	1	19	inv_hom	0101	complex	0201	42.8071461922846	6.96621754889637	0.411764705882353
chr8	8200000	12000000	fastq0024_HPNE_T3	HCJY7AFX7_MIxT1XT3_24s001577-1-1_Jeong_lane1T3xiTRU1A05	CC	1	19	inv_hom	0101	complex	0201	36.8113343304082	6.03084840171248	0.411764705882353
chr8	8200000	12000000	fastq0024_HPNE_T3	HCJY7AFX7_MIxT1XT3_24s001577-1-1_Jeong_lane1T3xiTRU1A08	CC	1	19	inv_hom	0101	complex	0201	36.8296150559468	7.00812160086891	0.411764705882353
chr8	8200000	12000000	fastq0024_HPNE_T3	HCJY7AFX7_MIxT1XT3_24s001577-1-1_Jeong_lane1T3xiTRU1A20	CC	1	19	inv_h2	1001	complex	1100	26.078065800395	13.2850564197694	0.0294117647058824
chr8	8200000	12000000	fastq0024_HPNE_T3	HCJY7AFX7_MIxT1XT3_24s001577-1-1_Jeong_lane1T3xiTRU1A27	CC	1	19	inv_hom	0101	complex	0002	42.8309470416755	7.20493228830945	0.411764705882353
chr8	8200000	12000000	fastq0024_HPNE_T3	HCJY7AFX7_MIxT1XT3_24s001577-1-1_Jeong_lane1T3xiTRU1A34	WW	1	19	inv_hom	0101	complex	0200	45.826789494954	6.53531535999012	0.411764705882353
chr8	8200000	12000000	fastq0024_HPNE_T3	HCJY7AFX7_MIxT1XT3_24s001577-1-1_Jeong_lane1T3xiTRU1A41	CC	1	19	inv_hom	0101	complex	0200	36.8341530476687	1.16640649333437	0.411764705882353
chr8	8200000	12000000	fastq0024_HPNE_T3	HCJY7AFX7_MIxT1XT3_24s001577-1-1_Jeong_lane1T3xiTRU1A42	WW	1	19	inv_hom	0101	complex	0102	72.4960592943748	2.82650523970143	0.411764705882353
chr8	8200000	12000000	fastq0024_HPNE_T3	HCJY7AFX7_MIxT1XT3_24s001577-1-1_Jeong_lane1T3xiTRU1A43	WW	1	19	inv_hom	0101	complex	0201	42.8225602107166	6.55281251034046	0.411764705882353
chr8	8200000	12000000	fastq0024_HPNE_T3	HCJY7AFX7_MIxT1XT3_24s001577-1-1_Jeong_lane1T3xiTRU1A48	WW	1	19	inv_hom	0101	complex	0102	39.8205255966273	7.13569261781432	0.411764705882353
chr8	8200000	12000000	fastq0024_HPNE_T3	HCJY7AFX7_MIxT1XT3_24s001577-1-1_Jeong_lane1T3xiTRU1A63	CC	1	19	inv_hom	0101	complex	0102	48.8235133423434	11.866857865395	0.411764705882353
chr8	8200000	12000000	fastq0024_HPNE_T3	HCJY7AFX7_MIxT1XT3_24s001577-1-1_Jeong_lane1T3xiTRU1A78	CC	1	19	inv_hom	0101	complex	0102	48.8228012597652	9.88287214891574	0.411764705882353
chr8	8200000	12000000	fastq0024_HPNE_T3	HCJY7AFX7_MIxT1XT3_24s001577-1-1_Jeong_lane1T3xiTRU1A79	WW	1	19	inv_hom	0101	complex	0200	24.8557901731136	3.84487323254861	0.411764705882353
chr8	8200000	12000000	fastq0024_HPNE_T3	HCJY7AFX7_MIxT1XT3_24s001577-1-1_Jeong_lane1T3xiTRU1A80	CC	1	19	inv_hom	0101	complex	0102	57.7709358750751	5.07502153774324	0.411764705882353
chr8	8200000	12000000	fastq0024_HPNE_T3	HCJY7AFX7_MIxT1XT3_24s001577-1-1_Jeong_lane1T3xiTRU1A83	WW	1	19	inv_hom	0101	complex	0102	54.8135508523541	8.65143787904054	0.411764705882353
chr8	12400000	12600000	fastq0024_HPNE_T3	HCJY7AFX7_MIxT1XT3_24s001577-1-1_Jeong_lane1T3xiTRU1A20	CC	1	1	inv_h2	1001	idup_h2	1011	11.912581466659	0.555280038313381	0.0294117647058824
chr8	12400000	12600000	fastq0024_HPNE_T3	HCJY7AFX7_MIxT1XT3_24s001577-1-1_Jeong_lane1T3xiTRU1A25	CC	1	1	idup_h1	1110	complex	2200	6.61611100152485	3.1964694912052	0.147058823529412
chr8	12400000	12600000	fastq0024_HPNE_T3	HCJY7AFX7_MIxT1XT3_24s001577-1-1_Jeong_lane1T3xiTRU1A34	WW	1	1	idup_h1	1110	complex	2110	9.58331687256294	4.79510005463926	0.147058823529412
chr8	12400000	12600000	fastq0024_HPNE_T3	HCJY7AFX7_MIxT1XT3_24s001577-1-1_Jeong_lane1T3xiTRU1A67	WC	1	1	idup_h1	1110	complex	1200	5.13777395578525	3.49747312573169	0.147058823529412
chr8	12400000	12600000	fastq0024_HPNE_T3	HCJY7AFX7_MIxT1XT3_24s001577-1-1_Jeong_lane1T3xiTRU1A79	WW	1	1	idup_h2	1011	complex	1021	5.85285560373615	4.00058717913716	0.0294117647058824
chr8	12400000	12600000	fastq0024_HPNE_T3	HCJY7AFX7_MIxT1XT3_24s001577-1-1_Jeong_lane1T3xiTRU1A80	CC	1	1	idup_h1	1110	inv_h1	0110	6.81447648157245	1.0168563932274	0.147058823529412
chr8	12400000	12600000	fastq0024_HPNE_T3	HCJY7AFX7_MIxT1XT3_24s001577-1-1_Jeong_lane1T3xiTRU1A83	WW	1	1	idup_h1	1110	inv_h1	0110	6.63280445173184	0.648627187340237	0.147058823529412
chr8	17200000	20200000	fastq0024_HPNE_T3	HCJY7AFX7_MIxT1XT3_24s001577-1-1_Jeong_lane1T3xiTRU1A39	WC	1	15	inv_hom	0101	ref_hom	1010	4.10266597071221	4.10266597071221	0.0294117647058824
chr8	74800000	79600000	fastq0024_HPNE_T3	HCJY7AFX7_MIxT1XT3_24s001577-1-1_Jeong_lane1T3xiTRU1A25	CC	1	24	del_h1	0010	ref_hom	1010	6.20867910210322	6.20867910210322	0.0882352941176471
chr8	74800000	79600000	fastq0024_HPNE_T3	HCJY7AFX7_MIxT1XT3_24s001577-1-1_Jeong_lane1T3xiTRU1A27	CC	1	24	del_h1	0010	ref_hom	1010	6.0677841832442	6.0677841832442	0.0882352941176471
chr8	74800000	79600000	fastq0024_HPNE_T3	HCJY7AFX7_MIxT1XT3_24s001577-1-1_Jeong_lane1T3xiTRU1A43	WW	1	24	del_h1	0010	ref_hom	1010	4.04093199507672	4.04093199507672	0.0882352941176471
chr8	74800000	79600000	fastq0024_HPNE_T3	HCJY7AFX7_MIxT1XT3_24s001577-1-1_Jeong_lane1T3xiTRU1A48	WW	1	24	del_h2	1000	ref_hom	1010	5.76542369801632	5.76542369801632	0.0588235294117647
chr8	74800000	79600000	fastq0024_HPNE_T3	HCJY7AFX7_MIxT1XT3_24s001577-1-1_Jeong_lane1T3xiTRU1A79	WW	1	24	del_h2	1000	ref_hom	1010	5.14632664670027	5.14632664670027	0.0588235294117647
chr8	93200000	103400000	fastq0024_HPNE_T3	HCJY7AFX7_MIxT1XT3_24s001577-1-1_Jeong_lane1T3xiTRU1A39	WC	1	51	complex	1100	ref_hom	1010	6.27306198395732	6.27306198395732	0.0294117647058824
chr8	128400000	132200000	fastq0024_HPNE_T3	HCJY7AFX7_MIxT1XT3_24s001577-1-1_Jeong_lane1T3xiTRU1A20	CC	1	19	inv_h1	0110	complex	0011	14.4252951209091	8.69223361589376	0.0294117647058824
chr8	132200000	139800000	fastq0024_HPNE_T3	HCJY7AFX7_MIxT1XT3_24s001577-1-1_Jeong_lane1T3xiTRU1A20	CC	1	37	inv_h1	0110	idup_h1	1110	24.5133198983567	17.7404674174838	0.0294117647058824
chr8	142600000	145138636	fastq0024_HPNE_T3	HCJY7AFX7_MIxT1XT3_24s001577-1-1_Jeong_lane1T3xiTRU1A20	CC	1	12	inv_h1	0110	inv_h2	1001	15.5040415902375	1.12364922199437	0.117647058823529
chr8	142600000	145138636	fastq0024_HPNE_T3	HCJY7AFX7_MIxT1XT3_24s001577-1-1_Jeong_lane1T3xiTRU1A39	WC	1	12	dup_hom	2020	dup_h1	2010	4.56767628817486	1.43523784754849	0.0294117647058824
chr8	142600000	145138636	fastq0024_HPNE_T3	HCJY7AFX7_MIxT1XT3_24s001577-1-1_Jeong_lane1T3xiTRU1A55	WW	1	12	inv_h1	0110	inv_h2	1001	15.3572385604064	1.12364922199437	0.117647058823529
chr8	142600000	145138636	fastq0024_HPNE_T3	HCJY7AFX7_MIxT1XT3_24s001577-1-1_Jeong_lane1T3xiTRU1A57	WC	1	12	inv_h1	0110	complex	0020	16.2025679041089	2.82231598581247	0.117647058823529
chr8	142600000	145138636	fastq0024_HPNE_T3	HCJY7AFX7_MIxT1XT3_24s001577-1-1_Jeong_lane1T3xiTRU1A80	WC	1	12	inv_h1	0110	del_h1	0010	15.1919899146763	0.809689163380797	0.117647058823529
chr9	0	9200000	fastq0024_HPNE_T3	HCJY7AFX7_MIxT1XT3_24s001577-1-1_Jeong_lane1T3xiTRU1A39	WC	1	46	complex	0011	ref_hom	1010	9.41057251330609	9.41057251330609	0.0294117647058824
chr9	0	9200000	fastq0024_HPNE_T3	HCJY7AFX7_MIxT1XT3_24s001577-1-1_Jeong_lane1T3xiTRU1A83	CC	1	46	inv_h2	1001	complex	1100	19.5823513263332	13.0878516999208	0.0294117647058824
chr9	9200000	13200000	fastq0024_HPNE_T3	HCJY7AFX7_MIxT1XT3_24s001577-1-1_Jeong_lane1T3xiTRU1A83	CC	1	20	complex	1100	inv_h2	1001	18.1802248303101	4.00474216105834	0.0294117647058824
chr9	13200000	25200000	fastq0024_HPNE_T3	HCJY7AFX7_MIxT1XT3_24s001577-1-1_Jeong_lane1T3xiTRU1A83	CC	1	60	complex	1100	inv_h2	1001	18.6207925827543	6.4407521222982	0.0294117647058824
chr9	25200000	32600000	fastq0024_HPNE_T3	HCJY7AFX7_MIxT1XT3_24s001577-1-1_Jeong_lane1T3xiTRU1A83	CC	1	37	complex	1100	inv_h2	1001	18.4862532924444	3.72642894120414	0.0294117647058824
chr9	72800000	74600000	fastq0024_HPNE_T3	HCJY7AFX7_MIxT1XT3_24s001577-1-1_Jeong_lane1T3xiTRU1A02	WC	1	9	inv_h2	1001	complex	0002	20.6471259440104	3.2659380607464	0.0294117647058824
chr9	72800000	74600000	fastq0024_HPNE_T3	HCJY7AFX7_MIxT1XT3_24s001577-1-1_Jeong_lane1T3xiTRU1A05	WC	1	9	del_h1	0010	inv_h1	0110	14.3986455676407	4.03323779914289	0.0588235294117647
chr9	72800000	74600000	fastq0024_HPNE_T3	HCJY7AFX7_MIxT1XT3_24s001577-1-1_Jeong_lane1T3xiTRU1A16	WC	1	9	del_h1	0010	inv_h1	0110	16.8217871703546	0.895146845076904	0.0588235294117647
chr9	74600000	80200000	fastq0024_HPNE_T3	HCJY7AFX7_MIxT1XT3_24s001577-1-1_Jeong_lane1T3xiTRU1A02	WC	1	28	inv_h2	1001	complex	2000	32.9110410998895	15.3837580015497	0.0294117647058824
chr9	74600000	80200000	fastq0024_HPNE_T3	HCJY7AFX7_MIxT1XT3_24s001577-1-1_Jeong_lane1T3xiTRU1A05	WC	1	28	inv_h1	0110	complex	0200	27.5187132396279	7.9652275510683	0.0588235294117647
chr9	74600000	80200000	fastq0024_HPNE_T3	HCJY7AFX7_MIxT1XT3_24s001577-1-1_Jeong_lane1T3xiTRU1A16	WC	1	28	inv_h1	0110	complex	0020	21.5283085940437	5.80824454937714	0.0588235294117647
chr9	80200000	81400000	fastq0024_HPNE_T3	HCJY7AFX7_MIxT1XT3_24s001577-1-1_Jeong_lane1T3xiTRU1A02	WC	1	6	del_h2	1000	inv_h2	1001	11.231782528319	1.60393675536902	0.0294117647058824
chr9	80200000	81400000	fastq0024_HPNE_T3	HCJY7AFX7_MIxT1XT3_24s001577-1-1_Jeong_lane1T3xiTRU1A16	WC	1	6	del_h1	0010	complex	0100	15.1992649792148	5.61194972105527	0.0294117647058824
chr9	81400000	87400000	fastq0024_HPNE_T3	HCJY7AFX7_MIxT1XT3_24s001577-1-1_Jeong_lane1T3xiTRU1A02	WC	1	30	complex	0002	inv_h2	1001	49.9735702164331	3.43023145509611	0.0294117647058824
chr9	81400000	87400000	fastq0024_HPNE_T3	HCJY7AFX7_MIxT1XT3_24s001577-1-1_Jeong_lane1T3xiTRU1A16	WC	1	30	inv_h1	0110	complex	0020	27.7332797665287	11.9795991498642	0.0294117647058824
chr9	87400000	98400000	fastq0024_HPNE_T3	HCJY7AFX7_MIxT1XT3_24s001577-1-1_Jeong_lane1T3xiTRU1A02	WC	1	55	inv_h2	1001	complex	1002	49.4528244400942	10.6644713848556	0.0294117647058824
chr9	87400000	98400000	fastq0024_HPNE_T3	HCJY7AFX7_MIxT1XT3_24s001577-1-1_Jeong_lane1T3xiTRU1A16	WC	1	55	inv_h1	0110	complex	0020	35.4015774801826	10.8458021526635	0.0294117647058824
chr9	98400000	100800000	fastq0024_HPNE_T3	HCJY7AFX7_MIxT1XT3_24s001577-1-1_Jeong_lane1T3xiTRU1A02	WC	1	12	inv_h2	1001	complex	2000	20.3162507025755	4.72491014482031	0.0294117647058824
chr9	98400000	100800000	fastq0024_HPNE_T3	HCJY7AFX7_MIxT1XT3_24s001577-1-1_Jeong_lane1T3xiTRU1A16	WC	1	12	inv_h1	0110	complex	0020	19.7901452587891	4.21504144106261	0.0294117647058824
chr9	100800000	104800000	fastq0024_HPNE_T3	HCJY7AFX7_MIxT1XT3_24s001577-1-1_Jeong_lane1T3xiTRU1A02	WC	1	20	inv_h2	1001	del_h2	1000	14.8313545972073	4.30877347826541	0.0294117647058824
chr9	100800000	104800000	fastq0024_HPNE_T3	HCJY7AFX7_MIxT1XT3_24s001577-1-1_Jeong_lane1T3xiTRU1A16	WC	1	20	complex	0020	del_h1	0010	17.7877115869501	1.88380221516419	0.0294117647058824
chr9	100800000	104800000	fastq0024_HPNE_T3	HCJY7AFX7_MIxT1XT3_24s001577-1-1_Jeong_lane1T3xiTRU1A42	CW	1	20	inv_hom	0101	complex	1100	4.88138271496615	4.60516591482662	0.0294117647058824
chr9	104800000	111800000	fastq0024_HPNE_T3	HCJY7AFX7_MIxT1XT3_24s001577-1-1_Jeong_lane1T3xiTRU1A02	WC	1	35	inv_h2	1001	complex	2000	27.2405682873047	8.70593121217575	0.0294117647058824
chr9	104800000	111800000	fastq0024_HPNE_T3	HCJY7AFX7_MIxT1XT3_24s001577-1-1_Jeong_lane1T3xiTRU1A16	WC	1	35	complex	0020	inv_h1	0110	21.3209870482946	6.01462398308868	0.0294117647058824
chr9	111800000	114800000	fastq0024_HPNE_T3	HCJY7AFX7_MIxT1XT3_24s001577-1-1_Jeong_lane1T3xiTRU1A02	WC	1	15	inv_h2	1001	complex	0002	35.0801472836219	5.95637749836993	0.0294117647058824
chr9	111800000	114800000	fastq0024_HPNE_T3	HCJY7AFX7_MIxT1XT3_24s001577-1-1_Jeong_lane1T3xiTRU1A16	WC	1	15	inv_h1	0110	complex	0200	27.685671555022	7.96522754733384	0.0294117647058824
chr9	114800000	123200000	fastq0024_HPNE_T3	HCJY7AFX7_MIxT1XT3_24s001577-1-1_Jeong_lane1T3xiTRU1A02	WC	1	41	inv_h2	1001	complex	0002	42.7544459409926	16.0245785377033	0.0294117647058824
chr9	114800000	123200000	fastq0024_HPNE_T3	HCJY7AFX7_MIxT1XT3_24s001577-1-1_Jeong_lane1T3xiTRU1A16	WC	1	41	complex	0020	inv_h1	0110	17.0400812065702	3.14428755145907	0.0294117647058824
chr9	123200000	126400000	fastq0024_HPNE_T3	HCJY7AFX7_MIxT1XT3_24s001577-1-1_Jeong_lane1T3xiTRU1A02	WC	1	16	inv_h2	1001	complex	2001	22.3093019571006	1.29442426364768	0.0294117647058824
chr9	123200000	126400000	fastq0024_HPNE_T3	HCJY7AFX7_MIxT1XT3_24s001577-1-1_Jeong_lane1T3xiTRU1A16	WC	1	16	complex	0020	complex	0030	19.3780898250212	3.42541335544203	0.0294117647058824
chr9	126400000	133200000	fastq0024_HPNE_T3	HCJY7AFX7_MIxT1XT3_24s001577-1-1_Jeong_lane1T3xiTRU1A02	WC	1	34	complex	2001	complex	1002	27.9317115826351	0	0.0294117647058824
chr9	126400000	133200000	fastq0024_HPNE_T3	HCJY7AFX7_MIxT1XT3_24s001577-1-1_Jeong_lane1T3xiTRU1A05	WW	1	34	dup_h1	2010	dup_h2	1020	4.22855001393691	1.41731239808933	0.0294117647058824
chr9	126400000	133200000	fastq0024_HPNE_T3	HCJY7AFX7_MIxT1XT3_24s001577-1-1_Jeong_lane1T3xiTRU1A16	WC	1	34	inv_h1	0110	complex	0020	24.5852781727658	11.2832437232934	0.0294117647058824
chr9	126400000	133200000	fastq0024_HPNE_T3	HCJY7AFX7_MIxT1XT3_24s001577-1-1_Jeong_lane1T3xiTRU1A25	WC	1	34	dup_hom	2020	complex	2110	8.21196908883556	4.69098484729595	0.0294117647058824
chr9	126400000	133200000	fastq0024_HPNE_T3	HCJY7AFX7_MIxT1XT3_24s001577-1-1_Jeong_lane1T3xiTRU1A39	WC	1	34	idup_h2	1011	complex	1021	7.21307322164138	0.584618286356838	0.0294117647058824
chr9	126400000	133200000	fastq0024_HPNE_T3	HCJY7AFX7_MIxT1XT3_24s001577-1-1_Jeong_lane1T3xiTRU1A76	WW	1	34	dup_h2	1020	dup_h1	2010	5.11817198771508	4.12786504639023	0.0294117647058824
chr9	133200000	138394717	fastq0024_HPNE_T3	HCJY7AFX7_MIxT1XT3_24s001577-1-1_Jeong_lane1T3xiTRU1A02	WC	1	21	complex	3000	complex	2001	13.1619935379484	1.28189022810674	0.0294117647058824
chr9	133200000	138394717	fastq0024_HPNE_T3	HCJY7AFX7_MIxT1XT3_24s001577-1-1_Jeong_lane1T3xiTRU1A05	WW	1	21	idup_h2	1011	idup_h1	1110	14.1448137985213	0.292366248649881	0.0294117647058824
chr9	133200000	138394717	fastq0024_HPNE_T3	HCJY7AFX7_MIxT1XT3_24s001577-1-1_Jeong_lane1T3xiTRU1A16	WC	1	21	inv_h1	0110	complex	0020	12.7454812251847	1.1146701396256	0.0294117647058824
chr9	133200000	138394717	fastq0024_HPNE_T3	HCJY7AFX7_MIxT1XT3_24s001577-1-1_Jeong_lane1T3xiTRU1A25	WC	1	21	dup_hom	2020	complex	0022	7.97614739026029	4.35713234487398	0.0588235294117647
chr9	133200000	138394717	fastq0024_HPNE_T3	HCJY7AFX7_MIxT1XT3_24s001577-1-1_Jeong_lane1T3xiTRU1A39	WC	1	21	dup_hom	2020	complex	1111	15.5297555651332	4.35713237884748	0.0588235294117647
chrX	0	2800000	fastq0024_HPNE_T3	HCJY7AFX7_MIxT1XT3_24s001577-1-1_Jeong_lane1T3xiTRU1A02	WW	1	12	inv_h2	1001	inv_h1	0110	18.9129342273688	2.99573227403964	0.382352941176471
chrX	0	2800000	fastq0024_HPNE_T3	HCJY7AFX7_MIxT1XT3_24s001577-1-1_Jeong_lane1T3xiTRU1A16	WW	1	12	inv_h2	1001	inv_h1	0110	17.5885568969041	2.99573227403964	0.382352941176471
chrX	0	2800000	fastq0024_HPNE_T3	HCJY7AFX7_MIxT1XT3_24s001577-1-1_Jeong_lane1T3xiTRU1A20	WW	1	12	inv_hom	0101	complex	0002	14.6040243584264	4.60536697574657	0.0294117647058824
chrX	0	2800000	fastq0024_HPNE_T3	HCJY7AFX7_MIxT1XT3_24s001577-1-1_Jeong_lane1T3xiTRU1A25	WW	1	12	inv_h2	1001	idup_h2	1011	16.3091330918602	2.48452228445085	0.382352941176471
chrX	0	2800000	fastq0024_HPNE_T3	HCJY7AFX7_MIxT1XT3_24s001577-1-1_Jeong_lane1T3xiTRU1A39	CW	1	12	dup_h1	2010	dup_hom	2020	6.96614143294365	1.74898525641001	0.0294117647058824
chrX	0	2800000	fastq0024_HPNE_T3	HCJY7AFX7_MIxT1XT3_24s001577-1-1_Jeong_lane1T3xiTRU1A41	CC	1	12	inv_h2	1001	inv_h1	0110	8.54250298189656	4.85647966286251e-10	0.382352941176471
chrX	0	2800000	fastq0024_HPNE_T3	HCJY7AFX7_MIxT1XT3_24s001577-1-1_Jeong_lane1T3xiTRU1A43	CC	1	12	inv_h2	1001	inv_h1	0110	6.56995627977502	4.85648854464671e-10	0.382352941176471
chrX	0	2800000	fastq0024_HPNE_T3	HCJY7AFX7_MIxT1XT3_24s001577-1-1_Jeong_lane1T3xiTRU1A44	WW	1	12	inv_h2	1001	inv_h1	0110	12.187473957491	4.85648854464671e-10	0.382352941176471
chrX	0	2800000	fastq0024_HPNE_T3	HCJY7AFX7_MIxT1XT3_24s001577-1-1_Jeong_lane1T3xiTRU1A64	WW	1	12	inv_h2	1001	inv_h1	0110	15.8890407829756	4.85648854464671e-10	0.382352941176471
chrX	0	2800000	fastq0024_HPNE_T3	HCJY7AFX7_MIxT1XT3_24s001577-1-1_Jeong_lane1T3xiTRU1A66	CC	1	12	idup_h2	1011	idup_h1	1110	12.3242825228746	0.0252955628416638	0.0294117647058824
chrX	0	2800000	fastq0024_HPNE_T3	HCJY7AFX7_MIxT1XT3_24s001577-1-1_Jeong_lane1T3xiTRU1A67	CC	1	12	inv_h2	1001	inv_h1	0110	15.1787790433197	4.85648854464671e-10	0.382352941176471
chrX	0	2800000	fastq0024_HPNE_T3	HCJY7AFX7_MIxT1XT3_24s001577-1-1_Jeong_lane1T3xiTRU1A75	WW	1	12	inv_h2	1001	inv_h1	0110	12.9804319288088	4.85648854464671e-10	0.382352941176471
chrX	0	2800000	fastq0024_HPNE_T3	HCJY7AFX7_MIxT1XT3_24s001577-1-1_Jeong_lane1T3xiTRU1A78	CC	1	12	inv_h2	1001	inv_h1	0110	18.945909187554	2.99573227403964	0.382352941176471
chrX	0	2800000	fastq0024_HPNE_T3	HCJY7AFX7_MIxT1XT3_24s001577-1-1_Jeong_lane1T3xiTRU1A79	CC	1	12	inv_h2	1001	inv_h1	0110	12.3530681988201	4.85648854464671e-10	0.382352941176471
chrX	0	2800000	fastq0024_HPNE_T3	HCJY7AFX7_MIxT1XT3_24s001577-1-1_Jeong_lane1T3xiTRU1A80	WW	1	12	inv_h2	1001	inv_h1	0110	13.7822054288192	4.85648854464671e-10	0.382352941176471
chrX	0	2800000	fastq0024_HPNE_T3	HCJY7AFX7_MIxT1XT3_24s001577-1-1_Jeong_lane1T3xiTRU1A83	WW	1	12	inv_h2	1001	complex	0011	21.6188167186364	4.60515007341373	0.382352941176471
chrX	0	2800000	fastq0024_HPNE_T3	HCJY7AFX7_MIxT1XT3_24s001577-1-1_Jeong_lane1T3xiTRU1A92	CC	1	12	inv_h1	0110	complex	0011	22.3626548365291	10.5966147669863	0.0294117647058824
chrX	2800000	17800000	fastq0024_HPNE_T3	HCJY7AFX7_MIxT1XT3_24s001577-1-1_Jeong_lane1T3xiTRU1A02	WW	1	74	del_h1	0010	del_h2	1000	27.7818282796492	2.22044604925031e-16	0.911764705882353
chrX	2800000	17800000	fastq0024_HPNE_T3	HCJY7AFX7_MIxT1XT3_24s001577-1-1_Jeong_lane1T3xiTRU1A05	CC	1	74	del_h1	0010	del_h2	1000	27.3625429464039	0	0.911764705882353
chrX	2800000	17800000	fastq0024_HPNE_T3	HCJY7AFX7_MIxT1XT3_24s001577-1-1_Jeong_lane1T3xiTRU1A08	CC	1	74	del_h1	0010	del_h2	1000	22.3565184137022	2.22044604925031e-16	0.911764705882353
chrX	2800000	17800000	fastq0024_HPNE_T3	HCJY7AFX7_MIxT1XT3_24s001577-1-1_Jeong_lane1T3xiTRU1A10	CC	1	74	del_h1	0010	del_h2	1000	27.7830905630487	2.22044604925031e-16	0.911764705882353
chrX	2800000	17800000	fastq0024_HPNE_T3	HCJY7AFX7_MIxT1XT3_24s001577-1-1_Jeong_lane1T3xiTRU1A16	WW	1	74	del_h1	0010	del_h2	1000	27.3783756561747	0	0.911764705882353
chrX	2800000	17800000	fastq0024_HPNE_T3	HCJY7AFX7_MIxT1XT3_24s001577-1-1_Jeong_lane1T3xiTRU1A20	WW	1	74	complex	0100	complex	0001	22.4923972985455	8.88178419700125e-15	0.0588235294117647
chrX	2800000	17800000	fastq0024_HPNE_T3	HCJY7AFX7_MIxT1XT3_24s001577-1-1_Jeong_lane1T3xiTRU1A21	CC	1	74	del_h1	0010	del_h2	1000	27.7794406308018	0	0.911764705882353
chrX	2800000	17800000	fastq0024_HPNE_T3	HCJY7AFX7_MIxT1XT3_24s001577-1-1_Jeong_lane1T3xiTRU1A25	WW	1	74	del_h1	0010	del_h2	1000	22.5629767319813	0	0.911764705882353
chrX	2800000	17800000	fastq0024_HPNE_T3	HCJY7AFX7_MIxT1XT3_24s001577-1-1_Jeong_lane1T3xiTRU1A27	CC	1	74	del_h1	0010	del_h2	1000	13.5489529569961	2.22044604925031e-16	0.911764705882353
chrX	2800000	17800000	fastq0024_HPNE_T3	HCJY7AFX7_MIxT1XT3_24s001577-1-1_Jeong_lane1T3xiTRU1A34	WW	1	74	del_h1	0010	del_h2	1000	27.783091429267	2.22044604925031e-16	0.911764705882353
chrX	2800000	17800000	fastq0024_HPNE_T3	HCJY7AFX7_MIxT1XT3_24s001577-1-1_Jeong_lane1T3xiTRU1A35	WW	1	74	del_h1	0010	del_h2	1000	21.240215028145	2.22044604925031e-16	0.911764705882353
chrX	2800000	17800000	fastq0024_HPNE_T3	HCJY7AFX7_MIxT1XT3_24s001577-1-1_Jeong_lane1T3xiTRU1A37	CC	1	74	del_h1	0010	del_h2	1000	21.2174159231767	0	0.911764705882353
chrX	2800000	17800000	fastq0024_HPNE_T3	HCJY7AFX7_MIxT1XT3_24s001577-1-1_Jeong_lane1T3xiTRU1A40	CC	1	74	del_h1	0010	del_h2	1000	17.9487968575087	2.22044604925031e-16	0.911764705882353
chrX	2800000	17800000	fastq0024_HPNE_T3	HCJY7AFX7_MIxT1XT3_24s001577-1-1_Jeong_lane1T3xiTRU1A41	CC	1	74	del_h1	0010	del_h2	1000	18.425531367325	2.22044604925031e-16	0.911764705882353
chrX	2800000	17800000	fastq0024_HPNE_T3	HCJY7AFX7_MIxT1XT3_24s001577-1-1_Jeong_lane1T3xiTRU1A42	WW	1	74	del_h1	0010	del_h2	1000	27.7501108446661	0	0.911764705882353
chrX	2800000	17800000	fastq0024_HPNE_T3	HCJY7AFX7_MIxT1XT3_24s001577-1-1_Jeong_lane1T3xiTRU1A43	CC	1	74	del_h1	0010	del_h2	1000	17.3130337560189	0	0.911764705882353
chrX	2800000	17800000	fastq0024_HPNE_T3	HCJY7AFX7_MIxT1XT3_24s001577-1-1_Jeong_lane1T3xiTRU1A44	WW	1	74	del_h1	0010	del_h2	1000	27.1126257212918	2.22044604925031e-16	0.911764705882353
chrX	2800000	17800000	fastq0024_HPNE_T3	HCJY7AFX7_MIxT1XT3_24s001577-1-1_Jeong_lane1T3xiTRU1A48	WW	1	74	del_h1	0010	del_h2	1000	27.7389265025564	2.22044604925031e-16	0.911764705882353
chrX	2800000	17800000	fastq0024_HPNE_T3	HCJY7AFX7_MIxT1XT3_24s001577-1-1_Jeong_lane1T3xiTRU1A50	WW	1	74	del_h1	0010	del_h2	1000	22.9653259251311	0	0.911764705882353
chrX	2800000	17800000	fastq0024_HPNE_T3	HCJY7AFX7_MIxT1XT3_24s001577-1-1_Jeong_lane1T3xiTRU1A55	WW	1	74	del_h1	0010	del_h2	1000	25.067807923818	0	0.911764705882353
chrX	2800000	17800000	fastq0024_HPNE_T3	HCJY7AFX7_MIxT1XT3_24s001577-1-1_Jeong_lane1T3xiTRU1A57	WW	1	74	del_h1	0010	del_h2	1000	20.8257263549662	2.22044604925031e-16	0.911764705882353
chrX	2800000	17800000	fastq0024_HPNE_T3	HCJY7AFX7_MIxT1XT3_24s001577-1-1_Jeong_lane1T3xiTRU1A63	CC	1	74	del_h1	0010	del_h2	1000	27.7830648796713	0	0.911764705882353
chrX	2800000	17800000	fastq0024_HPNE_T3	HCJY7AFX7_MIxT1XT3_24s001577-1-1_Jeong_lane1T3xiTRU1A64	WW	1	74	del_h1	0010	del_h2	1000	27.7821159224438	2.22044604925031e-16	0.911764705882353
chrX	2800000	17800000	fastq0024_HPNE_T3	HCJY7AFX7_MIxT1XT3_24s001577-1-1_Jeong_lane1T3xiTRU1A65	CC	1	74	del_h1	0010	del_h2	1000	27.7830808156221	2.22044604925031e-16	0.911764705882353
chrX	2800000	17800000	fastq0024_HPNE_T3	HCJY7AFX7_MIxT1XT3_24s001577-1-1_Jeong_lane1T3xiTRU1A66	CC	1	74	del_h1	0010	del_h2	1000	27.7686117535375	0	0.911764705882353
chrX	2800000	17800000	fastq0024_HPNE_T3	HCJY7AFX7_MIxT1XT3_24s001577-1-1_Jeong_lane1T3xiTRU1A67	CC	1	74	del_h1	0010	del_h2	1000	27.7452376891115	2.22044604925031e-16	0.911764705882353
chrX	2800000	17800000	fastq0024_HPNE_T3	HCJY7AFX7_MIxT1XT3_24s001577-1-1_Jeong_lane1T3xiTRU1A75	WW	1	74	del_h1	0010	del_h2	1000	26.689674632287	0	0.911764705882353
chrX	2800000	17800000	fastq0024_HPNE_T3	HCJY7AFX7_MIxT1XT3_24s001577-1-1_Jeong_lane1T3xiTRU1A76	CC	1	74	del_h1	0010	del_h2	1000	26.9521467002346	0	0.911764705882353
chrX	2800000	17800000	fastq0024_HPNE_T3	HCJY7AFX7_MIxT1XT3_24s001577-1-1_Jeong_lane1T3xiTRU1A78	CC	1	74	del_h1	0010	del_h2	1000	27.769002187836	0	0.911764705882353
chrX	2800000	17800000	fastq0024_HPNE_T3	HCJY7AFX7_MIxT1XT3_24s001577-1-1_Jeong_lane1T3xiTRU1A79	CC	1	74	complex	0100	complex	0001	22.4923970111771	8.88178419700125e-15	0.0588235294117647
chrX	2800000	17800000	fastq0024_HPNE_T3	HCJY7AFX7_MIxT1XT3_24s001577-1-1_Jeong_lane1T3xiTRU1A80	WW	1	74	del_h1	0010	del_h2	1000	23.9766840675102	2.22044604925031e-16	0.911764705882353
chrX	2800000	17800000	fastq0024_HPNE_T3	HCJY7AFX7_MIxT1XT3_24s001577-1-1_Jeong_lane1T3xiTRU1A83	WW	1	74	del_h1	0010	del_h2	1000	27.7817608799293	2.22044604925031e-16	0.911764705882353
chrX	2800000	17800000	fastq0024_HPNE_T3	HCJY7AFX7_MIxT1XT3_24s001577-1-1_Jeong_lane1T3xiTRU1A92	CC	1	74	del_h1	0010	del_h2	1000	27.7830914292712	2.22044604925031e-16	0.911764705882353
chrX	17800000	21000000	fastq0024_HPNE_T3	HCJY7AFX7_MIxT1XT3_24s001577-1-1_Jeong_lane1T3xiTRU1A02	WW	1	16	del_h1	0010	del_h2	1000	5.38137081339691	7.46416163988073e-07	0.529411764705882
chrX	17800000	21000000	fastq0024_HPNE_T3	HCJY7AFX7_MIxT1XT3_24s001577-1-1_Jeong_lane1T3xiTRU1A05	CC	1	16	del_h1	0010	del_h2	1000	4.18811948282146	7.46416163988073e-07	0.529411764705882
chrX	17800000	21000000	fastq0024_HPNE_T3	HCJY7AFX7_MIxT1XT3_24s001577-1-1_Jeong_lane1T3xiTRU1A08	CC	1	16	del_h1	0010	del_h2	1000	6.49925073628646	7.46416163988073e-07	0.529411764705882
chrX	17800000	21000000	fastq0024_HPNE_T3	HCJY7AFX7_MIxT1XT3_24s001577-1-1_Jeong_lane1T3xiTRU1A10	CC	1	16	del_h1	0010	del_h2	1000	4.70935293610411	7.46416164210117e-07	0.529411764705882
chrX	17800000	21000000	fastq0024_HPNE_T3	HCJY7AFX7_MIxT1XT3_24s001577-1-1_Jeong_lane1T3xiTRU1A20	WW	1	16	del_h1	0010	del_h2	1000	6.70069308368647	7.46416164210117e-07	0.529411764705882
chrX	17800000	21000000	fastq0024_HPNE_T3	HCJY7AFX7_MIxT1XT3_24s001577-1-1_Jeong_lane1T3xiTRU1A21	CC	1	16	del_h1	0010	del_h2	1000	4.29874097996412	7.46416163988073e-07	0.529411764705882
chrX	17800000	21000000	fastq0024_HPNE_T3	HCJY7AFX7_MIxT1XT3_24s001577-1-1_Jeong_lane1T3xiTRU1A34	WW	1	16	del_h1	0010	del_h2	1000	9.02394848593583	7.46416164210117e-07	0.529411764705882
chrX	17800000	21000000	fastq0024_HPNE_T3	HCJY7AFX7_MIxT1XT3_24s001577-1-1_Jeong_lane1T3xiTRU1A35	WW	1	16	del_h1	0010	del_h2	1000	5.47595791020969	7.46416163988073e-07	0.529411764705882
chrX	17800000	21000000	fastq0024_HPNE_T3	HCJY7AFX7_MIxT1XT3_24s001577-1-1_Jeong_lane1T3xiTRU1A37	CC	1	16	del_h1	0010	del_h2	1000	4.88007796546333	7.46416163988073e-07	0.529411764705882
chrX	17800000	21000000	fastq0024_HPNE_T3	HCJY7AFX7_MIxT1XT3_24s001577-1-1_Jeong_lane1T3xiTRU1A44	WW	1	16	del_h1	0010	del_h2	1000	5.70459591018366	7.46416163988073e-07	0.529411764705882
chrX	17800000	21000000	fastq0024_HPNE_T3	HCJY7AFX7_MIxT1XT3_24s001577-1-1_Jeong_lane1T3xiTRU1A48	WW	1	16	del_h1	0010	del_h2	1000	6.0021240084936	7.46416163766028e-07	0.529411764705882
chrX	17800000	21000000	fastq0024_HPNE_T3	HCJY7AFX7_MIxT1XT3_24s001577-1-1_Jeong_lane1T3xiTRU1A55	WW	1	16	del_h1	0010	del_h2	1000	5.17291661334766	7.46416163988073e-07	0.529411764705882
chrX	17800000	21000000	fastq0024_HPNE_T3	HCJY7AFX7_MIxT1XT3_24s001577-1-1_Jeong_lane1T3xiTRU1A63	CC	1	16	del_h1	0010	del_h2	1000	4.07204596015305	7.46416163988073e-07	0.529411764705882
chrX	17800000	21000000	fastq0024_HPNE_T3	HCJY7AFX7_MIxT1XT3_24s001577-1-1_Jeong_lane1T3xiTRU1A65	CC	1	16	del_h1	0010	del_h2	1000	5.1333190123604	7.46416163988073e-07	0.529411764705882
chrX	17800000	21000000	fastq0024_HPNE_T3	HCJY7AFX7_MIxT1XT3_24s001577-1-1_Jeong_lane1T3xiTRU1A66	CC	1	16	del_h1	0010	del_h2	1000	5.53133701530197	7.46416163988073e-07	0.529411764705882
chrX	17800000	21000000	fastq0024_HPNE_T3	HCJY7AFX7_MIxT1XT3_24s001577-1-1_Jeong_lane1T3xiTRU1A67	CC	1	16	del_h1	0010	del_h2	1000	7.68787902137134	5.99146529352415	0.529411764705882
chrX	17800000	21000000	fastq0024_HPNE_T3	HCJY7AFX7_MIxT1XT3_24s001577-1-1_Jeong_lane1T3xiTRU1A78	CC	1	16	del_h1	0010	del_h2	1000	5.58650958214957	7.46416163988073e-07	0.529411764705882
chrX	17800000	21000000	fastq0024_HPNE_T3	HCJY7AFX7_MIxT1XT3_24s001577-1-1_Jeong_lane1T3xiTRU1A79	CC	1	16	inv_hom	0101	complex	0200	15.723775728666	4.92757647306661	0.0294117647058824
chrX	17800000	21000000	fastq0024_HPNE_T3	HCJY7AFX7_MIxT1XT3_24s001577-1-1_Jeong_lane1T3xiTRU1A92	CC	1	16	del_h1	0010	del_h2	1000	10.8792053478475	7.46416163766028e-07	0.529411764705882
chrX	21000000	39200000	fastq0024_HPNE_T3	HCJY7AFX7_MIxT1XT3_24s001577-1-1_Jeong_lane1T3xiTRU1A02	WW	1	89	del_h2	1000	del_h1	0010	35.4299727489315	0	0.558823529411765
chrX	21000000	39200000	fastq0024_HPNE_T3	HCJY7AFX7_MIxT1XT3_24s001577-1-1_Jeong_lane1T3xiTRU1A05	CC	1	89	del_h2	1000	del_h1	0010	35.4299722846352	0	0.558823529411765
chrX	21000000	39200000	fastq0024_HPNE_T3	HCJY7AFX7_MIxT1XT3_24s001577-1-1_Jeong_lane1T3xiTRU1A08	CC	1	89	del_h1	0010	del_h2	1000	35.4299727401508	0	0.441176470588235
chrX	21000000	39200000	fastq0024_HPNE_T3	HCJY7AFX7_MIxT1XT3_24s001577-1-1_Jeong_lane1T3xiTRU1A10	CC	1	89	del_h1	0010	del_h2	1000	35.4299727506274	0	0.441176470588235
chrX	21000000	39200000	fastq0024_HPNE_T3	HCJY7AFX7_MIxT1XT3_24s001577-1-1_Jeong_lane1T3xiTRU1A16	WW	1	89	del_h2	1000	del_h1	0010	35.4299727499327	0	0.558823529411765
chrX	21000000	39200000	fastq0024_HPNE_T3	HCJY7AFX7_MIxT1XT3_24s001577-1-1_Jeong_lane1T3xiTRU1A20	WW	1	89	del_h2	1000	del_h1	0010	35.4149546909185	0	0.558823529411765
chrX	21000000	39200000	fastq0024_HPNE_T3	HCJY7AFX7_MIxT1XT3_24s001577-1-1_Jeong_lane1T3xiTRU1A21	CC	1	89	del_h2	1000	del_h1	0010	35.4299682302865	0	0.558823529411765
chrX	21000000	39200000	fastq0024_HPNE_T3	HCJY7AFX7_MIxT1XT3_24s001577-1-1_Jeong_lane1T3xiTRU1A25	WW	1	89	del_h1	0010	del_h2	1000	35.4299727366144	0	0.441176470588235
chrX	21000000	39200000	fastq0024_HPNE_T3	HCJY7AFX7_MIxT1XT3_24s001577-1-1_Jeong_lane1T3xiTRU1A27	CC	1	89	del_h2	1000	del_h1	0010	34.3766926931114	0	0.558823529411765
chrX	21000000	39200000	fastq0024_HPNE_T3	HCJY7AFX7_MIxT1XT3_24s001577-1-1_Jeong_lane1T3xiTRU1A34	WW	1	89	del_h1	0010	del_h2	1000	35.4299727506379	0	0.441176470588235
chrX	21000000	39200000	fastq0024_HPNE_T3	HCJY7AFX7_MIxT1XT3_24s001577-1-1_Jeong_lane1T3xiTRU1A35	WW	1	89	del_h2	1000	del_h1	0010	35.4299639620713	0	0.558823529411765
chrX	21000000	39200000	fastq0024_HPNE_T3	HCJY7AFX7_MIxT1XT3_24s001577-1-1_Jeong_lane1T3xiTRU1A37	CC	1	89	del_h2	1000	del_h1	0010	35.4299726498709	0	0.558823529411765
chrX	21000000	39200000	fastq0024_HPNE_T3	HCJY7AFX7_MIxT1XT3_24s001577-1-1_Jeong_lane1T3xiTRU1A39	CW	1	89	del_h2	1000	del_h1	0010	11.4148370225374	8.83775887731479	0.558823529411765
chrX	21000000	39200000	fastq0024_HPNE_T3	HCJY7AFX7_MIxT1XT3_24s001577-1-1_Jeong_lane1T3xiTRU1A40	CC	1	89	del_h2	1000	del_h1	0010	35.4299568425893	0	0.558823529411765
chrX	21000000	39200000	fastq0024_HPNE_T3	HCJY7AFX7_MIxT1XT3_24s001577-1-1_Jeong_lane1T3xiTRU1A41	CC	1	89	del_h2	1000	del_h1	0010	30.9413791355893	0	0.558823529411765
chrX	21000000	39200000	fastq0024_HPNE_T3	HCJY7AFX7_MIxT1XT3_24s001577-1-1_Jeong_lane1T3xiTRU1A42	WW	1	89	del_h2	1000	del_h1	0010	35.4299727286846	0	0.558823529411765
chrX	21000000	39200000	fastq0024_HPNE_T3	HCJY7AFX7_MIxT1XT3_24s001577-1-1_Jeong_lane1T3xiTRU1A43	CC	1	89	del_h1	0010	del_h2	1000	35.2495491745671	0	0.441176470588235
chrX	21000000	39200000	fastq0024_HPNE_T3	HCJY7AFX7_MIxT1XT3_24s001577-1-1_Jeong_lane1T3xiTRU1A44	WW	1	89	del_h2	1000	del_h1	0010	35.4299675623507	0	0.558823529411765
chrX	21000000	39200000	fastq0024_HPNE_T3	HCJY7AFX7_MIxT1XT3_24s001577-1-1_Jeong_lane1T3xiTRU1A48	WW	1	89	del_h1	0010	del_h2	1000	35.4299649118581	0	0.441176470588235
chrX	21000000	39200000	fastq0024_HPNE_T3	HCJY7AFX7_MIxT1XT3_24s001577-1-1_Jeong_lane1T3xiTRU1A50	WW	1	89	del_h1	0010	del_h2	1000	35.3241681991715	0	0.441176470588235
chrX	21000000	39200000	fastq0024_HPNE_T3	HCJY7AFX7_MIxT1XT3_24s001577-1-1_Jeong_lane1T3xiTRU1A55	WW	1	89	del_h1	0010	del_h2	1000	35.4298396541026	0	0.441176470588235
chrX	21000000	39200000	fastq0024_HPNE_T3	HCJY7AFX7_MIxT1XT3_24s001577-1-1_Jeong_lane1T3xiTRU1A57	WW	1	89	del_h1	0010	del_h2	1000	35.4299683799731	0	0.441176470588235
chrX	21000000	39200000	fastq0024_HPNE_T3	HCJY7AFX7_MIxT1XT3_24s001577-1-1_Jeong_lane1T3xiTRU1A63	CC	1	89	del_h2	1000	del_h1	0010	35.4299727506376	0	0.558823529411765
chrX	21000000	39200000	fastq0024_HPNE_T3	HCJY7AFX7_MIxT1XT3_24s001577-1-1_Jeong_lane1T3xiTRU1A64	WW	1	89	del_h2	1000	del_h1	0010	35.4299727452425	0	0.558823529411765
chrX	21000000	39200000	fastq0024_HPNE_T3	HCJY7AFX7_MIxT1XT3_24s001577-1-1_Jeong_lane1T3xiTRU1A65	CC	1	89	del_h1	0010	del_h2	1000	35.4299727506379	0	0.441176470588235
chrX	21000000	39200000	fastq0024_HPNE_T3	HCJY7AFX7_MIxT1XT3_24s001577-1-1_Jeong_lane1T3xiTRU1A66	CC	1	89	del_h2	1000	del_h1	0010	35.4299727506367	0	0.558823529411765
chrX	21000000	39200000	fastq0024_HPNE_T3	HCJY7AFX7_MIxT1XT3_24s001577-1-1_Jeong_lane1T3xiTRU1A67	CC	1	89	del_h1	0010	del_h2	1000	35.4299727505985	0	0.441176470588235
chrX	21000000	39200000	fastq0024_HPNE_T3	HCJY7AFX7_MIxT1XT3_24s001577-1-1_Jeong_lane1T3xiTRU1A75	?	1	89	del_h1	0010	del_h2	1000	17.3659680176248	0	0.441176470588235
chrX	21000000	39200000	fastq0024_HPNE_T3	HCJY7AFX7_MIxT1XT3_24s001577-1-1_Jeong_lane1T3xiTRU1A76	CC	1	89	del_h1	0010	del_h2	1000	35.4299727506271	0	0.441176470588235
chrX	21000000	39200000	fastq0024_HPNE_T3	HCJY7AFX7_MIxT1XT3_24s001577-1-1_Jeong_lane1T3xiTRU1A78	CC	1	89	del_h2	1000	del_h1	0010	35.429972742297	0	0.558823529411765
chrX	21000000	39200000	fastq0024_HPNE_T3	HCJY7AFX7_MIxT1XT3_24s001577-1-1_Jeong_lane1T3xiTRU1A79	CC	1	89	del_h2	1000	del_h1	0010	35.4299700898961	0	0.558823529411765
chrX	21000000	39200000	fastq0024_HPNE_T3	HCJY7AFX7_MIxT1XT3_24s001577-1-1_Jeong_lane1T3xiTRU1A80	WW	1	89	del_h1	0010	del_h2	1000	35.4299727497038	0	0.441176470588235
chrX	21000000	39200000	fastq0024_HPNE_T3	HCJY7AFX7_MIxT1XT3_24s001577-1-1_Jeong_lane1T3xiTRU1A83	WW	1	89	del_h2	1000	del_h1	0010	35.4299727506379	0	0.558823529411765
chrX	21000000	39200000	fastq0024_HPNE_T3	HCJY7AFX7_MIxT1XT3_24s001577-1-1_Jeong_lane1T3xiTRU1A92	CC	1	89	del_h1	0010	del_h2	1000	35.4299727506379	0	0.441176470588235
chrX	39200000	41800000	fastq0024_HPNE_T3	HCJY7AFX7_MIxT1XT3_24s001577-1-1_Jeong_lane1T3xiTRU1A34	WW	1	13	del_h2	1000	del_h1	0010	12.2034970255593	9.212615786236e-06	0.0294117647058824
chrX	41800000	45800000	fastq0024_HPNE_T3	HCJY7AFX7_MIxT1XT3_24s001577-1-1_Jeong_lane1T3xiTRU1A02	WW	1	20	del_h1	0010	del_h2	1000	8.35065753541142	2.05450272350305e-08	0.882352941176471
chrX	41800000	45800000	fastq0024_HPNE_T3	HCJY7AFX7_MIxT1XT3_24s001577-1-1_Jeong_lane1T3xiTRU1A05	CC	1	20	del_h1	0010	del_h2	1000	5.85755769872199	2.05450272350305e-08	0.882352941176471
chrX	41800000	45800000	fastq0024_HPNE_T3	HCJY7AFX7_MIxT1XT3_24s001577-1-1_Jeong_lane1T3xiTRU1A08	CC	1	20	del_h1	0010	del_h2	1000	5.55986603054988	2.05450274570751e-08	0.882352941176471
chrX	41800000	45800000	fastq0024_HPNE_T3	HCJY7AFX7_MIxT1XT3_24s001577-1-1_Jeong_lane1T3xiTRU1A10	CC	1	20	del_h1	0010	del_h2	1000	10.5709297039444	2.05450274570751e-08	0.882352941176471
chrX	41800000	45800000	fastq0024_HPNE_T3	HCJY7AFX7_MIxT1XT3_24s001577-1-1_Jeong_lane1T3xiTRU1A16	WW	1	20	del_h1	0010	del_h2	1000	13.4432348173459	2.05450274570751e-08	0.882352941176471
chrX	41800000	45800000	fastq0024_HPNE_T3	HCJY7AFX7_MIxT1XT3_24s001577-1-1_Jeong_lane1T3xiTRU1A20	WW	1	20	del_h1	0010	del_h2	1000	6.0705390863559	2.05450274570751e-08	0.882352941176471
chrX	41800000	45800000	fastq0024_HPNE_T3	HCJY7AFX7_MIxT1XT3_24s001577-1-1_Jeong_lane1T3xiTRU1A21	CC	1	20	del_h1	0010	del_h2	1000	9.14492045753184	2.05450272350305e-08	0.882352941176471
chrX	41800000	45800000	fastq0024_HPNE_T3	HCJY7AFX7_MIxT1XT3_24s001577-1-1_Jeong_lane1T3xiTRU1A27	CC	1	20	del_h1	0010	del_h2	1000	5.21333635732386	2.05450272350305e-08	0.882352941176471
chrX	41800000	45800000	fastq0024_HPNE_T3	HCJY7AFX7_MIxT1XT3_24s001577-1-1_Jeong_lane1T3xiTRU1A34	WW	1	20	del_h1	0010	del_h2	1000	10.5948116611751	2.05450272350305e-08	0.882352941176471
chrX	41800000	45800000	fastq0024_HPNE_T3	HCJY7AFX7_MIxT1XT3_24s001577-1-1_Jeong_lane1T3xiTRU1A35	WW	1	20	del_h1	0010	del_h2	1000	7.9017545658031	2.05450274570751e-08	0.882352941176471
chrX	41800000	45800000	fastq0024_HPNE_T3	HCJY7AFX7_MIxT1XT3_24s001577-1-1_Jeong_lane1T3xiTRU1A37	CC	1	20	del_h1	0010	del_h2	1000	5.07921340629861	2.05450272350305e-08	0.882352941176471
chrX	41800000	45800000	fastq0024_HPNE_T3	HCJY7AFX7_MIxT1XT3_24s001577-1-1_Jeong_lane1T3xiTRU1A40	CC	1	20	del_h1	0010	del_h2	1000	4.17217739709659	2.05450274570751e-08	0.882352941176471
chrX	41800000	45800000	fastq0024_HPNE_T3	HCJY7AFX7_MIxT1XT3_24s001577-1-1_Jeong_lane1T3xiTRU1A41	CC	1	20	del_h1	0010	del_h2	1000	6.78857197613066	2.05450274570751e-08	0.882352941176471
chrX	41800000	45800000	fastq0024_HPNE_T3	HCJY7AFX7_MIxT1XT3_24s001577-1-1_Jeong_lane1T3xiTRU1A42	WW	1	20	del_h1	0010	del_h2	1000	4.716868621888	2.05450274570751e-08	0.882352941176471
chrX	41800000	45800000	fastq0024_HPNE_T3	HCJY7AFX7_MIxT1XT3_24s001577-1-1_Jeong_lane1T3xiTRU1A43	CC	1	20	del_h1	0010	del_h2	1000	6.52022095476018	2.05450274570751e-08	0.882352941176471
chrX	41800000	45800000	fastq0024_HPNE_T3	HCJY7AFX7_MIxT1XT3_24s001577-1-1_Jeong_lane1T3xiTRU1A44	WW	1	20	del_h1	0010	del_h2	1000	10.001433501746	2.05450272350305e-08	0.882352941176471
chrX	41800000	45800000	fastq0024_HPNE_T3	HCJY7AFX7_MIxT1XT3_24s001577-1-1_Jeong_lane1T3xiTRU1A48	WW	1	20	del_h1	0010	del_h2	1000	5.31385214904272	2.05450274570751e-08	0.882352941176471
chrX	41800000	45800000	fastq0024_HPNE_T3	HCJY7AFX7_MIxT1XT3_24s001577-1-1_Jeong_lane1T3xiTRU1A55	WW	1	20	del_h1	0010	del_h2	1000	4.97073267108722	2.05450274570751e-08	0.882352941176471
chrX	41800000	45800000	fastq0024_HPNE_T3	HCJY7AFX7_MIxT1XT3_24s001577-1-1_Jeong_lane1T3xiTRU1A57	WW	1	20	del_h1	0010	del_h2	1000	5.67884040355883	2.05450272350305e-08	0.882352941176471
chrX	41800000	45800000	fastq0024_HPNE_T3	HCJY7AFX7_MIxT1XT3_24s001577-1-1_Jeong_lane1T3xiTRU1A63	CC	1	20	del_h1	0010	del_h2	1000	9.00855775779513	2.05450272350305e-08	0.882352941176471
chrX	41800000	45800000	fastq0024_HPNE_T3	HCJY7AFX7_MIxT1XT3_24s001577-1-1_Jeong_lane1T3xiTRU1A64	WW	1	20	del_h1	0010	del_h2	1000	8.69853009532857	2.05450272350305e-08	0.882352941176471
chrX	41800000	45800000	fastq0024_HPNE_T3	HCJY7AFX7_MIxT1XT3_24s001577-1-1_Jeong_lane1T3xiTRU1A65	CC	1	20	del_h1	0010	del_h2	1000	7.67625019416578	2.05450272350305e-08	0.882352941176471
chrX	41800000	45800000	fastq0024_HPNE_T3	HCJY7AFX7_MIxT1XT3_24s001577-1-1_Jeong_lane1T3xiTRU1A66	CC	1	20	del_h1	0010	del_h2	1000	9.10895760890944	2.05450274570751e-08	0.882352941176471
chrX	41800000	45800000	fastq0024_HPNE_T3	HCJY7AFX7_MIxT1XT3_24s001577-1-1_Jeong_lane1T3xiTRU1A67	CC	1	20	del_h1	0010	del_h2	1000	11.0994194309677	2.05450274570751e-08	0.882352941176471
chrX	41800000	45800000	fastq0024_HPNE_T3	HCJY7AFX7_MIxT1XT3_24s001577-1-1_Jeong_lane1T3xiTRU1A75	CC	1	20	del_h1	0010	del_h2	1000	11.0846740788258	2.05450272350305e-08	0.882352941176471
chrX	41800000	45800000	fastq0024_HPNE_T3	HCJY7AFX7_MIxT1XT3_24s001577-1-1_Jeong_lane1T3xiTRU1A76	CC	1	20	del_h1	0010	del_h2	1000	6.6143011657723	2.05450274570751e-08	0.882352941176471
chrX	41800000	45800000	fastq0024_HPNE_T3	HCJY7AFX7_MIxT1XT3_24s001577-1-1_Jeong_lane1T3xiTRU1A79	CC	1	20	del_h1	0010	del_h2	1000	6.85980247407175	2.05450272350305e-08	0.882352941176471
chrX	41800000	45800000	fastq0024_HPNE_T3	HCJY7AFX7_MIxT1XT3_24s001577-1-1_Jeong_lane1T3xiTRU1A80	WW	1	20	del_h1	0010	del_h2	1000	7.52418011941943	2.05450272350305e-08	0.882352941176471
chrX	41800000	45800000	fastq0024_HPNE_T3	HCJY7AFX7_MIxT1XT3_24s001577-1-1_Jeong_lane1T3xiTRU1A83	WW	1	20	del_h1	0010	del_h2	1000	12.7244759813756	2.05450274570751e-08	0.882352941176471
chrX	41800000	45800000	fastq0024_HPNE_T3	HCJY7AFX7_MIxT1XT3_24s001577-1-1_Jeong_lane1T3xiTRU1A92	CC	1	20	del_h1	0010	del_h2	1000	18.9279348601338	2.05450274570751e-08	0.882352941176471
chrX	62800000	67000000	fastq0024_HPNE_T3	HCJY7AFX7_MIxT1XT3_24s001577-1-1_Jeong_lane1T3xiTRU1A02	CC	1	21	del_h2	1000	del_h1	0010	15.2362977699422	3.52618830801177e-07	0.970588235294118
chrX	62800000	67000000	fastq0024_HPNE_T3	HCJY7AFX7_MIxT1XT3_24s001577-1-1_Jeong_lane1T3xiTRU1A05	CC	1	21	del_h2	1000	del_h1	0010	9.19865683049327	3.52618830579132e-07	0.970588235294118
chrX	62800000	67000000	fastq0024_HPNE_T3	HCJY7AFX7_MIxT1XT3_24s001577-1-1_Jeong_lane1T3xiTRU1A08	CC	1	21	del_h2	1000	del_h1	0010	12.7079218291773	3.52618830579132e-07	0.970588235294118
chrX	62800000	67000000	fastq0024_HPNE_T3	HCJY7AFX7_MIxT1XT3_24s001577-1-1_Jeong_lane1T3xiTRU1A10	CC	1	21	del_h2	1000	del_h1	0010	17.8917053825863	3.52618830801177e-07	0.970588235294118
chrX	62800000	67000000	fastq0024_HPNE_T3	HCJY7AFX7_MIxT1XT3_24s001577-1-1_Jeong_lane1T3xiTRU1A16	WW	1	21	del_h2	1000	del_h1	0010	13.4019856721088	3.52618830579132e-07	0.970588235294118
chrX	62800000	67000000	fastq0024_HPNE_T3	HCJY7AFX7_MIxT1XT3_24s001577-1-1_Jeong_lane1T3xiTRU1A20	WW	1	21	del_h2	1000	del_h1	0010	16.7436504634999	3.52618830579132e-07	0.970588235294118
chrX	62800000	67000000	fastq0024_HPNE_T3	HCJY7AFX7_MIxT1XT3_24s001577-1-1_Jeong_lane1T3xiTRU1A21	CC	1	21	del_h2	1000	del_h1	0010	10.7997065286699	3.52618830579132e-07	0.970588235294118
chrX	62800000	67000000	fastq0024_HPNE_T3	HCJY7AFX7_MIxT1XT3_24s001577-1-1_Jeong_lane1T3xiTRU1A25	WW	1	21	del_h2	1000	del_h1	0010	6.19067207851451	3.52618830579132e-07	0.970588235294118
chrX	62800000	67000000	fastq0024_HPNE_T3	HCJY7AFX7_MIxT1XT3_24s001577-1-1_Jeong_lane1T3xiTRU1A27	CC	1	21	del_h2	1000	del_h1	0010	10.788040634741	3.52618830579132e-07	0.970588235294118
chrX	62800000	67000000	fastq0024_HPNE_T3	HCJY7AFX7_MIxT1XT3_24s001577-1-1_Jeong_lane1T3xiTRU1A34	WW	1	21	del_h2	1000	del_h1	0010	16.002604459338	3.52618830579132e-07	0.970588235294118
chrX	62800000	67000000	fastq0024_HPNE_T3	HCJY7AFX7_MIxT1XT3_24s001577-1-1_Jeong_lane1T3xiTRU1A35	WW	1	21	del_h2	1000	del_h1	0010	8.36965631576149	3.52618830579132e-07	0.970588235294118
chrX	62800000	67000000	fastq0024_HPNE_T3	HCJY7AFX7_MIxT1XT3_24s001577-1-1_Jeong_lane1T3xiTRU1A37	CC	1	21	del_h2	1000	del_h1	0010	12.0405607608337	3.52618830579132e-07	0.970588235294118
chrX	62800000	67000000	fastq0024_HPNE_T3	HCJY7AFX7_MIxT1XT3_24s001577-1-1_Jeong_lane1T3xiTRU1A40	WW	1	21	del_h2	1000	del_h1	0010	5.62522284232828	3.52618830579132e-07	0.970588235294118
chrX	62800000	67000000	fastq0024_HPNE_T3	HCJY7AFX7_MIxT1XT3_24s001577-1-1_Jeong_lane1T3xiTRU1A41	CC	1	21	del_h2	1000	del_h1	0010	7.6667759028698	3.52618830579132e-07	0.970588235294118
chrX	62800000	67000000	fastq0024_HPNE_T3	HCJY7AFX7_MIxT1XT3_24s001577-1-1_Jeong_lane1T3xiTRU1A42	WW	1	21	del_h2	1000	del_h1	0010	8.66373405382542	3.52618830579132e-07	0.970588235294118
chrX	62800000	67000000	fastq0024_HPNE_T3	HCJY7AFX7_MIxT1XT3_24s001577-1-1_Jeong_lane1T3xiTRU1A43	CC	1	21	del_h2	1000	del_h1	0010	11.6666492208098	3.52618830579132e-07	0.970588235294118
chrX	62800000	67000000	fastq0024_HPNE_T3	HCJY7AFX7_MIxT1XT3_24s001577-1-1_Jeong_lane1T3xiTRU1A44	WW	1	21	del_h2	1000	del_h1	0010	7.74818275030705	3.52618830579132e-07	0.970588235294118
chrX	62800000	67000000	fastq0024_HPNE_T3	HCJY7AFX7_MIxT1XT3_24s001577-1-1_Jeong_lane1T3xiTRU1A48	WW	1	21	del_h2	1000	del_h1	0010	10.7823541579567	3.52618830579132e-07	0.970588235294118
chrX	62800000	67000000	fastq0024_HPNE_T3	HCJY7AFX7_MIxT1XT3_24s001577-1-1_Jeong_lane1T3xiTRU1A50	CC	1	21	del_h2	1000	del_h1	0010	10.3399389093432	3.52618830801177e-07	0.970588235294118
chrX	62800000	67000000	fastq0024_HPNE_T3	HCJY7AFX7_MIxT1XT3_24s001577-1-1_Jeong_lane1T3xiTRU1A55	WW	1	21	del_h2	1000	del_h1	0010	8.01432381509015	3.52618830579132e-07	0.970588235294118
chrX	62800000	67000000	fastq0024_HPNE_T3	HCJY7AFX7_MIxT1XT3_24s001577-1-1_Jeong_lane1T3xiTRU1A57	WW	1	21	del_h2	1000	del_h1	0010	7.56930289212341	3.52618830579132e-07	0.970588235294118
chrX	62800000	67000000	fastq0024_HPNE_T3	HCJY7AFX7_MIxT1XT3_24s001577-1-1_Jeong_lane1T3xiTRU1A63	CC	1	21	del_h2	1000	del_h1	0010	15.9647510641308	3.52618830579132e-07	0.970588235294118
chrX	62800000	67000000	fastq0024_HPNE_T3	HCJY7AFX7_MIxT1XT3_24s001577-1-1_Jeong_lane1T3xiTRU1A64	WW	1	21	del_h2	1000	del_h1	0010	12.0340646882029	3.52618830801177e-07	0.970588235294118
chrX	62800000	67000000	fastq0024_HPNE_T3	HCJY7AFX7_MIxT1XT3_24s001577-1-1_Jeong_lane1T3xiTRU1A65	CC	1	21	del_h2	1000	del_h1	0010	12.5655339847851	3.52618830579132e-07	0.970588235294118
chrX	62800000	67000000	fastq0024_HPNE_T3	HCJY7AFX7_MIxT1XT3_24s001577-1-1_Jeong_lane1T3xiTRU1A66	CC	1	21	del_h2	1000	del_h1	0010	12.506752194289	3.52618830801177e-07	0.970588235294118
chrX	62800000	67000000	fastq0024_HPNE_T3	HCJY7AFX7_MIxT1XT3_24s001577-1-1_Jeong_lane1T3xiTRU1A67	CC	1	21	del_h2	1000	del_h1	0010	16.2135037390107	3.52618830579132e-07	0.970588235294118
chrX	62800000	67000000	fastq0024_HPNE_T3	HCJY7AFX7_MIxT1XT3_24s001577-1-1_Jeong_lane1T3xiTRU1A75	CC	1	21	del_h2	1000	del_h1	0010	12.9792202538768	3.52618830579132e-07	0.970588235294118
chrX	62800000	67000000	fastq0024_HPNE_T3	HCJY7AFX7_MIxT1XT3_24s001577-1-1_Jeong_lane1T3xiTRU1A76	CC	1	21	del_h2	1000	del_h1	0010	10.3887340354387	3.52618830579132e-07	0.970588235294118
chrX	62800000	67000000	fastq0024_HPNE_T3	HCJY7AFX7_MIxT1XT3_24s001577-1-1_Jeong_lane1T3xiTRU1A78	CC	1	21	del_h2	1000	del_h1	0010	11.405319441601	3.52618830579132e-07	0.970588235294118
chrX	62800000	67000000	fastq0024_HPNE_T3	HCJY7AFX7_MIxT1XT3_24s001577-1-1_Jeong_lane1T3xiTRU1A79	CC	1	21	del_h2	1000	del_h1	0010	5.7562362419201	3.52618830579132e-07	0.970588235294118
chrX	62800000	67000000	fastq0024_HPNE_T3	HCJY7AFX7_MIxT1XT3_24s001577-1-1_Jeong_lane1T3xiTRU1A80	WW	1	21	del_h2	1000	del_h1	0010	11.3629168455457	3.52618830579132e-07	0.970588235294118
chrX	62800000	67000000	fastq0024_HPNE_T3	HCJY7AFX7_MIxT1XT3_24s001577-1-1_Jeong_lane1T3xiTRU1A83	WW	1	21	del_h2	1000	del_h1	0010	11.0957051173867	3.52618830579132e-07	0.970588235294118
chrX	62800000	67000000	fastq0024_HPNE_T3	HCJY7AFX7_MIxT1XT3_24s001577-1-1_Jeong_lane1T3xiTRU1A92	CC	1	21	del_h2	1000	del_h1	0010	17.6772236691586	3.52618830579132e-07	0.970588235294118
chrX	67000000	78200000	fastq0024_HPNE_T3	HCJY7AFX7_MIxT1XT3_24s001577-1-1_Jeong_lane1T3xiTRU1A02	CC	1	54	del_h2	1000	del_h1	0010	24.6701275168964	3.77475828372553e-15	0.970588235294118
chrX	67000000	78200000	fastq0024_HPNE_T3	HCJY7AFX7_MIxT1XT3_24s001577-1-1_Jeong_lane1T3xiTRU1A05	CC	1	54	del_h2	1000	del_h1	0010	12.489507002425	3.99680288865056e-15	0.970588235294118
chrX	67000000	78200000	fastq0024_HPNE_T3	HCJY7AFX7_MIxT1XT3_24s001577-1-1_Jeong_lane1T3xiTRU1A08	CC	1	54	del_h2	1000	del_h1	0010	24.684379927149	3.99680288865056e-15	0.970588235294118
chrX	67000000	78200000	fastq0024_HPNE_T3	HCJY7AFX7_MIxT1XT3_24s001577-1-1_Jeong_lane1T3xiTRU1A10	CC	1	54	del_h2	1000	del_h1	0010	24.4465043179058	3.77475828372553e-15	0.970588235294118
chrX	67000000	78200000	fastq0024_HPNE_T3	HCJY7AFX7_MIxT1XT3_24s001577-1-1_Jeong_lane1T3xiTRU1A16	WW	1	54	del_h2	1000	del_h1	0010	24.1647226954617	3.99680288865056e-15	0.970588235294118
chrX	67000000	78200000	fastq0024_HPNE_T3	HCJY7AFX7_MIxT1XT3_24s001577-1-1_Jeong_lane1T3xiTRU1A20	CC	1	54	del_h2	1000	del_h1	0010	24.6902130379112	3.99680288865056e-15	0.970588235294118
chrX	67000000	78200000	fastq0024_HPNE_T3	HCJY7AFX7_MIxT1XT3_24s001577-1-1_Jeong_lane1T3xiTRU1A21	CC	1	54	del_h2	1000	del_h1	0010	21.0373665140574	3.99680288865056e-15	0.970588235294118
chrX	67000000	78200000	fastq0024_HPNE_T3	HCJY7AFX7_MIxT1XT3_24s001577-1-1_Jeong_lane1T3xiTRU1A25	WW	1	54	del_h2	1000	del_h1	0010	15.6589976433558	3.99680288865056e-15	0.970588235294118
chrX	67000000	78200000	fastq0024_HPNE_T3	HCJY7AFX7_MIxT1XT3_24s001577-1-1_Jeong_lane1T3xiTRU1A27	CC	1	54	del_h2	1000	del_h1	0010	17.8804292164291	3.99680288865056e-15	0.970588235294118
chrX	67000000	78200000	fastq0024_HPNE_T3	HCJY7AFX7_MIxT1XT3_24s001577-1-1_Jeong_lane1T3xiTRU1A34	WW	1	54	del_h2	1000	del_h1	0010	24.6902258259787	3.99680288865056e-15	0.970588235294118
chrX	67000000	78200000	fastq0024_HPNE_T3	HCJY7AFX7_MIxT1XT3_24s001577-1-1_Jeong_lane1T3xiTRU1A35	WW	1	54	del_h2	1000	del_h1	0010	18.2844313189382	3.99680288865056e-15	0.970588235294118
chrX	67000000	78200000	fastq0024_HPNE_T3	HCJY7AFX7_MIxT1XT3_24s001577-1-1_Jeong_lane1T3xiTRU1A37	CC	1	54	del_h2	1000	del_h1	0010	13.9163008254589	3.77475828372553e-15	0.970588235294118
chrX	67000000	78200000	fastq0024_HPNE_T3	HCJY7AFX7_MIxT1XT3_24s001577-1-1_Jeong_lane1T3xiTRU1A40	WW	1	54	del_h2	1000	del_h1	0010	14.1350651338513	3.77475828372553e-15	0.970588235294118
chrX	67000000	78200000	fastq0024_HPNE_T3	HCJY7AFX7_MIxT1XT3_24s001577-1-1_Jeong_lane1T3xiTRU1A41	CC	1	54	del_h2	1000	del_h1	0010	16.4398367210366	3.77475828372553e-15	0.970588235294118
chrX	67000000	78200000	fastq0024_HPNE_T3	HCJY7AFX7_MIxT1XT3_24s001577-1-1_Jeong_lane1T3xiTRU1A42	WW	1	54	del_h2	1000	del_h1	0010	18.4857949031654	3.99680288865056e-15	0.970588235294118
chrX	67000000	78200000	fastq0024_HPNE_T3	HCJY7AFX7_MIxT1XT3_24s001577-1-1_Jeong_lane1T3xiTRU1A43	CC	1	54	del_h2	1000	del_h1	0010	17.378506835066	3.77475828372553e-15	0.970588235294118
chrX	67000000	78200000	fastq0024_HPNE_T3	HCJY7AFX7_MIxT1XT3_24s001577-1-1_Jeong_lane1T3xiTRU1A44	WW	1	54	del_h2	1000	del_h1	0010	22.5281497935915	3.99680288865056e-15	0.970588235294118
chrX	67000000	78200000	fastq0024_HPNE_T3	HCJY7AFX7_MIxT1XT3_24s001577-1-1_Jeong_lane1T3xiTRU1A48	WW	1	54	del_h2	1000	del_h1	0010	24.5375320341276	3.77475828372553e-15	0.970588235294118
chrX	67000000	78200000	fastq0024_HPNE_T3	HCJY7AFX7_MIxT1XT3_24s001577-1-1_Jeong_lane1T3xiTRU1A50	CC	1	54	del_h2	1000	del_h1	0010	22.5250737714977	3.77475828372553e-15	0.970588235294118
chrX	67000000	78200000	fastq0024_HPNE_T3	HCJY7AFX7_MIxT1XT3_24s001577-1-1_Jeong_lane1T3xiTRU1A55	WW	1	54	del_h2	1000	del_h1	0010	20.3745500141402	3.99680288865056e-15	0.970588235294118
chrX	67000000	78200000	fastq0024_HPNE_T3	HCJY7AFX7_MIxT1XT3_24s001577-1-1_Jeong_lane1T3xiTRU1A57	WW	1	54	del_h2	1000	del_h1	0010	14.0925262630243	3.77475828372553e-15	0.970588235294118
chrX	67000000	78200000	fastq0024_HPNE_T3	HCJY7AFX7_MIxT1XT3_24s001577-1-1_Jeong_lane1T3xiTRU1A63	CC	1	54	del_h2	1000	del_h1	0010	24.6890204143291	3.77475828372553e-15	0.970588235294118
chrX	67000000	78200000	fastq0024_HPNE_T3	HCJY7AFX7_MIxT1XT3_24s001577-1-1_Jeong_lane1T3xiTRU1A64	WW	1	54	del_h2	1000	del_h1	0010	17.2266026143956	3.77475828372553e-15	0.970588235294118
chrX	67000000	78200000	fastq0024_HPNE_T3	HCJY7AFX7_MIxT1XT3_24s001577-1-1_Jeong_lane1T3xiTRU1A65	CC	1	54	del_h2	1000	del_h1	0010	21.4627539642046	3.77475828372553e-15	0.970588235294118
chrX	67000000	78200000	fastq0024_HPNE_T3	HCJY7AFX7_MIxT1XT3_24s001577-1-1_Jeong_lane1T3xiTRU1A66	CC	1	54	del_h2	1000	del_h1	0010	24.1460051650102	3.77475828372553e-15	0.970588235294118
chrX	67000000	78200000	fastq0024_HPNE_T3	HCJY7AFX7_MIxT1XT3_24s001577-1-1_Jeong_lane1T3xiTRU1A67	CC	1	54	del_h2	1000	del_h1	0010	24.6902127603976	3.77475828372553e-15	0.970588235294118
chrX	67000000	78200000	fastq0024_HPNE_T3	HCJY7AFX7_MIxT1XT3_24s001577-1-1_Jeong_lane1T3xiTRU1A75	CC	1	54	del_h2	1000	del_h1	0010	24.0683787621903	3.99680288865056e-15	0.970588235294118
chrX	67000000	78200000	fastq0024_HPNE_T3	HCJY7AFX7_MIxT1XT3_24s001577-1-1_Jeong_lane1T3xiTRU1A76	CC	1	54	del_h2	1000	del_h1	0010	15.1376733926788	3.77475828372553e-15	0.970588235294118
chrX	67000000	78200000	fastq0024_HPNE_T3	HCJY7AFX7_MIxT1XT3_24s001577-1-1_Jeong_lane1T3xiTRU1A78	CC	1	54	del_h2	1000	del_h1	0010	22.2382741027869	3.99680288865056e-15	0.970588235294118
chrX	67000000	78200000	fastq0024_HPNE_T3	HCJY7AFX7_MIxT1XT3_24s001577-1-1_Jeong_lane1T3xiTRU1A79	CC	1	54	del_h2	1000	del_h1	0010	20.8368755584368	3.99680288865056e-15	0.970588235294118
chrX	67000000	78200000	fastq0024_HPNE_T3	HCJY7AFX7_MIxT1XT3_24s001577-1-1_Jeong_lane1T3xiTRU1A80	WW	1	54	del_h2	1000	del_h1	0010	17.7664307859481	3.77475828372553e-15	0.970588235294118
chrX	67000000	78200000	fastq0024_HPNE_T3	HCJY7AFX7_MIxT1XT3_24s001577-1-1_Jeong_lane1T3xiTRU1A83	WW	1	54	del_h2	1000	del_h1	0010	24.6260039383654	3.77475828372553e-15	0.970588235294118
chrX	67000000	78200000	fastq0024_HPNE_T3	HCJY7AFX7_MIxT1XT3_24s001577-1-1_Jeong_lane1T3xiTRU1A92	CC	1	54	del_h2	1000	del_h1	0010	24.6902258259138	3.99680288865056e-15	0.970588235294118
chrX	78200000	96400000	fastq0024_HPNE_T3	HCJY7AFX7_MIxT1XT3_24s001577-1-1_Jeong_lane1T3xiTRU1A02	CC	1	82	del_h2	1000	del_h1	0010	40.7702749389777	1.55431223447522e-15	1
chrX	78200000	96400000	fastq0024_HPNE_T3	HCJY7AFX7_MIxT1XT3_24s001577-1-1_Jeong_lane1T3xiTRU1A05	CC	1	82	del_h2	1000	del_h1	0010	40.7702461311305	1.55431223447522e-15	1
chrX	78200000	96400000	fastq0024_HPNE_T3	HCJY7AFX7_MIxT1XT3_24s001577-1-1_Jeong_lane1T3xiTRU1A08	CC	1	82	del_h2	1000	del_h1	0010	40.7702749389832	1.55431223447522e-15	1
chrX	78200000	96400000	fastq0024_HPNE_T3	HCJY7AFX7_MIxT1XT3_24s001577-1-1_Jeong_lane1T3xiTRU1A10	CC	1	82	del_h2	1000	del_h1	0010	40.7702749389833	1.55431223447522e-15	1
chrX	78200000	96400000	fastq0024_HPNE_T3	HCJY7AFX7_MIxT1XT3_24s001577-1-1_Jeong_lane1T3xiTRU1A16	WW	1	82	del_h2	1000	del_h1	0010	40.7702747449161	1.55431223447522e-15	1
chrX	78200000	96400000	fastq0024_HPNE_T3	HCJY7AFX7_MIxT1XT3_24s001577-1-1_Jeong_lane1T3xiTRU1A20	CC	1	82	del_h2	1000	del_h1	0010	40.7702593838476	1.55431223447522e-15	1
chrX	78200000	96400000	fastq0024_HPNE_T3	HCJY7AFX7_MIxT1XT3_24s001577-1-1_Jeong_lane1T3xiTRU1A21	CC	1	82	del_h2	1000	del_h1	0010	40.7702749367959	1.55431223447522e-15	1
chrX	78200000	96400000	fastq0024_HPNE_T3	HCJY7AFX7_MIxT1XT3_24s001577-1-1_Jeong_lane1T3xiTRU1A25	WW	1	82	del_h2	1000	del_h1	0010	40.7702749389832	1.55431223447522e-15	1
chrX	78200000	96400000	fastq0024_HPNE_T3	HCJY7AFX7_MIxT1XT3_24s001577-1-1_Jeong_lane1T3xiTRU1A27	CC	1	82	del_h2	1000	del_h1	0010	40.7702749389708	1.55431223447522e-15	1
chrX	78200000	96400000	fastq0024_HPNE_T3	HCJY7AFX7_MIxT1XT3_24s001577-1-1_Jeong_lane1T3xiTRU1A34	WW	1	82	del_h2	1000	del_h1	0010	40.7702749389833	1.55431223447522e-15	1
chrX	78200000	96400000	fastq0024_HPNE_T3	HCJY7AFX7_MIxT1XT3_24s001577-1-1_Jeong_lane1T3xiTRU1A35	WW	1	82	del_h2	1000	del_h1	0010	40.7702263046632	1.55431223447522e-15	1
chrX	78200000	96400000	fastq0024_HPNE_T3	HCJY7AFX7_MIxT1XT3_24s001577-1-1_Jeong_lane1T3xiTRU1A37	CC	1	82	del_h2	1000	del_h1	0010	40.7702749172591	1.55431223447522e-15	1
chrX	78200000	96400000	fastq0024_HPNE_T3	HCJY7AFX7_MIxT1XT3_24s001577-1-1_Jeong_lane1T3xiTRU1A39	CW	1	82	del_h2	1000	del_h1	0010	21.2681298952265	11.91321236269	1
chrX	78200000	96400000	fastq0024_HPNE_T3	HCJY7AFX7_MIxT1XT3_24s001577-1-1_Jeong_lane1T3xiTRU1A40	WW	1	82	del_h2	1000	del_h1	0010	40.7701859322683	1.55431223447522e-15	1
chrX	78200000	96400000	fastq0024_HPNE_T3	HCJY7AFX7_MIxT1XT3_24s001577-1-1_Jeong_lane1T3xiTRU1A41	CC	1	82	del_h2	1000	del_h1	0010	40.4918397711992	1.55431223447522e-15	1
chrX	78200000	96400000	fastq0024_HPNE_T3	HCJY7AFX7_MIxT1XT3_24s001577-1-1_Jeong_lane1T3xiTRU1A42	WW	1	82	del_h2	1000	del_h1	0010	40.770274938436	1.55431223447522e-15	1
chrX	78200000	96400000	fastq0024_HPNE_T3	HCJY7AFX7_MIxT1XT3_24s001577-1-1_Jeong_lane1T3xiTRU1A43	CC	1	82	del_h2	1000	del_h1	0010	40.7701598226704	1.55431223447522e-15	1
chrX	78200000	96400000	fastq0024_HPNE_T3	HCJY7AFX7_MIxT1XT3_24s001577-1-1_Jeong_lane1T3xiTRU1A44	WW	1	82	del_h2	1000	del_h1	0010	40.770266367124	1.55431223447522e-15	1
chrX	78200000	96400000	fastq0024_HPNE_T3	HCJY7AFX7_MIxT1XT3_24s001577-1-1_Jeong_lane1T3xiTRU1A48	WW	1	82	del_h2	1000	del_h1	0010	40.7702734270353	1.55431223447522e-15	1
chrX	78200000	96400000	fastq0024_HPNE_T3	HCJY7AFX7_MIxT1XT3_24s001577-1-1_Jeong_lane1T3xiTRU1A50	CC	1	82	del_h2	1000	del_h1	0010	40.7702749372679	1.55431223447522e-15	1
chrX	78200000	96400000	fastq0024_HPNE_T3	HCJY7AFX7_MIxT1XT3_24s001577-1-1_Jeong_lane1T3xiTRU1A55	WW	1	82	del_h2	1000	del_h1	0010	40.770237963435	1.55431223447522e-15	1
chrX	78200000	96400000	fastq0024_HPNE_T3	HCJY7AFX7_MIxT1XT3_24s001577-1-1_Jeong_lane1T3xiTRU1A57	WW	1	82	del_h2	1000	del_h1	0010	40.7702748442142	1.55431223447522e-15	1
chrX	78200000	96400000	fastq0024_HPNE_T3	HCJY7AFX7_MIxT1XT3_24s001577-1-1_Jeong_lane1T3xiTRU1A63	CC	1	82	del_h2	1000	del_h1	0010	40.7702749389832	1.55431223447522e-15	1
chrX	78200000	96400000	fastq0024_HPNE_T3	HCJY7AFX7_MIxT1XT3_24s001577-1-1_Jeong_lane1T3xiTRU1A64	WW	1	82	del_h2	1000	del_h1	0010	40.7702748305636	1.55431223447522e-15	1
chrX	78200000	96400000	fastq0024_HPNE_T3	HCJY7AFX7_MIxT1XT3_24s001577-1-1_Jeong_lane1T3xiTRU1A65	CC	1	82	del_h2	1000	del_h1	0010	41.9746257436914	5.99146454710798	1
chrX	78200000	96400000	fastq0024_HPNE_T3	HCJY7AFX7_MIxT1XT3_24s001577-1-1_Jeong_lane1T3xiTRU1A66	CC	1	82	del_h2	1000	del_h1	0010	40.7702749389749	1.55431223447522e-15	1
chrX	78200000	96400000	fastq0024_HPNE_T3	HCJY7AFX7_MIxT1XT3_24s001577-1-1_Jeong_lane1T3xiTRU1A67	CC	1	82	del_h2	1000	del_h1	0010	40.7702749389832	1.55431223447522e-15	1
chrX	78200000	96400000	fastq0024_HPNE_T3	HCJY7AFX7_MIxT1XT3_24s001577-1-1_Jeong_lane1T3xiTRU1A75	CC	1	82	del_h2	1000	del_h1	0010	40.7702749389825	1.55431223447522e-15	1
chrX	78200000	96400000	fastq0024_HPNE_T3	HCJY7AFX7_MIxT1XT3_24s001577-1-1_Jeong_lane1T3xiTRU1A76	CC	1	82	del_h2	1000	del_h1	0010	40.7702749389536	1.55431223447522e-15	1
chrX	78200000	96400000	fastq0024_HPNE_T3	HCJY7AFX7_MIxT1XT3_24s001577-1-1_Jeong_lane1T3xiTRU1A78	CC	1	82	del_h2	1000	del_h1	0010	40.7702749389824	1.55431223447522e-15	1
chrX	78200000	96400000	fastq0024_HPNE_T3	HCJY7AFX7_MIxT1XT3_24s001577-1-1_Jeong_lane1T3xiTRU1A79	CC	1	82	del_h2	1000	del_h1	0010	40.7702749266697	1.55431223447522e-15	1
chrX	78200000	96400000	fastq0024_HPNE_T3	HCJY7AFX7_MIxT1XT3_24s001577-1-1_Jeong_lane1T3xiTRU1A80	WW	1	82	del_h2	1000	del_h1	0010	40.770274936444	1.55431223447522e-15	1
chrX	78200000	96400000	fastq0024_HPNE_T3	HCJY7AFX7_MIxT1XT3_24s001577-1-1_Jeong_lane1T3xiTRU1A83	WW	1	82	del_h2	1000	del_h1	0010	41.9746257436916	5.99146454710798	1
chrX	78200000	96400000	fastq0024_HPNE_T3	HCJY7AFX7_MIxT1XT3_24s001577-1-1_Jeong_lane1T3xiTRU1A92	CC	1	82	del_h2	1000	del_h1	0010	40.7702749389833	1.55431223447522e-15	1
chrX	96400000	101200000	fastq0024_HPNE_T3	HCJY7AFX7_MIxT1XT3_24s001577-1-1_Jeong_lane1T3xiTRU1A02	CC	1	24	del_h1	0010	del_h2	1000	19.6738221511109	0	0.441176470588235
chrX	96400000	101200000	fastq0024_HPNE_T3	HCJY7AFX7_MIxT1XT3_24s001577-1-1_Jeong_lane1T3xiTRU1A05	CC	1	24	del_h1	0010	del_h2	1000	18.2496567786767	0	0.441176470588235
chrX	96400000	101200000	fastq0024_HPNE_T3	HCJY7AFX7_MIxT1XT3_24s001577-1-1_Jeong_lane1T3xiTRU1A08	CC	1	24	del_h2	1000	del_h1	0010	18.0992310201641	0	0.558823529411765
chrX	96400000	101200000	fastq0024_HPNE_T3	HCJY7AFX7_MIxT1XT3_24s001577-1-1_Jeong_lane1T3xiTRU1A10	CC	1	24	del_h2	1000	del_h1	0010	22.4027521065478	0	0.558823529411765
chrX	96400000	101200000	fastq0024_HPNE_T3	HCJY7AFX7_MIxT1XT3_24s001577-1-1_Jeong_lane1T3xiTRU1A16	WW	1	24	del_h2	1000	del_h1	0010	12.4368849478032	0	0.558823529411765
chrX	96400000	101200000	fastq0024_HPNE_T3	HCJY7AFX7_MIxT1XT3_24s001577-1-1_Jeong_lane1T3xiTRU1A20	CC	1	24	del_h2	1000	del_h1	0010	15.1302991559966	0	0.558823529411765
chrX	96400000	101200000	fastq0024_HPNE_T3	HCJY7AFX7_MIxT1XT3_24s001577-1-1_Jeong_lane1T3xiTRU1A21	CC	1	24	del_h1	0010	del_h2	1000	16.237347130242	0	0.441176470588235
chrX	96400000	101200000	fastq0024_HPNE_T3	HCJY7AFX7_MIxT1XT3_24s001577-1-1_Jeong_lane1T3xiTRU1A25	WW	1	24	del_h2	1000	del_h1	0010	16.5005195711723	0	0.558823529411765
chrX	96400000	101200000	fastq0024_HPNE_T3	HCJY7AFX7_MIxT1XT3_24s001577-1-1_Jeong_lane1T3xiTRU1A27	CC	1	24	del_h2	1000	del_h1	0010	15.7778290864706	0	0.558823529411765
chrX	96400000	101200000	fastq0024_HPNE_T3	HCJY7AFX7_MIxT1XT3_24s001577-1-1_Jeong_lane1T3xiTRU1A34	WW	1	24	del_h2	1000	del_h1	0010	22.264633689674	0	0.558823529411765
chrX	96400000	101200000	fastq0024_HPNE_T3	HCJY7AFX7_MIxT1XT3_24s001577-1-1_Jeong_lane1T3xiTRU1A35	WW	1	24	del_h2	1000	del_h1	0010	13.568415556088	0	0.558823529411765
chrX	96400000	101200000	fastq0024_HPNE_T3	HCJY7AFX7_MIxT1XT3_24s001577-1-1_Jeong_lane1T3xiTRU1A37	CC	1	24	del_h1	0010	del_h2	1000	14.6934214404145	0	0.441176470588235
chrX	96400000	101200000	fastq0024_HPNE_T3	HCJY7AFX7_MIxT1XT3_24s001577-1-1_Jeong_lane1T3xiTRU1A39	CW	1	24	del_h1	0010	del_h2	1000	5.58659786626284	0	0.441176470588235
chrX	96400000	101200000	fastq0024_HPNE_T3	HCJY7AFX7_MIxT1XT3_24s001577-1-1_Jeong_lane1T3xiTRU1A40	WW	1	24	del_h2	1000	del_h1	0010	14.2629329235519	0	0.558823529411765
chrX	96400000	101200000	fastq0024_HPNE_T3	HCJY7AFX7_MIxT1XT3_24s001577-1-1_Jeong_lane1T3xiTRU1A41	CC	1	24	del_h2	1000	del_h1	0010	11.4487536669305	0	0.558823529411765
chrX	96400000	101200000	fastq0024_HPNE_T3	HCJY7AFX7_MIxT1XT3_24s001577-1-1_Jeong_lane1T3xiTRU1A42	WW	1	24	del_h2	1000	del_h1	0010	15.3834913632029	0	0.558823529411765
chrX	96400000	101200000	fastq0024_HPNE_T3	HCJY7AFX7_MIxT1XT3_24s001577-1-1_Jeong_lane1T3xiTRU1A43	WW	1	24	del_h2	1000	del_h1	0010	12.5615445589399	0	0.558823529411765
chrX	96400000	101200000	fastq0024_HPNE_T3	HCJY7AFX7_MIxT1XT3_24s001577-1-1_Jeong_lane1T3xiTRU1A44	WW	1	24	del_h2	1000	del_h1	0010	18.2205931833815	0	0.558823529411765
chrX	96400000	101200000	fastq0024_HPNE_T3	HCJY7AFX7_MIxT1XT3_24s001577-1-1_Jeong_lane1T3xiTRU1A48	WW	1	24	del_h1	0010	del_h2	1000	15.0030337914304	0	0.441176470588235
chrX	96400000	101200000	fastq0024_HPNE_T3	HCJY7AFX7_MIxT1XT3_24s001577-1-1_Jeong_lane1T3xiTRU1A50	CC	1	24	del_h1	0010	del_h2	1000	19.4905111313418	0	0.441176470588235
chrX	96400000	101200000	fastq0024_HPNE_T3	HCJY7AFX7_MIxT1XT3_24s001577-1-1_Jeong_lane1T3xiTRU1A55	WW	1	24	del_h2	1000	del_h1	0010	11.6492652205537	0	0.558823529411765
chrX	96400000	101200000	fastq0024_HPNE_T3	HCJY7AFX7_MIxT1XT3_24s001577-1-1_Jeong_lane1T3xiTRU1A57	WW	1	24	del_h1	0010	del_h2	1000	15.3085996355091	0	0.441176470588235
chrX	96400000	101200000	fastq0024_HPNE_T3	HCJY7AFX7_MIxT1XT3_24s001577-1-1_Jeong_lane1T3xiTRU1A63	CC	1	24	del_h2	1000	del_h1	0010	21.9716355751154	0	0.558823529411765
chrX	96400000	101200000	fastq0024_HPNE_T3	HCJY7AFX7_MIxT1XT3_24s001577-1-1_Jeong_lane1T3xiTRU1A64	WW	1	24	del_h1	0010	del_h2	1000	11.9071428370771	0	0.441176470588235
chrX	96400000	101200000	fastq0024_HPNE_T3	HCJY7AFX7_MIxT1XT3_24s001577-1-1_Jeong_lane1T3xiTRU1A65	CC	1	24	del_h2	1000	del_h1	0010	14.7343414486705	0	0.558823529411765
chrX	96400000	101200000	fastq0024_HPNE_T3	HCJY7AFX7_MIxT1XT3_24s001577-1-1_Jeong_lane1T3xiTRU1A66	CC	1	24	del_h1	0010	del_h2	1000	16.5313356405169	0	0.441176470588235
chrX	96400000	101200000	fastq0024_HPNE_T3	HCJY7AFX7_MIxT1XT3_24s001577-1-1_Jeong_lane1T3xiTRU1A67	CC	1	24	del_h1	0010	del_h2	1000	18.1200354002606	0	0.441176470588235
chrX	96400000	101200000	fastq0024_HPNE_T3	HCJY7AFX7_MIxT1XT3_24s001577-1-1_Jeong_lane1T3xiTRU1A75	CC	1	24	del_h1	0010	del_h2	1000	16.7772449173642	0	0.441176470588235
chrX	96400000	101200000	fastq0024_HPNE_T3	HCJY7AFX7_MIxT1XT3_24s001577-1-1_Jeong_lane1T3xiTRU1A76	CC	1	24	del_h1	0010	del_h2	1000	13.8034774012497	0	0.441176470588235
chrX	96400000	101200000	fastq0024_HPNE_T3	HCJY7AFX7_MIxT1XT3_24s001577-1-1_Jeong_lane1T3xiTRU1A78	CC	1	24	del_h2	1000	del_h1	0010	16.6311707611936	0	0.558823529411765
chrX	96400000	101200000	fastq0024_HPNE_T3	HCJY7AFX7_MIxT1XT3_24s001577-1-1_Jeong_lane1T3xiTRU1A79	CC	1	24	del_h1	0010	del_h2	1000	15.8782327503168	0	0.441176470588235
chrX	96400000	101200000	fastq0024_HPNE_T3	HCJY7AFX7_MIxT1XT3_24s001577-1-1_Jeong_lane1T3xiTRU1A80	WW	1	24	del_h1	0010	del_h2	1000	18.5203510366514	0	0.441176470588235
chrX	96400000	101200000	fastq0024_HPNE_T3	HCJY7AFX7_MIxT1XT3_24s001577-1-1_Jeong_lane1T3xiTRU1A83	WW	1	24	del_h2	1000	del_h1	0010	19.6786492086982	0	0.558823529411765
chrX	96400000	101200000	fastq0024_HPNE_T3	HCJY7AFX7_MIxT1XT3_24s001577-1-1_Jeong_lane1T3xiTRU1A92	?	1	24	del_h2	1000	del_h1	0010	6.50583568987906	0	0.558823529411765
chrX	101200000	113200000	fastq0024_HPNE_T3	HCJY7AFX7_MIxT1XT3_24s001577-1-1_Jeong_lane1T3xiTRU1A02	CC	1	59	del_h2	1000	del_h1	0010	29.0829286278677	2.62012633811537e-14	1
chrX	101200000	113200000	fastq0024_HPNE_T3	HCJY7AFX7_MIxT1XT3_24s001577-1-1_Jeong_lane1T3xiTRU1A05	CC	1	59	del_h2	1000	del_h1	0010	23.4179730594176	2.59792187762287e-14	1
chrX	101200000	113200000	fastq0024_HPNE_T3	HCJY7AFX7_MIxT1XT3_24s001577-1-1_Jeong_lane1T3xiTRU1A08	CC	1	59	del_h2	1000	del_h1	0010	29.0802263867368	2.62012633811537e-14	1
chrX	101200000	113200000	fastq0024_HPNE_T3	HCJY7AFX7_MIxT1XT3_24s001577-1-1_Jeong_lane1T3xiTRU1A10	CC	1	59	del_h2	1000	del_h1	0010	29.0829286341823	2.59792187762287e-14	1
chrX	101200000	113200000	fastq0024_HPNE_T3	HCJY7AFX7_MIxT1XT3_24s001577-1-1_Jeong_lane1T3xiTRU1A16	WW	1	59	del_h2	1000	del_h1	0010	29.0626788663133	2.59792187762287e-14	1
chrX	101200000	113200000	fastq0024_HPNE_T3	HCJY7AFX7_MIxT1XT3_24s001577-1-1_Jeong_lane1T3xiTRU1A20	CC	1	59	del_h2	1000	del_h1	0010	29.0829286295662	2.59792187762287e-14	1
chrX	101200000	113200000	fastq0024_HPNE_T3	HCJY7AFX7_MIxT1XT3_24s001577-1-1_Jeong_lane1T3xiTRU1A21	?	1	59	del_h2	1000	del_h1	0010	11.0189239012563	2.57571741713036e-14	1
chrX	101200000	113200000	fastq0024_HPNE_T3	HCJY7AFX7_MIxT1XT3_24s001577-1-1_Jeong_lane1T3xiTRU1A25	WW	1	59	del_h2	1000	del_h1	0010	29.0810541330895	2.62012633811537e-14	1
chrX	101200000	113200000	fastq0024_HPNE_T3	HCJY7AFX7_MIxT1XT3_24s001577-1-1_Jeong_lane1T3xiTRU1A27	CC	1	59	del_h2	1000	del_h1	0010	29.0824376490562	2.59792187762287e-14	1
chrX	101200000	113200000	fastq0024_HPNE_T3	HCJY7AFX7_MIxT1XT3_24s001577-1-1_Jeong_lane1T3xiTRU1A34	WW	1	59	del_h2	1000	del_h1	0010	29.0829286342694	2.59792187762287e-14	1
chrX	101200000	113200000	fastq0024_HPNE_T3	HCJY7AFX7_MIxT1XT3_24s001577-1-1_Jeong_lane1T3xiTRU1A35	WW	1	59	del_h2	1000	del_h1	0010	27.8123546542147	2.62012633811537e-14	1
chrX	101200000	113200000	fastq0024_HPNE_T3	HCJY7AFX7_MIxT1XT3_24s001577-1-1_Jeong_lane1T3xiTRU1A37	CC	1	59	del_h2	1000	del_h1	0010	23.6784216288482	2.62012633811537e-14	1
chrX	101200000	113200000	fastq0024_HPNE_T3	HCJY7AFX7_MIxT1XT3_24s001577-1-1_Jeong_lane1T3xiTRU1A39	CW	1	59	del_h2	1000	del_h1	0010	4.52735720785181	3.95364542345649	1
chrX	101200000	113200000	fastq0024_HPNE_T3	HCJY7AFX7_MIxT1XT3_24s001577-1-1_Jeong_lane1T3xiTRU1A40	WW	1	59	del_h2	1000	del_h1	0010	29.0829182995673	2.59792187762287e-14	1
chrX	101200000	113200000	fastq0024_HPNE_T3	HCJY7AFX7_MIxT1XT3_24s001577-1-1_Jeong_lane1T3xiTRU1A41	CC	1	59	del_h2	1000	del_h1	0010	18.9690902161188	2.62012633811537e-14	1
chrX	101200000	113200000	fastq0024_HPNE_T3	HCJY7AFX7_MIxT1XT3_24s001577-1-1_Jeong_lane1T3xiTRU1A42	WW	1	59	del_h2	1000	del_h1	0010	29.0825908992654	2.62012633811537e-14	1
chrX	101200000	113200000	fastq0024_HPNE_T3	HCJY7AFX7_MIxT1XT3_24s001577-1-1_Jeong_lane1T3xiTRU1A43	WW	1	59	del_h2	1000	del_h1	0010	23.3556958769082	2.62012633811537e-14	1
chrX	101200000	113200000	fastq0024_HPNE_T3	HCJY7AFX7_MIxT1XT3_24s001577-1-1_Jeong_lane1T3xiTRU1A44	WW	1	59	del_h2	1000	del_h1	0010	28.8338791645175	2.59792187762287e-14	1
chrX	101200000	113200000	fastq0024_HPNE_T3	HCJY7AFX7_MIxT1XT3_24s001577-1-1_Jeong_lane1T3xiTRU1A48	WW	1	59	del_h2	1000	del_h1	0010	29.0745092922649	2.62012633811537e-14	1
chrX	101200000	113200000	fastq0024_HPNE_T3	HCJY7AFX7_MIxT1XT3_24s001577-1-1_Jeong_lane1T3xiTRU1A50	CC	1	59	del_h2	1000	del_h1	0010	28.9064258001512	2.62012633811537e-14	1
chrX	101200000	113200000	fastq0024_HPNE_T3	HCJY7AFX7_MIxT1XT3_24s001577-1-1_Jeong_lane1T3xiTRU1A55	WW	1	59	del_h2	1000	del_h1	0010	29.0099409514977	2.62012633811537e-14	1
chrX	101200000	113200000	fastq0024_HPNE_T3	HCJY7AFX7_MIxT1XT3_24s001577-1-1_Jeong_lane1T3xiTRU1A57	WW	1	59	del_h2	1000	del_h1	0010	27.8700150790535	2.62012633811537e-14	1
chrX	101200000	113200000	fastq0024_HPNE_T3	HCJY7AFX7_MIxT1XT3_24s001577-1-1_Jeong_lane1T3xiTRU1A63	CC	1	59	del_h2	1000	del_h1	0010	29.0828994950491	2.59792187762287e-14	1
chrX	101200000	113200000	fastq0024_HPNE_T3	HCJY7AFX7_MIxT1XT3_24s001577-1-1_Jeong_lane1T3xiTRU1A64	WW	1	59	del_h2	1000	del_h1	0010	29.0812487967954	2.59792187762287e-14	1
chrX	101200000	113200000	fastq0024_HPNE_T3	HCJY7AFX7_MIxT1XT3_24s001577-1-1_Jeong_lane1T3xiTRU1A65	CC	1	59	del_h2	1000	del_h1	0010	29.0187701756909	2.62012633811537e-14	1
chrX	101200000	113200000	fastq0024_HPNE_T3	HCJY7AFX7_MIxT1XT3_24s001577-1-1_Jeong_lane1T3xiTRU1A66	CC	1	59	del_h2	1000	del_h1	0010	29.0818639428832	2.62012633811537e-14	1
chrX	101200000	113200000	fastq0024_HPNE_T3	HCJY7AFX7_MIxT1XT3_24s001577-1-1_Jeong_lane1T3xiTRU1A67	CC	1	59	del_h2	1000	del_h1	0010	29.0829283622097	2.59792187762287e-14	1
chrX	101200000	113200000	fastq0024_HPNE_T3	HCJY7AFX7_MIxT1XT3_24s001577-1-1_Jeong_lane1T3xiTRU1A75	CC	1	59	del_h2	1000	del_h1	0010	28.968314825918	2.62012633811537e-14	1
chrX	101200000	113200000	fastq0024_HPNE_T3	HCJY7AFX7_MIxT1XT3_24s001577-1-1_Jeong_lane1T3xiTRU1A76	CC	1	59	del_h2	1000	del_h1	0010	28.9347685186149	2.59792187762287e-14	1
chrX	101200000	113200000	fastq0024_HPNE_T3	HCJY7AFX7_MIxT1XT3_24s001577-1-1_Jeong_lane1T3xiTRU1A78	CC	1	59	del_h2	1000	del_h1	0010	28.3683000700178	2.59792187762287e-14	1
chrX	101200000	113200000	fastq0024_HPNE_T3	HCJY7AFX7_MIxT1XT3_24s001577-1-1_Jeong_lane1T3xiTRU1A79	CC	1	59	del_h2	1000	del_h1	0010	28.3237691658794	2.62012633811537e-14	1
chrX	101200000	113200000	fastq0024_HPNE_T3	HCJY7AFX7_MIxT1XT3_24s001577-1-1_Jeong_lane1T3xiTRU1A80	WW	1	59	del_h2	1000	del_h1	0010	29.0652432174571	2.62012633811537e-14	1
chrX	101200000	113200000	fastq0024_HPNE_T3	HCJY7AFX7_MIxT1XT3_24s001577-1-1_Jeong_lane1T3xiTRU1A83	WW	1	59	del_h2	1000	del_h1	0010	29.0524127910207	2.62012633811537e-14	1
chrX	101200000	113200000	fastq0024_HPNE_T3	HCJY7AFX7_MIxT1XT3_24s001577-1-1_Jeong_lane1T3xiTRU1A92	WW	1	59	del_h2	1000	del_h1	0010	29.0829286342672	2.59792187762287e-14	1
chrX	113200000	131800000	fastq0024_HPNE_T3	HCJY7AFX7_MIxT1XT3_24s001577-1-1_Jeong_lane1T3xiTRU1A02	CC	1	90	del_h2	1000	del_h1	0010	36.3530969682339	0	0.588235294117647
chrX	113200000	131800000	fastq0024_HPNE_T3	HCJY7AFX7_MIxT1XT3_24s001577-1-1_Jeong_lane1T3xiTRU1A05	CC	1	90	del_h1	0010	del_h2	1000	36.3485041917877	0	0.382352941176471
chrX	113200000	131800000	fastq0024_HPNE_T3	HCJY7AFX7_MIxT1XT3_24s001577-1-1_Jeong_lane1T3xiTRU1A08	CC	1	90	del_h2	1000	del_h1	0010	36.3530969682331	0	0.588235294117647
chrX	113200000	131800000	fastq0024_HPNE_T3	HCJY7AFX7_MIxT1XT3_24s001577-1-1_Jeong_lane1T3xiTRU1A10	CC	1	90	del_h2	1000	del_h1	0010	36.3530969682339	0	0.588235294117647
chrX	113200000	131800000	fastq0024_HPNE_T3	HCJY7AFX7_MIxT1XT3_24s001577-1-1_Jeong_lane1T3xiTRU1A16	WW	1	90	del_h2	1000	del_h1	0010	34.8539385950847	0	0.588235294117647
chrX	113200000	131800000	fastq0024_HPNE_T3	HCJY7AFX7_MIxT1XT3_24s001577-1-1_Jeong_lane1T3xiTRU1A20	CC	1	90	del_h2	1000	del_h1	0010	36.3530969682339	0	0.588235294117647
chrX	113200000	131800000	fastq0024_HPNE_T3	HCJY7AFX7_MIxT1XT3_24s001577-1-1_Jeong_lane1T3xiTRU1A21	WW	1	90	del_h2	1000	del_h1	0010	36.3530856834812	0	0.588235294117647
chrX	113200000	131800000	fastq0024_HPNE_T3	HCJY7AFX7_MIxT1XT3_24s001577-1-1_Jeong_lane1T3xiTRU1A25	?	1	90	del_h1	0010	del_h2	1000	18.2890922352208	0	0.382352941176471
chrX	113200000	131800000	fastq0024_HPNE_T3	HCJY7AFX7_MIxT1XT3_24s001577-1-1_Jeong_lane1T3xiTRU1A27	CC	1	90	del_h1	0010	del_h2	1000	36.3501085675215	0	0.382352941176471
chrX	113200000	131800000	fastq0024_HPNE_T3	HCJY7AFX7_MIxT1XT3_24s001577-1-1_Jeong_lane1T3xiTRU1A34	WW	1	90	del_h2	1000	del_h1	0010	36.3530969682339	0	0.588235294117647
chrX	113200000	131800000	fastq0024_HPNE_T3	HCJY7AFX7_MIxT1XT3_24s001577-1-1_Jeong_lane1T3xiTRU1A35	?	1	90	del_h2	1000	del_h1	0010	18.2890922352208	0	0.588235294117647
chrX	113200000	131800000	fastq0024_HPNE_T3	HCJY7AFX7_MIxT1XT3_24s001577-1-1_Jeong_lane1T3xiTRU1A37	CC	1	90	del_h2	1000	del_h1	0010	37.5572881709044	5.99146454710798	0.588235294117647
chrX	113200000	131800000	fastq0024_HPNE_T3	HCJY7AFX7_MIxT1XT3_24s001577-1-1_Jeong_lane1T3xiTRU1A40	WW	1	90	del_h2	1000	del_h1	0010	36.353096097409	0	0.588235294117647
chrX	113200000	131800000	fastq0024_HPNE_T3	HCJY7AFX7_MIxT1XT3_24s001577-1-1_Jeong_lane1T3xiTRU1A41	CC	1	90	del_h1	0010	del_h2	1000	34.1939407667672	0	0.382352941176471
chrX	113200000	131800000	fastq0024_HPNE_T3	HCJY7AFX7_MIxT1XT3_24s001577-1-1_Jeong_lane1T3xiTRU1A42	WW	1	90	del_h2	1000	del_h1	0010	36.3530969681158	0	0.588235294117647
chrX	113200000	131800000	fastq0024_HPNE_T3	HCJY7AFX7_MIxT1XT3_24s001577-1-1_Jeong_lane1T3xiTRU1A43	WW	1	90	del_h2	1000	del_h1	0010	35.9638686569127	0	0.588235294117647
chrX	113200000	131800000	fastq0024_HPNE_T3	HCJY7AFX7_MIxT1XT3_24s001577-1-1_Jeong_lane1T3xiTRU1A44	WW	1	90	del_h2	1000	del_h1	0010	36.3508342047642	0	0.588235294117647
chrX	113200000	131800000	fastq0024_HPNE_T3	HCJY7AFX7_MIxT1XT3_24s001577-1-1_Jeong_lane1T3xiTRU1A48	WW	1	90	del_h1	0010	del_h2	1000	36.3530967101504	0	0.382352941176471
chrX	113200000	131800000	fastq0024_HPNE_T3	HCJY7AFX7_MIxT1XT3_24s001577-1-1_Jeong_lane1T3xiTRU1A50	CC	1	90	del_h2	1000	del_h1	0010	36.311927325191	0	0.588235294117647
chrX	113200000	131800000	fastq0024_HPNE_T3	HCJY7AFX7_MIxT1XT3_24s001577-1-1_Jeong_lane1T3xiTRU1A55	WW	1	90	del_h2	1000	del_h1	0010	36.3530757411949	0	0.588235294117647
chrX	113200000	131800000	fastq0024_HPNE_T3	HCJY7AFX7_MIxT1XT3_24s001577-1-1_Jeong_lane1T3xiTRU1A57	WW	1	90	del_h1	0010	del_h2	1000	36.3523859281932	0	0.382352941176471
chrX	113200000	131800000	fastq0024_HPNE_T3	HCJY7AFX7_MIxT1XT3_24s001577-1-1_Jeong_lane1T3xiTRU1A63	CC	1	90	del_h1	0010	del_h2	1000	36.3530969591873	0	0.382352941176471
chrX	113200000	131800000	fastq0024_HPNE_T3	HCJY7AFX7_MIxT1XT3_24s001577-1-1_Jeong_lane1T3xiTRU1A64	WW	1	90	del_h1	0010	del_h2	1000	36.3527068208042	0	0.382352941176471
chrX	113200000	131800000	fastq0024_HPNE_T3	HCJY7AFX7_MIxT1XT3_24s001577-1-1_Jeong_lane1T3xiTRU1A65	CC	1	90	del_h1	0010	del_h2	1000	36.3530969682339	0	0.382352941176471
chrX	113200000	131800000	fastq0024_HPNE_T3	HCJY7AFX7_MIxT1XT3_24s001577-1-1_Jeong_lane1T3xiTRU1A66	CC	1	90	del_h2	1000	del_h1	0010	36.3530969682339	0	0.588235294117647
chrX	113200000	131800000	fastq0024_HPNE_T3	HCJY7AFX7_MIxT1XT3_24s001577-1-1_Jeong_lane1T3xiTRU1A67	CC	1	90	del_h1	0010	del_h2	1000	36.3530938811575	0	0.382352941176471
chrX	113200000	131800000	fastq0024_HPNE_T3	HCJY7AFX7_MIxT1XT3_24s001577-1-1_Jeong_lane1T3xiTRU1A75	CC	1	90	del_h1	0010	del_h2	1000	36.3530969659279	0	0.382352941176471
chrX	113200000	131800000	fastq0024_HPNE_T3	HCJY7AFX7_MIxT1XT3_24s001577-1-1_Jeong_lane1T3xiTRU1A76	CC	1	90	del_h2	1000	del_h1	0010	36.3530969168089	0	0.588235294117647
chrX	113200000	131800000	fastq0024_HPNE_T3	HCJY7AFX7_MIxT1XT3_24s001577-1-1_Jeong_lane1T3xiTRU1A78	CC	1	90	del_h2	1000	del_h1	0010	36.3530967667321	0	0.588235294117647
chrX	113200000	131800000	fastq0024_HPNE_T3	HCJY7AFX7_MIxT1XT3_24s001577-1-1_Jeong_lane1T3xiTRU1A79	CC	1	90	del_h2	1000	del_h1	0010	36.3530969624088	0	0.588235294117647
chrX	113200000	131800000	fastq0024_HPNE_T3	HCJY7AFX7_MIxT1XT3_24s001577-1-1_Jeong_lane1T3xiTRU1A80	WW	1	90	del_h2	1000	del_h1	0010	36.3530969682241	0	0.588235294117647
chrX	113200000	131800000	fastq0024_HPNE_T3	HCJY7AFX7_MIxT1XT3_24s001577-1-1_Jeong_lane1T3xiTRU1A83	WW	1	90	del_h1	0010	del_h2	1000	36.3530949863564	0	0.382352941176471
chrX	113200000	131800000	fastq0024_HPNE_T3	HCJY7AFX7_MIxT1XT3_24s001577-1-1_Jeong_lane1T3xiTRU1A92	WW	1	90	del_h1	0010	del_h2	1000	37.5574477729423	5.99146454710798	0.382352941176471
chrX	131800000	139000000	fastq0024_HPNE_T3	HCJY7AFX7_MIxT1XT3_24s001577-1-1_Jeong_lane1T3xiTRU1A02	CC	1	36	del_h2	1000	del_h1	0010	17.3980257009375	4.19670964646457e-11	0.941176470588235
chrX	131800000	139000000	fastq0024_HPNE_T3	HCJY7AFX7_MIxT1XT3_24s001577-1-1_Jeong_lane1T3xiTRU1A05	CC	1	36	del_h2	1000	del_h1	0010	11.028223582287	4.19670964646457e-11	0.941176470588235
chrX	131800000	139000000	fastq0024_HPNE_T3	HCJY7AFX7_MIxT1XT3_24s001577-1-1_Jeong_lane1T3xiTRU1A08	CC	1	36	del_h2	1000	del_h1	0010	9.83805758230782	4.19670964646457e-11	0.941176470588235
chrX	131800000	139000000	fastq0024_HPNE_T3	HCJY7AFX7_MIxT1XT3_24s001577-1-1_Jeong_lane1T3xiTRU1A10	CC	1	36	del_h2	1000	del_h1	0010	20.1695343713033	4.19670964646457e-11	0.941176470588235
chrX	131800000	139000000	fastq0024_HPNE_T3	HCJY7AFX7_MIxT1XT3_24s001577-1-1_Jeong_lane1T3xiTRU1A16	WW	1	36	del_h2	1000	del_h1	0010	7.68603374636897	4.19670964646457e-11	0.941176470588235
chrX	131800000	139000000	fastq0024_HPNE_T3	HCJY7AFX7_MIxT1XT3_24s001577-1-1_Jeong_lane1T3xiTRU1A20	CC	1	36	del_h2	1000	del_h1	0010	18.78263570833	4.19670964646457e-11	0.941176470588235
chrX	131800000	139000000	fastq0024_HPNE_T3	HCJY7AFX7_MIxT1XT3_24s001577-1-1_Jeong_lane1T3xiTRU1A21	WW	1	36	del_h2	1000	del_h1	0010	13.5633154638106	4.19670964646457e-11	0.941176470588235
chrX	131800000	139000000	fastq0024_HPNE_T3	HCJY7AFX7_MIxT1XT3_24s001577-1-1_Jeong_lane1T3xiTRU1A25	WW	1	36	del_h2	1000	del_h1	0010	10.0226905453953	4.19670964646457e-11	0.941176470588235
chrX	131800000	139000000	fastq0024_HPNE_T3	HCJY7AFX7_MIxT1XT3_24s001577-1-1_Jeong_lane1T3xiTRU1A27	CC	1	36	del_h2	1000	del_h1	0010	10.196384292624	4.19670964646457e-11	0.941176470588235
chrX	131800000	139000000	fastq0024_HPNE_T3	HCJY7AFX7_MIxT1XT3_24s001577-1-1_Jeong_lane1T3xiTRU1A34	WW	1	36	del_h2	1000	del_h1	0010	22.9882692956294	4.19668744200408e-11	0.941176470588235
chrX	131800000	139000000	fastq0024_HPNE_T3	HCJY7AFX7_MIxT1XT3_24s001577-1-1_Jeong_lane1T3xiTRU1A35	CC	1	36	del_h2	1000	del_h1	0010	18.0624672683909	4.19670964646457e-11	0.941176470588235
chrX	131800000	139000000	fastq0024_HPNE_T3	HCJY7AFX7_MIxT1XT3_24s001577-1-1_Jeong_lane1T3xiTRU1A37	CC	1	36	del_h2	1000	del_h1	0010	7.85847510854533	4.19670964646457e-11	0.941176470588235
chrX	131800000	139000000	fastq0024_HPNE_T3	HCJY7AFX7_MIxT1XT3_24s001577-1-1_Jeong_lane1T3xiTRU1A40	WW	1	36	del_h2	1000	del_h1	0010	10.6759498646996	4.19668744200408e-11	0.941176470588235
chrX	131800000	139000000	fastq0024_HPNE_T3	HCJY7AFX7_MIxT1XT3_24s001577-1-1_Jeong_lane1T3xiTRU1A41	CC	1	36	del_h2	1000	del_h1	0010	8.46024987407793	4.19670964646457e-11	0.941176470588235
chrX	131800000	139000000	fastq0024_HPNE_T3	HCJY7AFX7_MIxT1XT3_24s001577-1-1_Jeong_lane1T3xiTRU1A42	WW	1	36	del_h2	1000	del_h1	0010	19.4986861815	4.19670964646457e-11	0.941176470588235
chrX	131800000	139000000	fastq0024_HPNE_T3	HCJY7AFX7_MIxT1XT3_24s001577-1-1_Jeong_lane1T3xiTRU1A43	WW	1	36	del_h2	1000	del_h1	0010	14.6800609724713	4.19670964646457e-11	0.941176470588235
chrX	131800000	139000000	fastq0024_HPNE_T3	HCJY7AFX7_MIxT1XT3_24s001577-1-1_Jeong_lane1T3xiTRU1A44	WW	1	36	del_h2	1000	del_h1	0010	10.7203985081805	4.19673185092506e-11	0.941176470588235
chrX	131800000	139000000	fastq0024_HPNE_T3	HCJY7AFX7_MIxT1XT3_24s001577-1-1_Jeong_lane1T3xiTRU1A48	WW	1	36	del_h2	1000	del_h1	0010	13.4255214237297	4.19670964646457e-11	0.941176470588235
chrX	131800000	139000000	fastq0024_HPNE_T3	HCJY7AFX7_MIxT1XT3_24s001577-1-1_Jeong_lane1T3xiTRU1A50	CC	1	36	del_h2	1000	del_h1	0010	13.670222934242	4.19670964646457e-11	0.941176470588235
chrX	131800000	139000000	fastq0024_HPNE_T3	HCJY7AFX7_MIxT1XT3_24s001577-1-1_Jeong_lane1T3xiTRU1A55	WW	1	36	del_h2	1000	del_h1	0010	10.616758286104	4.19670964646457e-11	0.941176470588235
chrX	131800000	139000000	fastq0024_HPNE_T3	HCJY7AFX7_MIxT1XT3_24s001577-1-1_Jeong_lane1T3xiTRU1A57	WW	1	36	del_h2	1000	del_h1	0010	11.6035400166969	4.19670964646457e-11	0.941176470588235
chrX	131800000	139000000	fastq0024_HPNE_T3	HCJY7AFX7_MIxT1XT3_24s001577-1-1_Jeong_lane1T3xiTRU1A63	CC	1	36	del_h2	1000	del_h1	0010	17.1888246664622	4.19670964646457e-11	0.941176470588235
chrX	131800000	139000000	fastq0024_HPNE_T3	HCJY7AFX7_MIxT1XT3_24s001577-1-1_Jeong_lane1T3xiTRU1A64	WW	1	36	del_h2	1000	del_h1	0010	8.94117326438929	4.19668744200408e-11	0.941176470588235
chrX	131800000	139000000	fastq0024_HPNE_T3	HCJY7AFX7_MIxT1XT3_24s001577-1-1_Jeong_lane1T3xiTRU1A65	CC	1	36	del_h2	1000	del_h1	0010	16.4946732676192	4.19670964646457e-11	0.941176470588235
chrX	131800000	139000000	fastq0024_HPNE_T3	HCJY7AFX7_MIxT1XT3_24s001577-1-1_Jeong_lane1T3xiTRU1A66	CC	1	36	del_h2	1000	del_h1	0010	17.64521925897	4.19670964646457e-11	0.941176470588235
chrX	131800000	139000000	fastq0024_HPNE_T3	HCJY7AFX7_MIxT1XT3_24s001577-1-1_Jeong_lane1T3xiTRU1A67	WW	1	36	del_h2	1000	del_h1	0010	12.3566187082044	4.19670964646457e-11	0.941176470588235
chrX	131800000	139000000	fastq0024_HPNE_T3	HCJY7AFX7_MIxT1XT3_24s001577-1-1_Jeong_lane1T3xiTRU1A75	CC	1	36	del_h2	1000	del_h1	0010	9.6170696497691	4.19670964646457e-11	0.941176470588235
chrX	131800000	139000000	fastq0024_HPNE_T3	HCJY7AFX7_MIxT1XT3_24s001577-1-1_Jeong_lane1T3xiTRU1A76	CC	1	36	del_h2	1000	del_h1	0010	19.5385680875605	4.19670964646457e-11	0.941176470588235
chrX	131800000	139000000	fastq0024_HPNE_T3	HCJY7AFX7_MIxT1XT3_24s001577-1-1_Jeong_lane1T3xiTRU1A78	CC	1	36	del_h1	0010	del_h2	1000	17.4011316377231	5.99146454706602	0.0294117647058824
chrX	131800000	139000000	fastq0024_HPNE_T3	HCJY7AFX7_MIxT1XT3_24s001577-1-1_Jeong_lane1T3xiTRU1A79	CC	1	36	del_h2	1000	del_h1	0010	13.4372979136378	4.19670964646457e-11	0.941176470588235
chrX	131800000	139000000	fastq0024_HPNE_T3	HCJY7AFX7_MIxT1XT3_24s001577-1-1_Jeong_lane1T3xiTRU1A80	WW	1	36	del_h2	1000	del_h1	0010	15.9246868904721	4.19670964646457e-11	0.941176470588235
chrX	131800000	139000000	fastq0024_HPNE_T3	HCJY7AFX7_MIxT1XT3_24s001577-1-1_Jeong_lane1T3xiTRU1A83	WW	1	36	del_h2	1000	del_h1	0010	12.9964557043588	4.19668744200408e-11	0.941176470588235
chrX	131800000	139000000	fastq0024_HPNE_T3	HCJY7AFX7_MIxT1XT3_24s001577-1-1_Jeong_lane1T3xiTRU1A92	WW	1	36	del_h2	1000	del_h1	0010	22.9885082654818	4.19670964646457e-11	0.941176470588235
chrX	139000000	148200000	fastq0024_HPNE_T3	HCJY7AFX7_MIxT1XT3_24s001577-1-1_Jeong_lane1T3xiTRU1A02	CC	1	43	del_h1	0010	del_h2	1000	22.6955177253668	9.13276121394802e-11	0.911764705882353
chrX	139000000	148200000	fastq0024_HPNE_T3	HCJY7AFX7_MIxT1XT3_24s001577-1-1_Jeong_lane1T3xiTRU1A05	CC	1	43	del_h1	0010	del_h2	1000	19.4932077715177	9.13276121394802e-11	0.911764705882353
chrX	139000000	148200000	fastq0024_HPNE_T3	HCJY7AFX7_MIxT1XT3_24s001577-1-1_Jeong_lane1T3xiTRU1A08	CC	1	43	del_h1	0010	del_h2	1000	23.9482404387062	9.13276121394802e-11	0.911764705882353
chrX	139000000	148200000	fastq0024_HPNE_T3	HCJY7AFX7_MIxT1XT3_24s001577-1-1_Jeong_lane1T3xiTRU1A10	CC	1	43	del_h1	0010	del_h2	1000	23.3106245530398	9.13276121394802e-11	0.911764705882353
chrX	139000000	148200000	fastq0024_HPNE_T3	HCJY7AFX7_MIxT1XT3_24s001577-1-1_Jeong_lane1T3xiTRU1A16	WW	1	43	del_h1	0010	del_h2	1000	13.8214227771755	9.13276121394802e-11	0.911764705882353
chrX	139000000	148200000	fastq0024_HPNE_T3	HCJY7AFX7_MIxT1XT3_24s001577-1-1_Jeong_lane1T3xiTRU1A20	CC	1	43	del_h1	0010	del_h2	1000	25.615960457396	9.13276121394802e-11	0.911764705882353
chrX	139000000	148200000	fastq0024_HPNE_T3	HCJY7AFX7_MIxT1XT3_24s001577-1-1_Jeong_lane1T3xiTRU1A21	WW	1	43	del_h1	0010	del_h2	1000	22.2221295635924	9.13273900948752e-11	0.911764705882353
chrX	139000000	148200000	fastq0024_HPNE_T3	HCJY7AFX7_MIxT1XT3_24s001577-1-1_Jeong_lane1T3xiTRU1A25	WW	1	43	del_h1	0010	del_h2	1000	25.1676809413206	9.13276121394802e-11	0.911764705882353
chrX	139000000	148200000	fastq0024_HPNE_T3	HCJY7AFX7_MIxT1XT3_24s001577-1-1_Jeong_lane1T3xiTRU1A27	CC	1	43	del_h1	0010	del_h2	1000	19.1564270149557	9.13273900948752e-11	0.911764705882353
chrX	139000000	148200000	fastq0024_HPNE_T3	HCJY7AFX7_MIxT1XT3_24s001577-1-1_Jeong_lane1T3xiTRU1A34	WW	1	43	del_h1	0010	del_h2	1000	25.6172832806511	9.13273900948752e-11	0.911764705882353
chrX	139000000	148200000	fastq0024_HPNE_T3	HCJY7AFX7_MIxT1XT3_24s001577-1-1_Jeong_lane1T3xiTRU1A35	CC	1	43	del_h1	0010	del_h2	1000	11.6605510958181	9.13276121394802e-11	0.911764705882353
chrX	139000000	148200000	fastq0024_HPNE_T3	HCJY7AFX7_MIxT1XT3_24s001577-1-1_Jeong_lane1T3xiTRU1A37	CC	1	43	del_h1	0010	del_h2	1000	21.582801336633	9.13276121394802e-11	0.911764705882353
chrX	139000000	148200000	fastq0024_HPNE_T3	HCJY7AFX7_MIxT1XT3_24s001577-1-1_Jeong_lane1T3xiTRU1A40	WW	1	43	del_h1	0010	del_h2	1000	15.7577985057478	9.13276121394802e-11	0.911764705882353
chrX	139000000	148200000	fastq0024_HPNE_T3	HCJY7AFX7_MIxT1XT3_24s001577-1-1_Jeong_lane1T3xiTRU1A41	CC	1	43	del_h1	0010	del_h2	1000	13.0947384299379	9.13276121394802e-11	0.911764705882353
chrX	139000000	148200000	fastq0024_HPNE_T3	HCJY7AFX7_MIxT1XT3_24s001577-1-1_Jeong_lane1T3xiTRU1A42	WW	1	43	complex	0100	complex	0001	23.6322197910907	6.64957866547411e-10	0.0588235294117647
chrX	139000000	148200000	fastq0024_HPNE_T3	HCJY7AFX7_MIxT1XT3_24s001577-1-1_Jeong_lane1T3xiTRU1A43	WW	1	43	del_h1	0010	del_h2	1000	13.9884674918781	9.13276121394802e-11	0.911764705882353
chrX	139000000	148200000	fastq0024_HPNE_T3	HCJY7AFX7_MIxT1XT3_24s001577-1-1_Jeong_lane1T3xiTRU1A44	WW	1	43	del_h1	0010	del_h2	1000	15.6413590724477	9.13278341840851e-11	0.911764705882353
chrX	139000000	148200000	fastq0024_HPNE_T3	HCJY7AFX7_MIxT1XT3_24s001577-1-1_Jeong_lane1T3xiTRU1A48	WW	1	43	del_h1	0010	del_h2	1000	20.3300451597008	9.13276121394802e-11	0.911764705882353
chrX	139000000	148200000	fastq0024_HPNE_T3	HCJY7AFX7_MIxT1XT3_24s001577-1-1_Jeong_lane1T3xiTRU1A50	CC	1	43	del_h1	0010	del_h2	1000	21.2230480020374	9.13273900948752e-11	0.911764705882353
chrX	139000000	148200000	fastq0024_HPNE_T3	HCJY7AFX7_MIxT1XT3_24s001577-1-1_Jeong_lane1T3xiTRU1A55	WW	1	43	del_h1	0010	del_h2	1000	12.3548427559643	9.13276121394802e-11	0.911764705882353
chrX	139000000	148200000	fastq0024_HPNE_T3	HCJY7AFX7_MIxT1XT3_24s001577-1-1_Jeong_lane1T3xiTRU1A57	WW	1	43	del_h1	0010	del_h2	1000	20.3496388127817	9.13276121394802e-11	0.911764705882353
chrX	139000000	148200000	fastq0024_HPNE_T3	HCJY7AFX7_MIxT1XT3_24s001577-1-1_Jeong_lane1T3xiTRU1A63	CC	1	43	del_h1	0010	del_h2	1000	22.9478996021862	9.13276121394802e-11	0.911764705882353
chrX	139000000	148200000	fastq0024_HPNE_T3	HCJY7AFX7_MIxT1XT3_24s001577-1-1_Jeong_lane1T3xiTRU1A64	WW	1	43	del_h1	0010	del_h2	1000	15.2710644804633	9.13276121394802e-11	0.911764705882353
chrX	139000000	148200000	fastq0024_HPNE_T3	HCJY7AFX7_MIxT1XT3_24s001577-1-1_Jeong_lane1T3xiTRU1A65	CC	1	43	del_h1	0010	del_h2	1000	25.3003178364867	9.13276121394802e-11	0.911764705882353
chrX	139000000	148200000	fastq0024_HPNE_T3	HCJY7AFX7_MIxT1XT3_24s001577-1-1_Jeong_lane1T3xiTRU1A66	CC	1	43	del_h1	0010	del_h2	1000	25.6151431076824	9.13276121394802e-11	0.911764705882353
chrX	139000000	148200000	fastq0024_HPNE_T3	HCJY7AFX7_MIxT1XT3_24s001577-1-1_Jeong_lane1T3xiTRU1A67	WW	1	43	del_h1	0010	del_h2	1000	23.643157532279	9.13276121394802e-11	0.911764705882353
chrX	139000000	148200000	fastq0024_HPNE_T3	HCJY7AFX7_MIxT1XT3_24s001577-1-1_Jeong_lane1T3xiTRU1A75	CC	1	43	del_h1	0010	del_h2	1000	24.7884007686171	9.13276121394802e-11	0.911764705882353
chrX	139000000	148200000	fastq0024_HPNE_T3	HCJY7AFX7_MIxT1XT3_24s001577-1-1_Jeong_lane1T3xiTRU1A76	CC	1	43	complex	0100	complex	0001	23.6319470030144	6.64957866547411e-10	0.0588235294117647
chrX	139000000	148200000	fastq0024_HPNE_T3	HCJY7AFX7_MIxT1XT3_24s001577-1-1_Jeong_lane1T3xiTRU1A78	CC	1	43	del_h1	0010	del_h2	1000	19.9660356380639	9.13273900948752e-11	0.911764705882353
chrX	139000000	148200000	fastq0024_HPNE_T3	HCJY7AFX7_MIxT1XT3_24s001577-1-1_Jeong_lane1T3xiTRU1A79	CC	1	43	del_h1	0010	del_h2	1000	23.9841773868582	9.13276121394802e-11	0.911764705882353
chrX	139000000	148200000	fastq0024_HPNE_T3	HCJY7AFX7_MIxT1XT3_24s001577-1-1_Jeong_lane1T3xiTRU1A80	WW	1	43	del_h1	0010	del_h2	1000	25.616834354008	9.13276121394802e-11	0.911764705882353
chrX	139000000	148200000	fastq0024_HPNE_T3	HCJY7AFX7_MIxT1XT3_24s001577-1-1_Jeong_lane1T3xiTRU1A83	WW	1	43	del_h1	0010	del_h2	1000	25.4120471005962	9.13273900948752e-11	0.911764705882353
chrX	139000000	148200000	fastq0024_HPNE_T3	HCJY7AFX7_MIxT1XT3_24s001577-1-1_Jeong_lane1T3xiTRU1A92	WW	1	43	del_h1	0010	del_h2	1000	25.6174924200224	9.13276121394802e-11	0.911764705882353
chrX	148200000	155800000	fastq0024_HPNE_T3	HCJY7AFX7_MIxT1XT3_24s001577-1-1_Jeong_lane1T3xiTRU1A02	CC	1	37	del_h1	0010	del_h2	1000	17.3526963502328	2.6852076118189e-11	0.882352941176471
chrX	148200000	155800000	fastq0024_HPNE_T3	HCJY7AFX7_MIxT1XT3_24s001577-1-1_Jeong_lane1T3xiTRU1A05	CC	1	37	del_h1	0010	del_h2	1000	8.94460321410181	2.6852076118189e-11	0.882352941176471
chrX	148200000	155800000	fastq0024_HPNE_T3	HCJY7AFX7_MIxT1XT3_24s001577-1-1_Jeong_lane1T3xiTRU1A08	CC	1	37	complex	0100	complex	0001	20.4715658959824	3.08211234312239e-10	0.0882352941176471
chrX	148200000	155800000	fastq0024_HPNE_T3	HCJY7AFX7_MIxT1XT3_24s001577-1-1_Jeong_lane1T3xiTRU1A10	CC	1	37	del_h1	0010	del_h2	1000	15.8791014128625	2.68522981627939e-11	0.882352941176471
chrX	148200000	155800000	fastq0024_HPNE_T3	HCJY7AFX7_MIxT1XT3_24s001577-1-1_Jeong_lane1T3xiTRU1A16	WW	1	37	del_h1	0010	del_h2	1000	11.8200268258766	2.68522981627939e-11	0.882352941176471
chrX	148200000	155800000	fastq0024_HPNE_T3	HCJY7AFX7_MIxT1XT3_24s001577-1-1_Jeong_lane1T3xiTRU1A20	CC	1	37	del_h1	0010	del_h2	1000	21.9133657392181	2.68522981627939e-11	0.882352941176471
chrX	148200000	155800000	fastq0024_HPNE_T3	HCJY7AFX7_MIxT1XT3_24s001577-1-1_Jeong_lane1T3xiTRU1A21	WW	1	37	del_h1	0010	del_h2	1000	13.4228153597022	2.6852076118189e-11	0.882352941176471
chrX	148200000	155800000	fastq0024_HPNE_T3	HCJY7AFX7_MIxT1XT3_24s001577-1-1_Jeong_lane1T3xiTRU1A25	WW	1	37	del_h1	0010	del_h2	1000	11.7602976941521	2.68522981627939e-11	0.882352941176471
chrX	148200000	155800000	fastq0024_HPNE_T3	HCJY7AFX7_MIxT1XT3_24s001577-1-1_Jeong_lane1T3xiTRU1A27	CC	1	37	del_h1	0010	del_h2	1000	17.9298307384922	2.68522981627939e-11	0.882352941176471
chrX	148200000	155800000	fastq0024_HPNE_T3	HCJY7AFX7_MIxT1XT3_24s001577-1-1_Jeong_lane1T3xiTRU1A34	WW	1	37	del_h1	0010	del_h2	1000	22.9224950775592	2.68522981627939e-11	0.882352941176471
chrX	148200000	155800000	fastq0024_HPNE_T3	HCJY7AFX7_MIxT1XT3_24s001577-1-1_Jeong_lane1T3xiTRU1A35	CC	1	37	del_h1	0010	del_h2	1000	16.6266974993283	2.6852076118189e-11	0.882352941176471
chrX	148200000	155800000	fastq0024_HPNE_T3	HCJY7AFX7_MIxT1XT3_24s001577-1-1_Jeong_lane1T3xiTRU1A37	CC	1	37	del_h1	0010	del_h2	1000	11.4873141400159	2.6852076118189e-11	0.882352941176471
chrX	148200000	155800000	fastq0024_HPNE_T3	HCJY7AFX7_MIxT1XT3_24s001577-1-1_Jeong_lane1T3xiTRU1A40	WW	1	37	del_h1	0010	del_h2	1000	6.41317507431234	2.68522981627939e-11	0.882352941176471
chrX	148200000	155800000	fastq0024_HPNE_T3	HCJY7AFX7_MIxT1XT3_24s001577-1-1_Jeong_lane1T3xiTRU1A41	CC	1	37	del_h1	0010	del_h2	1000	10.3328017920946	2.6852076118189e-11	0.882352941176471
chrX	148200000	155800000	fastq0024_HPNE_T3	HCJY7AFX7_MIxT1XT3_24s001577-1-1_Jeong_lane1T3xiTRU1A42	WW	1	37	complex	0100	complex	0001	27.6707928368883	5.99146454741619	0.0882352941176471
chrX	148200000	155800000	fastq0024_HPNE_T3	HCJY7AFX7_MIxT1XT3_24s001577-1-1_Jeong_lane1T3xiTRU1A43	WW	1	37	del_h1	0010	del_h2	1000	9.03291834531799	2.68522981627939e-11	0.882352941176471
chrX	148200000	155800000	fastq0024_HPNE_T3	HCJY7AFX7_MIxT1XT3_24s001577-1-1_Jeong_lane1T3xiTRU1A44	WW	1	37	del_h1	0010	del_h2	1000	11.0195672006652	2.6852076118189e-11	0.882352941176471
chrX	148200000	155800000	fastq0024_HPNE_T3	HCJY7AFX7_MIxT1XT3_24s001577-1-1_Jeong_lane1T3xiTRU1A48	WW	1	37	del_h1	0010	del_h2	1000	11.5225125068857	2.6852076118189e-11	0.882352941176471
chrX	148200000	155800000	fastq0024_HPNE_T3	HCJY7AFX7_MIxT1XT3_24s001577-1-1_Jeong_lane1T3xiTRU1A50	CC	1	37	del_h1	0010	del_h2	1000	14.9940909054439	2.6852076118189e-11	0.882352941176471
chrX	148200000	155800000	fastq0024_HPNE_T3	HCJY7AFX7_MIxT1XT3_24s001577-1-1_Jeong_lane1T3xiTRU1A55	WW	1	37	del_h1	0010	del_h2	1000	22.1200320839223	2.6852076118189e-11	0.882352941176471
chrX	148200000	155800000	fastq0024_HPNE_T3	HCJY7AFX7_MIxT1XT3_24s001577-1-1_Jeong_lane1T3xiTRU1A57	WW	1	37	del_h1	0010	del_h2	1000	13.5605812581342	2.6852076118189e-11	0.882352941176471
chrX	148200000	155800000	fastq0024_HPNE_T3	HCJY7AFX7_MIxT1XT3_24s001577-1-1_Jeong_lane1T3xiTRU1A63	CC	1	37	del_h1	0010	del_h2	1000	18.4519546877769	2.6852076118189e-11	0.882352941176471
chrX	148200000	155800000	fastq0024_HPNE_T3	HCJY7AFX7_MIxT1XT3_24s001577-1-1_Jeong_lane1T3xiTRU1A64	WW	1	37	del_h1	0010	del_h2	1000	13.115349055526	2.6852076118189e-11	0.882352941176471
chrX	148200000	155800000	fastq0024_HPNE_T3	HCJY7AFX7_MIxT1XT3_24s001577-1-1_Jeong_lane1T3xiTRU1A65	CC	1	37	del_h1	0010	del_h2	1000	17.4397767813372	2.6852076118189e-11	0.882352941176471
chrX	148200000	155800000	fastq0024_HPNE_T3	HCJY7AFX7_MIxT1XT3_24s001577-1-1_Jeong_lane1T3xiTRU1A66	CC	1	37	del_h1	0010	del_h2	1000	21.8960940180807	2.6852076118189e-11	0.882352941176471
chrX	148200000	155800000	fastq0024_HPNE_T3	HCJY7AFX7_MIxT1XT3_24s001577-1-1_Jeong_lane1T3xiTRU1A67	WW	1	37	del_h1	0010	del_h2	1000	19.2228249161231	2.6852076118189e-11	0.882352941176471
chrX	148200000	155800000	fastq0024_HPNE_T3	HCJY7AFX7_MIxT1XT3_24s001577-1-1_Jeong_lane1T3xiTRU1A75	CC	1	37	del_h1	0010	del_h2	1000	12.961029765312	2.6852076118189e-11	0.882352941176471
chrX	148200000	155800000	fastq0024_HPNE_T3	HCJY7AFX7_MIxT1XT3_24s001577-1-1_Jeong_lane1T3xiTRU1A76	CC	1	37	complex	0100	complex	0001	20.4751174118891	3.08210790223029e-10	0.0882352941176471
chrX	148200000	155800000	fastq0024_HPNE_T3	HCJY7AFX7_MIxT1XT3_24s001577-1-1_Jeong_lane1T3xiTRU1A78	CC	1	37	del_h1	0010	del_h2	1000	15.2845202616946	2.6852076118189e-11	0.882352941176471
chrX	148200000	155800000	fastq0024_HPNE_T3	HCJY7AFX7_MIxT1XT3_24s001577-1-1_Jeong_lane1T3xiTRU1A79	CC	1	37	del_h1	0010	del_h2	1000	10.826600369649	2.68522981627939e-11	0.882352941176471
chrX	148200000	155800000	fastq0024_HPNE_T3	HCJY7AFX7_MIxT1XT3_24s001577-1-1_Jeong_lane1T3xiTRU1A80	WW	1	37	del_h1	0010	del_h2	1000	15.616505065413	2.68522981627939e-11	0.882352941176471
chrX	148200000	155800000	fastq0024_HPNE_T3	HCJY7AFX7_MIxT1XT3_24s001577-1-1_Jeong_lane1T3xiTRU1A83	WW	1	37	del_h1	0010	del_h2	1000	12.3528384062953	2.6852076118189e-11	0.882352941176471
chrX	148200000	155800000	fastq0024_HPNE_T3	HCJY7AFX7_MIxT1XT3_24s001577-1-1_Jeong_lane1T3xiTRU1A92	WW	1	37	del_h1	0010	del_h2	1000	21.7511529217616	2.6852076118189e-11	0.882352941176471
chrX	155800000	156040895	fastq0024_HPNE_T3	HCJY7AFX7_MIxT1XT3_24s001577-1-1_Jeong_lane1T3xiTRU1A76	CC	1	1	inv_hom	0101	inv_h1	0110	6.26678598773541	2.55425765768038	0.0294117647058824
chrY	0	2800000	fastq0024_HPNE_T3	HCJY7AFX7_MIxT1XT3_24s001577-1-1_Jeong_lane1T3xiTRU1A02	CC	1	14	del_hom	0000	del_h2	1000	61.9760755199515	39.8105025942811	1
chrY	0	2800000	fastq0024_HPNE_T3	HCJY7AFX7_MIxT1XT3_24s001577-1-1_Jeong_lane1T3xiTRU1A05	CC	1	14	del_hom	0000	del_h2	1000	61.9760755193865	39.7911442945645	1
chrY	0	2800000	fastq0024_HPNE_T3	HCJY7AFX7_MIxT1XT3_24s001577-1-1_Jeong_lane1T3xiTRU1A08	CC	1	14	del_hom	0000	del_h2	1000	61.9760755199515	39.810502524937	1
chrY	0	2800000	fastq0024_HPNE_T3	HCJY7AFX7_MIxT1XT3_24s001577-1-1_Jeong_lane1T3xiTRU1A10	CC	1	14	del_hom	0000	del_h2	1000	61.9760755199515	39.8105026491357	1
chrY	0	2800000	fastq0024_HPNE_T3	HCJY7AFX7_MIxT1XT3_24s001577-1-1_Jeong_lane1T3xiTRU1A16	CC	1	14	del_hom	0000	del_h2	1000	61.9760755199515	39.8105026332121	1
chrY	0	2800000	fastq0024_HPNE_T3	HCJY7AFX7_MIxT1XT3_24s001577-1-1_Jeong_lane1T3xiTRU1A20	CC	1	14	del_hom	0000	del_h2	1000	61.9760755199515	39.8105026503423	1
chrY	0	2800000	fastq0024_HPNE_T3	HCJY7AFX7_MIxT1XT3_24s001577-1-1_Jeong_lane1T3xiTRU1A21	CC	1	14	del_hom	0000	del_h2	1000	61.9760755198788	39.8079629676053	1
chrY	0	2800000	fastq0024_HPNE_T3	HCJY7AFX7_MIxT1XT3_24s001577-1-1_Jeong_lane1T3xiTRU1A25	CC	1	14	del_hom	0000	del_h2	1000	61.9760755199455	39.8102948864583	1
chrY	0	2800000	fastq0024_HPNE_T3	HCJY7AFX7_MIxT1XT3_24s001577-1-1_Jeong_lane1T3xiTRU1A27	CC	1	14	del_hom	0000	del_h2	1000	61.9760755199511	39.8104884348828	1
chrY	0	2800000	fastq0024_HPNE_T3	HCJY7AFX7_MIxT1XT3_24s001577-1-1_Jeong_lane1T3xiTRU1A34	WW	1	14	del_hom	0000	del_h2	1000	61.9760755199515	39.8105026503423	1
chrY	0	2800000	fastq0024_HPNE_T3	HCJY7AFX7_MIxT1XT3_24s001577-1-1_Jeong_lane1T3xiTRU1A35	WW	1	14	del_hom	0000	del_h2	1000	61.9760755199515	39.8105026392511	1
chrY	0	2800000	fastq0024_HPNE_T3	HCJY7AFX7_MIxT1XT3_24s001577-1-1_Jeong_lane1T3xiTRU1A37	CC	1	14	del_hom	0000	del_h2	1000	61.9760755198687	39.8076376772677	1
chrY	0	2800000	fastq0024_HPNE_T3	HCJY7AFX7_MIxT1XT3_24s001577-1-1_Jeong_lane1T3xiTRU1A39	WC	1	14	del_hom	0000	del_h2	1000	61.9760755199417	39.810165006072	1
chrY	0	2800000	fastq0024_HPNE_T3	HCJY7AFX7_MIxT1XT3_24s001577-1-1_Jeong_lane1T3xiTRU1A40	CC	1	14	del_hom	0000	del_h2	1000	61.9760755196015	39.7983333378658	1
chrY	0	2800000	fastq0024_HPNE_T3	HCJY7AFX7_MIxT1XT3_24s001577-1-1_Jeong_lane1T3xiTRU1A41	WW	1	14	del_hom	0000	del_h2	1000	61.976075519047	39.7797272134044	1
chrY	0	2800000	fastq0024_HPNE_T3	HCJY7AFX7_MIxT1XT3_24s001577-1-1_Jeong_lane1T3xiTRU1A42	WW	1	14	del_hom	0000	del_h2	1000	61.9760755199459	39.8103054201644	1
chrY	0	2800000	fastq0024_HPNE_T3	HCJY7AFX7_MIxT1XT3_24s001577-1-1_Jeong_lane1T3xiTRU1A43	WW	1	14	del_hom	0000	del_h2	1000	61.9760755145678	39.6425506829199	1
chrY	0	2800000	fastq0024_HPNE_T3	HCJY7AFX7_MIxT1XT3_24s001577-1-1_Jeong_lane1T3xiTRU1A44	WC	1	14	del_hom	0000	del_h2	1000	61.9760755199444	39.8102584175601	1
chrY	0	2800000	fastq0024_HPNE_T3	HCJY7AFX7_MIxT1XT3_24s001577-1-1_Jeong_lane1T3xiTRU1A48	WW	1	14	del_hom	0000	del_h2	1000	61.9760755199464	39.8103252888006	1
chrY	0	2800000	fastq0024_HPNE_T3	HCJY7AFX7_MIxT1XT3_24s001577-1-1_Jeong_lane1T3xiTRU1A50	WW	1	14	del_hom	0000	del_h2	1000	61.9760755199515	39.8105014743145	1
chrY	0	2800000	fastq0024_HPNE_T3	HCJY7AFX7_MIxT1XT3_24s001577-1-1_Jeong_lane1T3xiTRU1A55	WW	1	14	del_hom	0000	del_h2	1000	61.9760755199515	39.810502649862	1
chrY	0	2800000	fastq0024_HPNE_T3	HCJY7AFX7_MIxT1XT3_24s001577-1-1_Jeong_lane1T3xiTRU1A57	WW	1	14	del_hom	0000	del_h2	1000	61.97607551995	39.8104520304939	1
chrY	0	2800000	fastq0024_HPNE_T3	HCJY7AFX7_MIxT1XT3_24s001577-1-1_Jeong_lane1T3xiTRU1A63	CC	1	14	del_hom	0000	del_h2	1000	61.9760755199515	39.810502650342	1
chrY	0	2800000	fastq0024_HPNE_T3	HCJY7AFX7_MIxT1XT3_24s001577-1-1_Jeong_lane1T3xiTRU1A64	CC	1	14	del_hom	0000	del_h2	1000	61.9760755199515	39.8105026257124	1
chrY	0	2800000	fastq0024_HPNE_T3	HCJY7AFX7_MIxT1XT3_24s001577-1-1_Jeong_lane1T3xiTRU1A65	CC	1	14	del_hom	0000	del_h2	1000	61.9760755199515	39.8105026497084	1
chrY	0	2800000	fastq0024_HPNE_T3	HCJY7AFX7_MIxT1XT3_24s001577-1-1_Jeong_lane1T3xiTRU1A66	WW	1	14	del_hom	0000	del_h2	1000	61.9760755199512	39.810492296165	1
chrY	0	2800000	fastq0024_HPNE_T3	HCJY7AFX7_MIxT1XT3_24s001577-1-1_Jeong_lane1T3xiTRU1A67	WC	1	14	del_hom	0000	del_h2	1000	61.9760755199515	39.8105026498459	1
chrY	0	2800000	fastq0024_HPNE_T3	HCJY7AFX7_MIxT1XT3_24s001577-1-1_Jeong_lane1T3xiTRU1A75	CC	1	14	del_hom	0000	del_h2	1000	61.9760755199508	39.8104783940572	1
chrY	0	2800000	fastq0024_HPNE_T3	HCJY7AFX7_MIxT1XT3_24s001577-1-1_Jeong_lane1T3xiTRU1A76	WW	1	14	del_hom	0000	del_h2	1000	61.9760755199515	39.8105026231432	1
chrY	0	2800000	fastq0024_HPNE_T3	HCJY7AFX7_MIxT1XT3_24s001577-1-1_Jeong_lane1T3xiTRU1A78	WW	1	14	del_hom	0000	del_h2	1000	61.9760755199515	39.8105026472965	1
chrY	0	2800000	fastq0024_HPNE_T3	HCJY7AFX7_MIxT1XT3_24s001577-1-1_Jeong_lane1T3xiTRU1A79	CC	1	14	del_hom	0000	del_h2	1000	61.9760755199515	39.8105025953975	1
chrY	0	2800000	fastq0024_HPNE_T3	HCJY7AFX7_MIxT1XT3_24s001577-1-1_Jeong_lane1T3xiTRU1A80	CC	1	14	del_hom	0000	del_h2	1000	61.9760755199515	39.8105026060795	1
chrY	0	2800000	fastq0024_HPNE_T3	HCJY7AFX7_MIxT1XT3_24s001577-1-1_Jeong_lane1T3xiTRU1A83	CC	1	14	del_hom	0000	del_h2	1000	61.9760755199515	39.8105026500561	1
chrY	0	2800000	fastq0024_HPNE_T3	HCJY7AFX7_MIxT1XT3_24s001577-1-1_Jeong_lane1T3xiTRU1A92	WW	1	14	del_hom	0000	del_h2	1000	61.9760755199515	39.8105026503423	1
chrY	2800000	6800000	fastq0024_HPNE_T3	HCJY7AFX7_MIxT1XT3_24s001577-1-1_Jeong_lane1T3xiTRU1A02	CC	1	20	del_h1	0010	del_h2	1000	29.3293650808854	0.0055086559445896	0.911764705882353
chrY	2800000	6800000	fastq0024_HPNE_T3	HCJY7AFX7_MIxT1XT3_24s001577-1-1_Jeong_lane1T3xiTRU1A05	CC	1	20	del_h1	0010	del_h2	1000	28.9688016241141	0.00550865594458982	0.911764705882353
chrY	2800000	6800000	fastq0024_HPNE_T3	HCJY7AFX7_MIxT1XT3_24s001577-1-1_Jeong_lane1T3xiTRU1A08	CC	1	20	del_h1	0010	del_h2	1000	29.5297151050671	0.0055086559445896	0.911764705882353
chrY	2800000	6800000	fastq0024_HPNE_T3	HCJY7AFX7_MIxT1XT3_24s001577-1-1_Jeong_lane1T3xiTRU1A10	CC	1	20	del_h1	0010	del_h2	1000	29.5244950314268	0.0055086559445896	0.911764705882353
chrY	2800000	6800000	fastq0024_HPNE_T3	HCJY7AFX7_MIxT1XT3_24s001577-1-1_Jeong_lane1T3xiTRU1A16	CC	1	20	del_h1	0010	del_h2	1000	29.5264513497824	0.0055086559445896	0.911764705882353
chrY	2800000	6800000	fastq0024_HPNE_T3	HCJY7AFX7_MIxT1XT3_24s001577-1-1_Jeong_lane1T3xiTRU1A20	CC	1	20	del_h1	0010	del_h2	1000	29.5291217658237	0.0055086559445896	0.911764705882353
chrY	2800000	6800000	fastq0024_HPNE_T3	HCJY7AFX7_MIxT1XT3_24s001577-1-1_Jeong_lane1T3xiTRU1A21	CC	1	20	del_h1	0010	del_h2	1000	27.6997853606128	0.0055086559445896	0.911764705882353
chrY	2800000	6800000	fastq0024_HPNE_T3	HCJY7AFX7_MIxT1XT3_24s001577-1-1_Jeong_lane1T3xiTRU1A25	CC	1	20	del_h1	0010	del_h2	1000	27.8308038699249	0.0055086559445896	0.911764705882353
chrY	2800000	6800000	fastq0024_HPNE_T3	HCJY7AFX7_MIxT1XT3_24s001577-1-1_Jeong_lane1T3xiTRU1A27	CC	1	20	del_h1	0010	del_h2	1000	27.687781134714	0.0055086559445896	0.911764705882353
chrY	2800000	6800000	fastq0024_HPNE_T3	HCJY7AFX7_MIxT1XT3_24s001577-1-1_Jeong_lane1T3xiTRU1A34	WW	1	20	del_h1	0010	del_h2	1000	29.5303164852036	0.00550865594458982	0.911764705882353
chrY	2800000	6800000	fastq0024_HPNE_T3	HCJY7AFX7_MIxT1XT3_24s001577-1-1_Jeong_lane1T3xiTRU1A35	WW	1	20	del_h1	0010	del_h2	1000	29.3045795540825	0.0055086559445896	0.911764705882353
chrY	2800000	6800000	fastq0024_HPNE_T3	HCJY7AFX7_MIxT1XT3_24s001577-1-1_Jeong_lane1T3xiTRU1A37	CC	1	20	del_h1	0010	del_h2	1000	29.1903790200639	0.0055086559445896	0.911764705882353
chrY	2800000	6800000	fastq0024_HPNE_T3	HCJY7AFX7_MIxT1XT3_24s001577-1-1_Jeong_lane1T3xiTRU1A39	WC	1	20	del_hom	0000	del_h1	0010	25.4446681189504	5.43522808411514	0.0294117647058824
chrY	2800000	6800000	fastq0024_HPNE_T3	HCJY7AFX7_MIxT1XT3_24s001577-1-1_Jeong_lane1T3xiTRU1A40	CC	1	20	del_h1	0010	del_h2	1000	24.2927659994683	0.0055086559445896	0.911764705882353
chrY	2800000	6800000	fastq0024_HPNE_T3	HCJY7AFX7_MIxT1XT3_24s001577-1-1_Jeong_lane1T3xiTRU1A41	WW	1	20	del_h1	0010	del_h2	1000	22.5056177482951	0.00550865594458982	0.911764705882353
chrY	2800000	6800000	fastq0024_HPNE_T3	HCJY7AFX7_MIxT1XT3_24s001577-1-1_Jeong_lane1T3xiTRU1A42	WW	1	20	del_h1	0010	del_h2	1000	28.9164901269877	0.00550865594458982	0.911764705882353
chrY	2800000	6800000	fastq0024_HPNE_T3	HCJY7AFX7_MIxT1XT3_24s001577-1-1_Jeong_lane1T3xiTRU1A43	WW	1	20	del_h1	0010	del_h2	1000	22.4988979973289	0.0055086559445896	0.911764705882353
chrY	2800000	6800000	fastq0024_HPNE_T3	HCJY7AFX7_MIxT1XT3_24s001577-1-1_Jeong_lane1T3xiTRU1A44	WC	1	20	del_h1	0010	complex	0100	29.4139282940417	7.83483086269501	0.911764705882353
chrY	2800000	6800000	fastq0024_HPNE_T3	HCJY7AFX7_MIxT1XT3_24s001577-1-1_Jeong_lane1T3xiTRU1A48	WW	1	20	del_h1	0010	del_h2	1000	28.2342147171016	0.00550865594458982	0.911764705882353
chrY	2800000	6800000	fastq0024_HPNE_T3	HCJY7AFX7_MIxT1XT3_24s001577-1-1_Jeong_lane1T3xiTRU1A50	WW	1	20	del_h1	0010	del_h2	1000	29.4709900646334	0.0055086559445896	0.911764705882353
chrY	2800000	6800000	fastq0024_HPNE_T3	HCJY7AFX7_MIxT1XT3_24s001577-1-1_Jeong_lane1T3xiTRU1A55	WW	1	20	del_h1	0010	del_h2	1000	29.5040333967534	0.00550865594458982	0.911764705882353
chrY	2800000	6800000	fastq0024_HPNE_T3	HCJY7AFX7_MIxT1XT3_24s001577-1-1_Jeong_lane1T3xiTRU1A57	WW	1	20	del_h1	0010	del_h2	1000	27.4056733598363	0.0055086559445896	0.911764705882353
chrY	2800000	6800000	fastq0024_HPNE_T3	HCJY7AFX7_MIxT1XT3_24s001577-1-1_Jeong_lane1T3xiTRU1A63	CC	1	20	del_h1	0010	del_h2	1000	29.5302645043262	0.0055086559445896	0.911764705882353
chrY	2800000	6800000	fastq0024_HPNE_T3	HCJY7AFX7_MIxT1XT3_24s001577-1-1_Jeong_lane1T3xiTRU1A64	CC	1	20	del_h1	0010	del_h2	1000	29.4546558671192	0.00550865594458982	0.911764705882353
chrY	2800000	6800000	fastq0024_HPNE_T3	HCJY7AFX7_MIxT1XT3_24s001577-1-1_Jeong_lane1T3xiTRU1A65	CC	1	20	del_h1	0010	del_h2	1000	29.5301444106329	0.0055086559445896	0.911764705882353
chrY	2800000	6800000	fastq0024_HPNE_T3	HCJY7AFX7_MIxT1XT3_24s001577-1-1_Jeong_lane1T3xiTRU1A66	WW	1	20	del_h1	0010	del_h2	1000	28.3899859940134	0.00550865594458982	0.911764705882353
chrY	2800000	6800000	fastq0024_HPNE_T3	HCJY7AFX7_MIxT1XT3_24s001577-1-1_Jeong_lane1T3xiTRU1A67	WC	1	20	del_h2	1000	complex	0001	30.2079913353391	7.97878225816572	0.0294117647058824
chrY	2800000	6800000	fastq0024_HPNE_T3	HCJY7AFX7_MIxT1XT3_24s001577-1-1_Jeong_lane1T3xiTRU1A75	CC	1	20	del_h1	0010	del_h2	1000	29.4885399225421	0.00550865594458982	0.911764705882353
chrY	2800000	6800000	fastq0024_HPNE_T3	HCJY7AFX7_MIxT1XT3_24s001577-1-1_Jeong_lane1T3xiTRU1A76	WW	1	20	complex	0100	complex	0001	26.3006050080597	0.149460051188819	0.0294117647058824
chrY	2800000	6800000	fastq0024_HPNE_T3	HCJY7AFX7_MIxT1XT3_24s001577-1-1_Jeong_lane1T3xiTRU1A78	WW	1	20	del_h1	0010	del_h2	1000	29.5218247887791	0.0055086559445896	0.911764705882353
chrY	2800000	6800000	fastq0024_HPNE_T3	HCJY7AFX7_MIxT1XT3_24s001577-1-1_Jeong_lane1T3xiTRU1A79	CC	1	20	del_h1	0010	del_h2	1000	29.5283858842267	0.00550865594458982	0.911764705882353
chrY	2800000	6800000	fastq0024_HPNE_T3	HCJY7AFX7_MIxT1XT3_24s001577-1-1_Jeong_lane1T3xiTRU1A80	CC	1	20	del_h1	0010	del_h2	1000	29.504186715578	0.0055086559445896	0.911764705882353
chrY	2800000	6800000	fastq0024_HPNE_T3	HCJY7AFX7_MIxT1XT3_24s001577-1-1_Jeong_lane1T3xiTRU1A83	CC	1	20	del_h1	0010	del_h2	1000	29.5298914089863	0.00550865594458982	0.911764705882353
chrY	2800000	6800000	fastq0024_HPNE_T3	HCJY7AFX7_MIxT1XT3_24s001577-1-1_Jeong_lane1T3xiTRU1A92	WW	1	20	del_h1	0010	del_h2	1000	29.5303164849849	0.0055086559445896	0.911764705882353
chrY	6800000	9400000	fastq0024_HPNE_T3	HCJY7AFX7_MIxT1XT3_24s001577-1-1_Jeong_lane1T3xiTRU1A02	CC	1	13	del_h1	0010	del_h2	1000	5.54159007906141	0.00988688906711621	0.794117647058823
chrY	6800000	9400000	fastq0024_HPNE_T3	HCJY7AFX7_MIxT1XT3_24s001577-1-1_Jeong_lane1T3xiTRU1A08	CC	1	13	del_h1	0010	del_h2	1000	11.0355472208689	0.00988688906711599	0.794117647058823
chrY	6800000	9400000	fastq0024_HPNE_T3	HCJY7AFX7_MIxT1XT3_24s001577-1-1_Jeong_lane1T3xiTRU1A10	CC	1	13	del_h1	0010	del_h2	1000	5.66109479076933	0.00988688906711599	0.794117647058823
chrY	6800000	9400000	fastq0024_HPNE_T3	HCJY7AFX7_MIxT1XT3_24s001577-1-1_Jeong_lane1T3xiTRU1A16	CC	1	13	del_h1	0010	del_h2	1000	4.19856634490388	0.00988688906711643	0.794117647058823
chrY	6800000	9400000	fastq0024_HPNE_T3	HCJY7AFX7_MIxT1XT3_24s001577-1-1_Jeong_lane1T3xiTRU1A20	CC	1	13	del_h1	0010	del_h2	1000	11.9035398691744	0.00988688906711621	0.794117647058823
chrY	6800000	9400000	fastq0024_HPNE_T3	HCJY7AFX7_MIxT1XT3_24s001577-1-1_Jeong_lane1T3xiTRU1A25	CC	1	13	del_h1	0010	del_h2	1000	8.50360113160048	0.00988688906711599	0.794117647058823
chrY	6800000	9400000	fastq0024_HPNE_T3	HCJY7AFX7_MIxT1XT3_24s001577-1-1_Jeong_lane1T3xiTRU1A27	CC	1	13	del_h1	0010	del_h2	1000	6.48167265466874	0.00988688906711643	0.794117647058823
chrY	6800000	9400000	fastq0024_HPNE_T3	HCJY7AFX7_MIxT1XT3_24s001577-1-1_Jeong_lane1T3xiTRU1A34	WW	1	13	del_h1	0010	del_h2	1000	9.1260590081376	0.00988688906711621	0.794117647058823
chrY	6800000	9400000	fastq0024_HPNE_T3	HCJY7AFX7_MIxT1XT3_24s001577-1-1_Jeong_lane1T3xiTRU1A35	WW	1	13	del_h1	0010	del_h2	1000	5.74773843192088	0.00988688906711621	0.794117647058823
chrY	6800000	9400000	fastq0024_HPNE_T3	HCJY7AFX7_MIxT1XT3_24s001577-1-1_Jeong_lane1T3xiTRU1A37	CC	1	13	del_h1	0010	del_h2	1000	5.24973607513749	0.00988688906711621	0.794117647058823
chrY	6800000	9400000	fastq0024_HPNE_T3	HCJY7AFX7_MIxT1XT3_24s001577-1-1_Jeong_lane1T3xiTRU1A41	WW	1	13	del_h1	0010	del_h2	1000	5.61238155043374	0.00988688906711643	0.794117647058823
chrY	6800000	9400000	fastq0024_HPNE_T3	HCJY7AFX7_MIxT1XT3_24s001577-1-1_Jeong_lane1T3xiTRU1A42	WW	1	13	del_h1	0010	del_h2	1000	7.22415623038786	0.00988688906711621	0.794117647058823
chrY	6800000	9400000	fastq0024_HPNE_T3	HCJY7AFX7_MIxT1XT3_24s001577-1-1_Jeong_lane1T3xiTRU1A43	WW	1	13	del_h1	0010	del_h2	1000	5.82402985817542	0.00988688906711621	0.794117647058823
chrY	6800000	9400000	fastq0024_HPNE_T3	HCJY7AFX7_MIxT1XT3_24s001577-1-1_Jeong_lane1T3xiTRU1A44	WC	1	13	del_h1	0010	complex	0100	16.6713493067295	8.11494220117473	0.794117647058823
chrY	6800000	9400000	fastq0024_HPNE_T3	HCJY7AFX7_MIxT1XT3_24s001577-1-1_Jeong_lane1T3xiTRU1A48	WW	1	13	del_h1	0010	del_h2	1000	4.41015060389486	0.00988688906711621	0.794117647058823
chrY	6800000	9400000	fastq0024_HPNE_T3	HCJY7AFX7_MIxT1XT3_24s001577-1-1_Jeong_lane1T3xiTRU1A50	WW	1	13	del_h1	0010	del_h2	1000	4.22844005208019	0.00988688906711621	0.794117647058823
chrY	6800000	9400000	fastq0024_HPNE_T3	HCJY7AFX7_MIxT1XT3_24s001577-1-1_Jeong_lane1T3xiTRU1A55	WW	1	13	del_h1	0010	del_h2	1000	5.51911955252425	0.00988688906711643	0.794117647058823
chrY	6800000	9400000	fastq0024_HPNE_T3	HCJY7AFX7_MIxT1XT3_24s001577-1-1_Jeong_lane1T3xiTRU1A57	WW	1	13	del_h1	0010	del_h2	1000	5.34139175678724	0.00988688906711621	0.794117647058823
chrY	6800000	9400000	fastq0024_HPNE_T3	HCJY7AFX7_MIxT1XT3_24s001577-1-1_Jeong_lane1T3xiTRU1A63	CC	1	13	del_h1	0010	del_h2	1000	8.78411183615235	0.00988688906711643	0.794117647058823
chrY	6800000	9400000	fastq0024_HPNE_T3	HCJY7AFX7_MIxT1XT3_24s001577-1-1_Jeong_lane1T3xiTRU1A64	CC	1	13	del_h1	0010	del_h2	1000	5.32393913787501	0.00988688906711621	0.794117647058823
chrY	6800000	9400000	fastq0024_HPNE_T3	HCJY7AFX7_MIxT1XT3_24s001577-1-1_Jeong_lane1T3xiTRU1A65	CC	1	13	del_h1	0010	del_h2	1000	5.70866766174151	0.00988688906711621	0.794117647058823
chrY	6800000	9400000	fastq0024_HPNE_T3	HCJY7AFX7_MIxT1XT3_24s001577-1-1_Jeong_lane1T3xiTRU1A67	WC	1	13	del_h2	1000	complex	0001	19.5865816859666	8.50403468715731	0.0294117647058824
chrY	6800000	9400000	fastq0024_HPNE_T3	HCJY7AFX7_MIxT1XT3_24s001577-1-1_Jeong_lane1T3xiTRU1A75	CC	1	13	del_h1	0010	del_h2	1000	5.37162153488424	0.00988688906711621	0.794117647058823
chrY	6800000	9400000	fastq0024_HPNE_T3	HCJY7AFX7_MIxT1XT3_24s001577-1-1_Jeong_lane1T3xiTRU1A76	WW	1	13	complex	0100	complex	0001	15.431569722955	0.398979267111297	0.0294117647058824
chrY	6800000	9400000	fastq0024_HPNE_T3	HCJY7AFX7_MIxT1XT3_24s001577-1-1_Jeong_lane1T3xiTRU1A78	WW	1	13	del_h1	0010	del_h2	1000	6.59370952989954	0.00988688906711621	0.794117647058823
chrY	6800000	9400000	fastq0024_HPNE_T3	HCJY7AFX7_MIxT1XT3_24s001577-1-1_Jeong_lane1T3xiTRU1A79	CC	1	13	del_h1	0010	del_h2	1000	8.5762052474781	0.00988688906711621	0.794117647058823
chrY	6800000	9400000	fastq0024_HPNE_T3	HCJY7AFX7_MIxT1XT3_24s001577-1-1_Jeong_lane1T3xiTRU1A80	CC	1	13	del_h1	0010	del_h2	1000	9.30614360347566	0.00988688906711621	0.794117647058823
chrY	6800000	9400000	fastq0024_HPNE_T3	HCJY7AFX7_MIxT1XT3_24s001577-1-1_Jeong_lane1T3xiTRU1A83	CC	1	13	del_h1	0010	del_h2	1000	4.24111296320991	0.00988688906711621	0.794117647058823
chrY	6800000	9400000	fastq0024_HPNE_T3	HCJY7AFX7_MIxT1XT3_24s001577-1-1_Jeong_lane1T3xiTRU1A92	WW	1	13	del_h1	0010	del_h2	1000	13.4736230951916	0.00988688906711621	0.794117647058823
chrY	9400000	10600000	fastq0024_HPNE_T3	HCJY7AFX7_MIxT1XT3_24s001577-1-1_Jeong_lane1T3xiTRU1A02	CC	1	6	del_h1	0010	del_h2	1000	10.9218701193476	0.0618762470969669	0.911764705882353
chrY	9400000	10600000	fastq0024_HPNE_T3	HCJY7AFX7_MIxT1XT3_24s001577-1-1_Jeong_lane1T3xiTRU1A05	CC	1	6	del_h1	0010	del_h2	1000	7.34704119543969	0.0618762470969669	0.911764705882353
chrY	9400000	10600000	fastq0024_HPNE_T3	HCJY7AFX7_MIxT1XT3_24s001577-1-1_Jeong_lane1T3xiTRU1A08	CC	1	6	del_h1	0010	del_h2	1000	14.2202150144077	0.0618762470969669	0.911764705882353
chrY	9400000	10600000	fastq0024_HPNE_T3	HCJY7AFX7_MIxT1XT3_24s001577-1-1_Jeong_lane1T3xiTRU1A10	CC	1	6	del_h1	0010	del_h2	1000	10.7053511387496	0.0618762470969669	0.911764705882353
chrY	9400000	10600000	fastq0024_HPNE_T3	HCJY7AFX7_MIxT1XT3_24s001577-1-1_Jeong_lane1T3xiTRU1A16	CC	1	6	del_h1	0010	del_h2	1000	8.8292263377513	0.0618762470969669	0.911764705882353
chrY	9400000	10600000	fastq0024_HPNE_T3	HCJY7AFX7_MIxT1XT3_24s001577-1-1_Jeong_lane1T3xiTRU1A20	CC	1	6	del_h1	0010	del_h2	1000	12.9988562754464	0.0618762470969669	0.911764705882353
chrY	9400000	10600000	fastq0024_HPNE_T3	HCJY7AFX7_MIxT1XT3_24s001577-1-1_Jeong_lane1T3xiTRU1A21	CC	1	6	del_h1	0010	del_h2	1000	7.80644396173834	0.0618762470969669	0.911764705882353
chrY	9400000	10600000	fastq0024_HPNE_T3	HCJY7AFX7_MIxT1XT3_24s001577-1-1_Jeong_lane1T3xiTRU1A25	CC	1	6	del_h1	0010	del_h2	1000	7.25604039083923	0.0618762470969669	0.911764705882353
chrY	9400000	10600000	fastq0024_HPNE_T3	HCJY7AFX7_MIxT1XT3_24s001577-1-1_Jeong_lane1T3xiTRU1A27	CC	1	6	del_h1	0010	del_h2	1000	12.0441904096387	0.0618762470969669	0.911764705882353
chrY	9400000	10600000	fastq0024_HPNE_T3	HCJY7AFX7_MIxT1XT3_24s001577-1-1_Jeong_lane1T3xiTRU1A34	WW	1	6	del_h1	0010	del_h2	1000	15.7211502501779	0.0618762470969669	0.911764705882353
chrY	9400000	10600000	fastq0024_HPNE_T3	HCJY7AFX7_MIxT1XT3_24s001577-1-1_Jeong_lane1T3xiTRU1A35	WW	1	6	del_h1	0010	del_h2	1000	9.95404987388037	0.0618762470969669	0.911764705882353
chrY	9400000	10600000	fastq0024_HPNE_T3	HCJY7AFX7_MIxT1XT3_24s001577-1-1_Jeong_lane1T3xiTRU1A37	CC	1	6	del_h1	0010	del_h2	1000	7.44241692747763	0.0618762470969667	0.911764705882353
chrY	9400000	10600000	fastq0024_HPNE_T3	HCJY7AFX7_MIxT1XT3_24s001577-1-1_Jeong_lane1T3xiTRU1A39	WC	1	6	del_h2	1000	del_h1	0010	4.40778584272747	1.99020492648758	0.0588235294117647
chrY	9400000	10600000	fastq0024_HPNE_T3	HCJY7AFX7_MIxT1XT3_24s001577-1-1_Jeong_lane1T3xiTRU1A40	CC	1	6	del_h1	0010	del_h2	1000	9.23573562570502	0.0618762470969672	0.911764705882353
chrY	9400000	10600000	fastq0024_HPNE_T3	HCJY7AFX7_MIxT1XT3_24s001577-1-1_Jeong_lane1T3xiTRU1A41	WW	1	6	del_h1	0010	del_h2	1000	8.10113584801151	0.0618762470969669	0.911764705882353
chrY	9400000	10600000	fastq0024_HPNE_T3	HCJY7AFX7_MIxT1XT3_24s001577-1-1_Jeong_lane1T3xiTRU1A42	WW	1	6	del_h1	0010	del_h2	1000	9.67800953951635	0.0618762470969669	0.911764705882353
chrY	9400000	10600000	fastq0024_HPNE_T3	HCJY7AFX7_MIxT1XT3_24s001577-1-1_Jeong_lane1T3xiTRU1A43	WW	1	6	del_h1	0010	del_h2	1000	8.17633962479989	0.0618762470969667	0.911764705882353
chrY	9400000	10600000	fastq0024_HPNE_T3	HCJY7AFX7_MIxT1XT3_24s001577-1-1_Jeong_lane1T3xiTRU1A44	WC	1	6	del_h1	0010	del_hom	0000	15.9569792447966	4.72238815992031	0.911764705882353
chrY	9400000	10600000	fastq0024_HPNE_T3	HCJY7AFX7_MIxT1XT3_24s001577-1-1_Jeong_lane1T3xiTRU1A48	WW	1	6	del_h1	0010	del_h2	1000	9.01649463201208	0.0618762470969669	0.911764705882353
chrY	9400000	10600000	fastq0024_HPNE_T3	HCJY7AFX7_MIxT1XT3_24s001577-1-1_Jeong_lane1T3xiTRU1A50	WW	1	6	del_h1	0010	del_h2	1000	10.1643792373112	0.0618762470969669	0.911764705882353
chrY	9400000	10600000	fastq0024_HPNE_T3	HCJY7AFX7_MIxT1XT3_24s001577-1-1_Jeong_lane1T3xiTRU1A55	WW	1	6	del_h1	0010	del_h2	1000	11.968929479258	0.0618762470969669	0.911764705882353
chrY	9400000	10600000	fastq0024_HPNE_T3	HCJY7AFX7_MIxT1XT3_24s001577-1-1_Jeong_lane1T3xiTRU1A57	WW	1	6	del_h1	0010	del_h2	1000	9.67507831504126	0.0618762470969667	0.911764705882353
chrY	9400000	10600000	fastq0024_HPNE_T3	HCJY7AFX7_MIxT1XT3_24s001577-1-1_Jeong_lane1T3xiTRU1A63	CC	1	6	del_h1	0010	del_h2	1000	12.8114231567463	0.0618762470969669	0.911764705882353
chrY	9400000	10600000	fastq0024_HPNE_T3	HCJY7AFX7_MIxT1XT3_24s001577-1-1_Jeong_lane1T3xiTRU1A64	CC	1	6	del_h1	0010	del_h2	1000	10.0233738492972	0.0618762470969669	0.911764705882353
chrY	9400000	10600000	fastq0024_HPNE_T3	HCJY7AFX7_MIxT1XT3_24s001577-1-1_Jeong_lane1T3xiTRU1A65	CC	1	6	del_h1	0010	del_h2	1000	10.8221129988637	0.0618762470969669	0.911764705882353
chrY	9400000	10600000	fastq0024_HPNE_T3	HCJY7AFX7_MIxT1XT3_24s001577-1-1_Jeong_lane1T3xiTRU1A66	WW	1	6	del_h1	0010	del_h2	1000	9.22237208156526	0.0618762470969667	0.911764705882353
chrY	9400000	10600000	fastq0024_HPNE_T3	HCJY7AFX7_MIxT1XT3_24s001577-1-1_Jeong_lane1T3xiTRU1A67	WC	1	6	del_h2	1000	del_hom	0000	15.0652063471394	7.92926594052772	0.0588235294117647
chrY	9400000	10600000	fastq0024_HPNE_T3	HCJY7AFX7_MIxT1XT3_24s001577-1-1_Jeong_lane1T3xiTRU1A75	CC	1	6	del_h1	0010	del_h2	1000	10.2920201452876	0.0618762470969669	0.911764705882353
chrY	9400000	10600000	fastq0024_HPNE_T3	HCJY7AFX7_MIxT1XT3_24s001577-1-1_Jeong_lane1T3xiTRU1A76	WW	1	6	del_hom	0000	complex	0100	19.6047027119842	1.49211421155657	0.0294117647058824
chrY	9400000	10600000	fastq0024_HPNE_T3	HCJY7AFX7_MIxT1XT3_24s001577-1-1_Jeong_lane1T3xiTRU1A78	WW	1	6	del_h1	0010	del_h2	1000	9.71891392976459	0.0618762470969669	0.911764705882353
chrY	9400000	10600000	fastq0024_HPNE_T3	HCJY7AFX7_MIxT1XT3_24s001577-1-1_Jeong_lane1T3xiTRU1A79	CC	1	6	del_h1	0010	del_h2	1000	9.72621990430715	0.0618762470969672	0.911764705882353
chrY	9400000	10600000	fastq0024_HPNE_T3	HCJY7AFX7_MIxT1XT3_24s001577-1-1_Jeong_lane1T3xiTRU1A80	CC	1	6	del_h1	0010	del_h2	1000	12.5887630274633	0.0618762470969669	0.911764705882353
chrY	9400000	10600000	fastq0024_HPNE_T3	HCJY7AFX7_MIxT1XT3_24s001577-1-1_Jeong_lane1T3xiTRU1A83	CC	1	6	del_h1	0010	del_h2	1000	10.135128428998	0.0618762470969669	0.911764705882353
chrY	9400000	10600000	fastq0024_HPNE_T3	HCJY7AFX7_MIxT1XT3_24s001577-1-1_Jeong_lane1T3xiTRU1A92	WW	1	6	del_h1	0010	del_h2	1000	20.551752792139	0.0618762470969669	0.911764705882353
chrY	10600000	10800000	fastq0024_HPNE_T3	HCJY7AFX7_MIxT1XT3_24s001577-1-1_Jeong_lane1T3xiTRU1A20	CC	1	1	idup_h1	1110	idup_h2	1011	5.65608372587562	0.0648804127438423	0.176470588235294
chrY	10600000	10800000	fastq0024_HPNE_T3	HCJY7AFX7_MIxT1XT3_24s001577-1-1_Jeong_lane1T3xiTRU1A55	WW	1	1	idup_h1	1110	idup_h2	1011	4.20771954495909	0.0648804127438423	0.176470588235294
chrY	10600000	10800000	fastq0024_HPNE_T3	HCJY7AFX7_MIxT1XT3_24s001577-1-1_Jeong_lane1T3xiTRU1A65	CC	1	1	idup_h1	1110	idup_h2	1011	4.56082201032311	0.0648804127438423	0.176470588235294
chrY	10600000	10800000	fastq0024_HPNE_T3	HCJY7AFX7_MIxT1XT3_24s001577-1-1_Jeong_lane1T3xiTRU1A76	WW	1	1	idup_h1	1110	idup_h2	1011	4.28417764986987	0.0648804127438423	0.176470588235294
chrY	10600000	10800000	fastq0024_HPNE_T3	HCJY7AFX7_MIxT1XT3_24s001577-1-1_Jeong_lane1T3xiTRU1A78	WW	1	1	idup_h1	1110	idup_h2	1011	4.22164468433603	0.0648804127438423	0.176470588235294
chrY	10600000	10800000	fastq0024_HPNE_T3	HCJY7AFX7_MIxT1XT3_24s001577-1-1_Jeong_lane1T3xiTRU1A92	WW	1	1	idup_h1	1110	idup_h2	1011	6.59713882222996	0.0648804127438423	0.176470588235294
chrY	10800000	11000000	fastq0024_HPNE_T3	HCJY7AFX7_MIxT1XT3_24s001577-1-1_Jeong_lane1T3xiTRU1A02	CC	1	1	idup_h2	1011	idup_h1	1110	5.15080862902947	0.0204076683159018	0.882352941176471
chrY	10800000	11000000	fastq0024_HPNE_T3	HCJY7AFX7_MIxT1XT3_24s001577-1-1_Jeong_lane1T3xiTRU1A05	CC	1	1	idup_h2	1011	idup_h1	1110	4.43572492440388	0.0204076683159018	0.882352941176471
chrY	10800000	11000000	fastq0024_HPNE_T3	HCJY7AFX7_MIxT1XT3_24s001577-1-1_Jeong_lane1T3xiTRU1A08	CC	1	1	idup_h2	1011	idup_h1	1110	4.01657134858113	0.0204076683159009	0.882352941176471
chrY	10800000	11000000	fastq0024_HPNE_T3	HCJY7AFX7_MIxT1XT3_24s001577-1-1_Jeong_lane1T3xiTRU1A10	CC	1	1	idup_h2	1011	idup_h1	1110	5.9759439621003	0.0204076683159009	0.882352941176471
chrY	10800000	11000000	fastq0024_HPNE_T3	HCJY7AFX7_MIxT1XT3_24s001577-1-1_Jeong_lane1T3xiTRU1A16	CC	1	1	idup_h2	1011	idup_h1	1110	5.83098236894213	0.0204076683159018	0.882352941176471
chrY	10800000	11000000	fastq0024_HPNE_T3	HCJY7AFX7_MIxT1XT3_24s001577-1-1_Jeong_lane1T3xiTRU1A20	CC	1	1	idup_h2	1011	idup_h1	1110	6.88860149227114	0.0204076683159009	0.882352941176471
chrY	10800000	11000000	fastq0024_HPNE_T3	HCJY7AFX7_MIxT1XT3_24s001577-1-1_Jeong_lane1T3xiTRU1A25	CC	1	1	idup_h2	1011	idup_h1	1110	4.41268467628251	0.0204076683159018	0.882352941176471
chrY	10800000	11000000	fastq0024_HPNE_T3	HCJY7AFX7_MIxT1XT3_24s001577-1-1_Jeong_lane1T3xiTRU1A27	CC	1	1	idup_h2	1011	idup_h1	1110	4.98050873437659	0.0204076683159009	0.882352941176471
chrY	10800000	11000000	fastq0024_HPNE_T3	HCJY7AFX7_MIxT1XT3_24s001577-1-1_Jeong_lane1T3xiTRU1A34	WW	1	1	idup_h2	1011	idup_h1	1110	7.54118426300814	0.0204076683159018	0.882352941176471
chrY	10800000	11000000	fastq0024_HPNE_T3	HCJY7AFX7_MIxT1XT3_24s001577-1-1_Jeong_lane1T3xiTRU1A35	WW	1	1	idup_h2	1011	idup_h1	1110	4.85814322673141	0.0204076683159009	0.882352941176471
chrY	10800000	11000000	fastq0024_HPNE_T3	HCJY7AFX7_MIxT1XT3_24s001577-1-1_Jeong_lane1T3xiTRU1A37	CC	1	1	idup_h2	1011	idup_h1	1110	4.30042305823998	0.0204076683159018	0.882352941176471
chrY	10800000	11000000	fastq0024_HPNE_T3	HCJY7AFX7_MIxT1XT3_24s001577-1-1_Jeong_lane1T3xiTRU1A40	CC	1	1	idup_h2	1011	idup_h1	1110	4.93936726328897	0.0204076683159009	0.882352941176471
chrY	10800000	11000000	fastq0024_HPNE_T3	HCJY7AFX7_MIxT1XT3_24s001577-1-1_Jeong_lane1T3xiTRU1A41	WW	1	1	idup_h2	1011	idup_h1	1110	4.39684447783059	0.0204076683159009	0.882352941176471
chrY	10800000	11000000	fastq0024_HPNE_T3	HCJY7AFX7_MIxT1XT3_24s001577-1-1_Jeong_lane1T3xiTRU1A42	WW	1	1	idup_h2	1011	idup_h1	1110	5.16086640120885	0.0204076683159009	0.882352941176471
chrY	10800000	11000000	fastq0024_HPNE_T3	HCJY7AFX7_MIxT1XT3_24s001577-1-1_Jeong_lane1T3xiTRU1A43	WW	1	1	idup_h2	1011	idup_h1	1110	4.2332259248564	0.0204076683159009	0.882352941176471
chrY	10800000	11000000	fastq0024_HPNE_T3	HCJY7AFX7_MIxT1XT3_24s001577-1-1_Jeong_lane1T3xiTRU1A48	WW	1	1	idup_h2	1011	idup_h1	1110	5.57777263305745	0.0204076683159009	0.882352941176471
chrY	10800000	11000000	fastq0024_HPNE_T3	HCJY7AFX7_MIxT1XT3_24s001577-1-1_Jeong_lane1T3xiTRU1A50	WW	1	1	idup_h2	1011	idup_h1	1110	5.59290461044913	0.0204076683159018	0.882352941176471
chrY	10800000	11000000	fastq0024_HPNE_T3	HCJY7AFX7_MIxT1XT3_24s001577-1-1_Jeong_lane1T3xiTRU1A55	WW	1	1	idup_h2	1011	idup_h1	1110	5.77641957875612	0.0204076683159009	0.882352941176471
chrY	10800000	11000000	fastq0024_HPNE_T3	HCJY7AFX7_MIxT1XT3_24s001577-1-1_Jeong_lane1T3xiTRU1A57	WW	1	1	idup_h2	1011	idup_h1	1110	4.48798967464144	0.0204076683159009	0.882352941176471
chrY	10800000	11000000	fastq0024_HPNE_T3	HCJY7AFX7_MIxT1XT3_24s001577-1-1_Jeong_lane1T3xiTRU1A63	CC	1	1	idup_h2	1011	idup_h1	1110	5.96937313416388	0.0204076683159009	0.882352941176471
chrY	10800000	11000000	fastq0024_HPNE_T3	HCJY7AFX7_MIxT1XT3_24s001577-1-1_Jeong_lane1T3xiTRU1A64	CC	1	1	idup_h2	1011	idup_h1	1110	5.54528386600511	0.0204076683159009	0.882352941176471
chrY	10800000	11000000	fastq0024_HPNE_T3	HCJY7AFX7_MIxT1XT3_24s001577-1-1_Jeong_lane1T3xiTRU1A65	CC	1	1	idup_h2	1011	idup_h1	1110	6.80003023019897	0.0204076683159009	0.882352941176471
chrY	10800000	11000000	fastq0024_HPNE_T3	HCJY7AFX7_MIxT1XT3_24s001577-1-1_Jeong_lane1T3xiTRU1A66	WW	1	1	idup_h2	1011	idup_h1	1110	4.91587381253438	0.0204076683159018	0.882352941176471
chrY	10800000	11000000	fastq0024_HPNE_T3	HCJY7AFX7_MIxT1XT3_24s001577-1-1_Jeong_lane1T3xiTRU1A75	CC	1	1	idup_h2	1011	idup_h1	1110	5.98556433596771	0.0204076683159009	0.882352941176471
chrY	10800000	11000000	fastq0024_HPNE_T3	HCJY7AFX7_MIxT1XT3_24s001577-1-1_Jeong_lane1T3xiTRU1A76	WW	1	1	idup_h2	1011	idup_h1	1110	5.74010166877288	0.0204076683159009	0.882352941176471
chrY	10800000	11000000	fastq0024_HPNE_T3	HCJY7AFX7_MIxT1XT3_24s001577-1-1_Jeong_lane1T3xiTRU1A78	WW	1	1	idup_h2	1011	idup_h1	1110	6.03509984926007	0.0204076683159009	0.882352941176471
chrY	10800000	11000000	fastq0024_HPNE_T3	HCJY7AFX7_MIxT1XT3_24s001577-1-1_Jeong_lane1T3xiTRU1A79	CC	1	1	idup_h2	1011	idup_h1	1110	5.37208118541546	0.0204076683159009	0.882352941176471
chrY	10800000	11000000	fastq0024_HPNE_T3	HCJY7AFX7_MIxT1XT3_24s001577-1-1_Jeong_lane1T3xiTRU1A80	CC	1	1	idup_h2	1011	idup_h1	1110	4.32595309913524	0.0204076683159009	0.882352941176471
chrY	10800000	11000000	fastq0024_HPNE_T3	HCJY7AFX7_MIxT1XT3_24s001577-1-1_Jeong_lane1T3xiTRU1A83	CC	1	1	idup_h2	1011	idup_h1	1110	5.29626138186526	0.0204076683159009	0.882352941176471
chrY	10800000	11000000	fastq0024_HPNE_T3	HCJY7AFX7_MIxT1XT3_24s001577-1-1_Jeong_lane1T3xiTRU1A92	WW	1	1	idup_h2	1011	idup_h1	1110	8.12226826761325	0.0204076683159018	0.882352941176471
chrY	11000000	11200000	fastq0024_HPNE_T3	HCJY7AFX7_MIxT1XT3_24s001577-1-1_Jeong_lane1T3xiTRU1A76	WW	1	1	inv_h2	1001	inv_h1	0110	4.57894391264317	0.00493602090937451	0.0294117647058824
chrY	11200000	11400000	fastq0024_HPNE_T3	HCJY7AFX7_MIxT1XT3_24s001577-1-1_Jeong_lane1T3xiTRU1A02	CC	1	1	idup_h2	1011	idup_h1	1110	7.9898076105077	0.00134860800088443	0.823529411764706
chrY	11200000	11400000	fastq0024_HPNE_T3	HCJY7AFX7_MIxT1XT3_24s001577-1-1_Jeong_lane1T3xiTRU1A05	CC	1	1	idup_h2	1011	idup_h1	1110	6.9515454501884	0.00134860800088443	0.823529411764706
chrY	11200000	11400000	fastq0024_HPNE_T3	HCJY7AFX7_MIxT1XT3_24s001577-1-1_Jeong_lane1T3xiTRU1A08	CC	1	1	idup_h2	1011	idup_h1	1110	8.273859845409	0.00134860800088443	0.823529411764706
chrY	11200000	11400000	fastq0024_HPNE_T3	HCJY7AFX7_MIxT1XT3_24s001577-1-1_Jeong_lane1T3xiTRU1A10	CC	1	1	idup_h2	1011	idup_h1	1110	8.47095322511706	0.00134860800088532	0.823529411764706
chrY	11200000	11400000	fastq0024_HPNE_T3	HCJY7AFX7_MIxT1XT3_24s001577-1-1_Jeong_lane1T3xiTRU1A16	CC	1	1	idup_h2	1011	idup_h1	1110	7.64838839227065	0.00134860800088532	0.823529411764706
chrY	11200000	11400000	fastq0024_HPNE_T3	HCJY7AFX7_MIxT1XT3_24s001577-1-1_Jeong_lane1T3xiTRU1A20	CC	1	1	complex	1111	complex	0022	9.64808107000915	0	0.0882352941176471
chrY	11200000	11400000	fastq0024_HPNE_T3	HCJY7AFX7_MIxT1XT3_24s001577-1-1_Jeong_lane1T3xiTRU1A21	CC	1	1	idup_h2	1011	idup_h1	1110	7.05632867785589	0.00134860800088443	0.823529411764706
chrY	11200000	11400000	fastq0024_HPNE_T3	HCJY7AFX7_MIxT1XT3_24s001577-1-1_Jeong_lane1T3xiTRU1A25	CC	1	1	idup_h2	1011	idup_h1	1110	6.81247796888858	0.00134860800088532	0.823529411764706
chrY	11200000	11400000	fastq0024_HPNE_T3	HCJY7AFX7_MIxT1XT3_24s001577-1-1_Jeong_lane1T3xiTRU1A27	CC	1	1	idup_h2	1011	idup_h1	1110	7.14028862948219	0.00134860800088443	0.823529411764706
chrY	11200000	11400000	fastq0024_HPNE_T3	HCJY7AFX7_MIxT1XT3_24s001577-1-1_Jeong_lane1T3xiTRU1A34	WW	1	1	idup_h2	1011	idup_h1	1110	9.51011503009726	0.00134860800088443	0.823529411764706
chrY	11200000	11400000	fastq0024_HPNE_T3	HCJY7AFX7_MIxT1XT3_24s001577-1-1_Jeong_lane1T3xiTRU1A35	WW	1	1	idup_h2	1011	idup_h1	1110	7.58399533718249	0.00134860800088443	0.823529411764706
chrY	11200000	11400000	fastq0024_HPNE_T3	HCJY7AFX7_MIxT1XT3_24s001577-1-1_Jeong_lane1T3xiTRU1A37	CC	1	1	idup_h2	1011	idup_h1	1110	7.02177533160421	0.00134860800088443	0.823529411764706
chrY	11200000	11400000	fastq0024_HPNE_T3	HCJY7AFX7_MIxT1XT3_24s001577-1-1_Jeong_lane1T3xiTRU1A39	WC	1	1	dup_hom	2020	idup_h2	1011	6.16095176669915	0.894760929753229	0.0882352941176471
chrY	11200000	11400000	fastq0024_HPNE_T3	HCJY7AFX7_MIxT1XT3_24s001577-1-1_Jeong_lane1T3xiTRU1A40	CC	1	1	idup_h2	1011	idup_h1	1110	7.08228517645898	0.00134860800088532	0.823529411764706
chrY	11200000	11400000	fastq0024_HPNE_T3	HCJY7AFX7_MIxT1XT3_24s001577-1-1_Jeong_lane1T3xiTRU1A41	WW	1	1	idup_h2	1011	idup_h1	1110	6.6324969516544	0.00134860800088443	0.823529411764706
chrY	11200000	11400000	fastq0024_HPNE_T3	HCJY7AFX7_MIxT1XT3_24s001577-1-1_Jeong_lane1T3xiTRU1A42	WW	1	1	idup_h2	1011	idup_h1	1110	7.46220235637101	0.00134860800088443	0.823529411764706
chrY	11200000	11400000	fastq0024_HPNE_T3	HCJY7AFX7_MIxT1XT3_24s001577-1-1_Jeong_lane1T3xiTRU1A43	WW	1	1	idup_h2	1011	idup_h1	1110	6.59746714765502	0.00134860800088532	0.823529411764706
chrY	11200000	11400000	fastq0024_HPNE_T3	HCJY7AFX7_MIxT1XT3_24s001577-1-1_Jeong_lane1T3xiTRU1A44	WC	1	1	dup_hom	2020	idup_h2	1011	5.85441192668008	0.656852261191561	0.0882352941176471
chrY	11200000	11400000	fastq0024_HPNE_T3	HCJY7AFX7_MIxT1XT3_24s001577-1-1_Jeong_lane1T3xiTRU1A48	WW	1	1	idup_h2	1011	idup_h1	1110	7.34219012827889	0.00134860800088532	0.823529411764706
chrY	11200000	11400000	fastq0024_HPNE_T3	HCJY7AFX7_MIxT1XT3_24s001577-1-1_Jeong_lane1T3xiTRU1A50	WW	1	1	idup_h2	1011	idup_h1	1110	7.38309097882088	0.00134860800088532	0.823529411764706
chrY	11200000	11400000	fastq0024_HPNE_T3	HCJY7AFX7_MIxT1XT3_24s001577-1-1_Jeong_lane1T3xiTRU1A55	WW	1	1	idup_h2	1011	idup_h1	1110	8.36464521208016	0.00134860800088443	0.823529411764706
chrY	11200000	11400000	fastq0024_HPNE_T3	HCJY7AFX7_MIxT1XT3_24s001577-1-1_Jeong_lane1T3xiTRU1A57	WW	1	1	idup_h2	1011	idup_h1	1110	6.97884584899201	0.00134860800088443	0.823529411764706
chrY	11200000	11400000	fastq0024_HPNE_T3	HCJY7AFX7_MIxT1XT3_24s001577-1-1_Jeong_lane1T3xiTRU1A63	CC	1	1	complex	1111	complex	2200	9.14269261681925	0	0.0882352941176471
chrY	11200000	11400000	fastq0024_HPNE_T3	HCJY7AFX7_MIxT1XT3_24s001577-1-1_Jeong_lane1T3xiTRU1A64	CC	1	1	idup_h2	1011	idup_h1	1110	8.30153681859984	0.00134860800088443	0.823529411764706
chrY	11200000	11400000	fastq0024_HPNE_T3	HCJY7AFX7_MIxT1XT3_24s001577-1-1_Jeong_lane1T3xiTRU1A65	CC	1	1	idup_h2	1011	idup_h1	1110	7.93571468561138	0.00134860800088443	0.823529411764706
chrY	11200000	11400000	fastq0024_HPNE_T3	HCJY7AFX7_MIxT1XT3_24s001577-1-1_Jeong_lane1T3xiTRU1A66	WW	1	1	idup_h2	1011	idup_h1	1110	7.35255876455339	0.00134860800088532	0.823529411764706
chrY	11200000	11400000	fastq0024_HPNE_T3	HCJY7AFX7_MIxT1XT3_24s001577-1-1_Jeong_lane1T3xiTRU1A67	WC	1	1	dup_hom	2020	idup_h2	1011	6.73452273250909	0.99522242363909	0.0882352941176471
chrY	11200000	11400000	fastq0024_HPNE_T3	HCJY7AFX7_MIxT1XT3_24s001577-1-1_Jeong_lane1T3xiTRU1A75	CC	1	1	idup_h2	1011	idup_h1	1110	7.3084277357122	0.00134860800088443	0.823529411764706
chrY	11200000	11400000	fastq0024_HPNE_T3	HCJY7AFX7_MIxT1XT3_24s001577-1-1_Jeong_lane1T3xiTRU1A76	WW	1	1	idup_h2	1011	idup_h1	1110	8.114045795505	0.00134860800088443	0.823529411764706
chrY	11200000	11400000	fastq0024_HPNE_T3	HCJY7AFX7_MIxT1XT3_24s001577-1-1_Jeong_lane1T3xiTRU1A78	WW	1	1	idup_h2	1011	idup_h1	1110	7.49068053253467	0.00134860800088532	0.823529411764706
chrY	11200000	11400000	fastq0024_HPNE_T3	HCJY7AFX7_MIxT1XT3_24s001577-1-1_Jeong_lane1T3xiTRU1A79	CC	1	1	idup_h2	1011	idup_h1	1110	7.55261618445679	0.00134860800088532	0.823529411764706
chrY	11200000	11400000	fastq0024_HPNE_T3	HCJY7AFX7_MIxT1XT3_24s001577-1-1_Jeong_lane1T3xiTRU1A80	CC	1	1	idup_h2	1011	idup_h1	1110	7.84484251951347	0.00134860800088443	0.823529411764706
chrY	11200000	11400000	fastq0024_HPNE_T3	HCJY7AFX7_MIxT1XT3_24s001577-1-1_Jeong_lane1T3xiTRU1A83	CC	1	1	idup_h2	1011	idup_h1	1110	7.87786844330182	0.00134860800088443	0.823529411764706
chrY	11200000	11400000	fastq0024_HPNE_T3	HCJY7AFX7_MIxT1XT3_24s001577-1-1_Jeong_lane1T3xiTRU1A92	WW	1	1	complex	0022	complex	2200	12.1706120593676	0	0.0882352941176471
chrY	11400000	11600000	fastq0024_HPNE_T3	HCJY7AFX7_MIxT1XT3_24s001577-1-1_Jeong_lane1T3xiTRU1A76	WW	1	1	inv_hom	0101	inv_h1	0110	5.0739884042723	2.33853342065667	0.0294117647058824
chrY	11600000	11800000	fastq0024_HPNE_T3	HCJY7AFX7_MIxT1XT3_24s001577-1-1_Jeong_lane1T3xiTRU1A02	CC	1	1	idup_h2	1011	idup_h1	1110	4.29546126245647	0.0536660002504759	0.382352941176471
chrY	11600000	11800000	fastq0024_HPNE_T3	HCJY7AFX7_MIxT1XT3_24s001577-1-1_Jeong_lane1T3xiTRU1A05	CC	1	1	idup_h2	1011	idup_h1	1110	4.08766924461923	0.0536660002504759	0.382352941176471
chrY	11600000	11800000	fastq0024_HPNE_T3	HCJY7AFX7_MIxT1XT3_24s001577-1-1_Jeong_lane1T3xiTRU1A08	CC	1	1	idup_h2	1011	idup_h1	1110	5.43953568163385	0.0536660002504759	0.382352941176471
chrY	11600000	11800000	fastq0024_HPNE_T3	HCJY7AFX7_MIxT1XT3_24s001577-1-1_Jeong_lane1T3xiTRU1A10	CC	1	1	idup_h2	1011	idup_h1	1110	4.36860038507868	0.0536660002504767	0.382352941176471
chrY	11600000	11800000	fastq0024_HPNE_T3	HCJY7AFX7_MIxT1XT3_24s001577-1-1_Jeong_lane1T3xiTRU1A20	CC	1	1	idup_h2	1011	idup_h1	1110	5.78776574322559	0.0536660002504759	0.382352941176471
chrY	11600000	11800000	fastq0024_HPNE_T3	HCJY7AFX7_MIxT1XT3_24s001577-1-1_Jeong_lane1T3xiTRU1A34	WW	1	1	idup_h2	1011	idup_h1	1110	5.24087699624723	0.0536660002504767	0.382352941176471
chrY	11600000	11800000	fastq0024_HPNE_T3	HCJY7AFX7_MIxT1XT3_24s001577-1-1_Jeong_lane1T3xiTRU1A55	WW	1	1	idup_h2	1011	idup_h1	1110	5.12440402617895	0.0536660002504759	0.382352941176471
chrY	11600000	11800000	fastq0024_HPNE_T3	HCJY7AFX7_MIxT1XT3_24s001577-1-1_Jeong_lane1T3xiTRU1A64	CC	1	1	idup_h2	1011	idup_h1	1110	4.25485419062815	0.0536660002504759	0.382352941176471
chrY	11600000	11800000	fastq0024_HPNE_T3	HCJY7AFX7_MIxT1XT3_24s001577-1-1_Jeong_lane1T3xiTRU1A65	CC	1	1	idup_h2	1011	idup_h1	1110	4.23655210879692	0.0536660002504759	0.382352941176471
chrY	11600000	11800000	fastq0024_HPNE_T3	HCJY7AFX7_MIxT1XT3_24s001577-1-1_Jeong_lane1T3xiTRU1A75	CC	1	1	idup_h2	1011	idup_h1	1110	4.23313681937489	0.0536660002504759	0.382352941176471
chrY	11600000	11800000	fastq0024_HPNE_T3	HCJY7AFX7_MIxT1XT3_24s001577-1-1_Jeong_lane1T3xiTRU1A76	WW	1	1	idup_h2	1011	idup_h1	1110	4.18395234747518	0.0536660002504767	0.382352941176471
chrY	11600000	11800000	fastq0024_HPNE_T3	HCJY7AFX7_MIxT1XT3_24s001577-1-1_Jeong_lane1T3xiTRU1A83	CC	1	1	idup_h2	1011	idup_h1	1110	4.45482448316365	0.0536660002504759	0.382352941176471
chrY	11600000	11800000	fastq0024_HPNE_T3	HCJY7AFX7_MIxT1XT3_24s001577-1-1_Jeong_lane1T3xiTRU1A92	WW	1	1	idup_h2	1011	idup_h1	1110	6.97517540660399	0.0536660002504759	0.382352941176471
chrY	11800000	17400000	fastq0024_HPNE_T3	HCJY7AFX7_MIxT1XT3_24s001577-1-1_Jeong_lane1T3xiTRU1A02	CC	1	28	del_h1	0010	del_h2	1000	19.7206143252294	0.00961748829969022	0.970588235294118
chrY	11800000	17400000	fastq0024_HPNE_T3	HCJY7AFX7_MIxT1XT3_24s001577-1-1_Jeong_lane1T3xiTRU1A05	CC	1	28	del_h1	0010	del_h2	1000	18.1501786110131	0.00961748829969022	0.970588235294118
chrY	11800000	17400000	fastq0024_HPNE_T3	HCJY7AFX7_MIxT1XT3_24s001577-1-1_Jeong_lane1T3xiTRU1A08	CC	1	28	del_h1	0010	del_h2	1000	26.2091307213394	0.00961748829969045	0.970588235294118
chrY	11800000	17400000	fastq0024_HPNE_T3	HCJY7AFX7_MIxT1XT3_24s001577-1-1_Jeong_lane1T3xiTRU1A10	CC	1	28	del_h1	0010	del_h2	1000	25.308685466454	0.00961748829969022	0.970588235294118
chrY	11800000	17400000	fastq0024_HPNE_T3	HCJY7AFX7_MIxT1XT3_24s001577-1-1_Jeong_lane1T3xiTRU1A16	CC	1	28	del_h1	0010	del_h2	1000	24.0589007297227	0.00961748829969045	0.970588235294118
chrY	11800000	17400000	fastq0024_HPNE_T3	HCJY7AFX7_MIxT1XT3_24s001577-1-1_Jeong_lane1T3xiTRU1A20	CC	1	28	del_h1	0010	del_h2	1000	26.1628643264931	0.00961748829969045	0.970588235294118
chrY	11800000	17400000	fastq0024_HPNE_T3	HCJY7AFX7_MIxT1XT3_24s001577-1-1_Jeong_lane1T3xiTRU1A21	CC	1	28	del_h1	0010	del_h2	1000	14.6700846336793	0.00961748829969045	0.970588235294118
chrY	11800000	17400000	fastq0024_HPNE_T3	HCJY7AFX7_MIxT1XT3_24s001577-1-1_Jeong_lane1T3xiTRU1A25	CC	1	28	del_h1	0010	del_h2	1000	24.0524801363628	0.00961748829969022	0.970588235294118
chrY	11800000	17400000	fastq0024_HPNE_T3	HCJY7AFX7_MIxT1XT3_24s001577-1-1_Jeong_lane1T3xiTRU1A27	CC	1	28	del_h1	0010	del_h2	1000	18.4784809450425	0.00961748829969045	0.970588235294118
chrY	11800000	17400000	fastq0024_HPNE_T3	HCJY7AFX7_MIxT1XT3_24s001577-1-1_Jeong_lane1T3xiTRU1A34	WW	1	28	del_h1	0010	del_h2	1000	26.4838181371664	0.00961748829969045	0.970588235294118
chrY	11800000	17400000	fastq0024_HPNE_T3	HCJY7AFX7_MIxT1XT3_24s001577-1-1_Jeong_lane1T3xiTRU1A35	WW	1	28	del_h1	0010	del_h2	1000	24.2679194129047	0.00961748829969045	0.970588235294118
chrY	11800000	17400000	fastq0024_HPNE_T3	HCJY7AFX7_MIxT1XT3_24s001577-1-1_Jeong_lane1T3xiTRU1A37	CC	1	28	del_h1	0010	del_h2	1000	20.8259172736616	0.00961748829969022	0.970588235294118
chrY	11800000	17400000	fastq0024_HPNE_T3	HCJY7AFX7_MIxT1XT3_24s001577-1-1_Jeong_lane1T3xiTRU1A39	WC	1	28	del_h1	0010	del_h2	1000	9.33990772456346	2.80774991181695	0.970588235294118
chrY	11800000	17400000	fastq0024_HPNE_T3	HCJY7AFX7_MIxT1XT3_24s001577-1-1_Jeong_lane1T3xiTRU1A40	CC	1	28	del_h1	0010	del_h2	1000	18.902937321146	0.00961748829969045	0.970588235294118
chrY	11800000	17400000	fastq0024_HPNE_T3	HCJY7AFX7_MIxT1XT3_24s001577-1-1_Jeong_lane1T3xiTRU1A41	WW	1	28	del_h1	0010	del_h2	1000	18.3614047622781	0.00961748829969022	0.970588235294118
chrY	11800000	17400000	fastq0024_HPNE_T3	HCJY7AFX7_MIxT1XT3_24s001577-1-1_Jeong_lane1T3xiTRU1A42	WW	1	28	del_h1	0010	del_h2	1000	22.567018267581	0.00961748829969045	0.970588235294118
chrY	11800000	17400000	fastq0024_HPNE_T3	HCJY7AFX7_MIxT1XT3_24s001577-1-1_Jeong_lane1T3xiTRU1A43	WW	1	28	del_h1	0010	del_h2	1000	16.2123513683679	0.00961748829969022	0.970588235294118
chrY	11800000	17400000	fastq0024_HPNE_T3	HCJY7AFX7_MIxT1XT3_24s001577-1-1_Jeong_lane1T3xiTRU1A44	WC	1	28	del_h1	0010	complex	0100	27.1669580275536	8.29909784390094	0.970588235294118
chrY	11800000	17400000	fastq0024_HPNE_T3	HCJY7AFX7_MIxT1XT3_24s001577-1-1_Jeong_lane1T3xiTRU1A48	WW	1	28	del_h1	0010	del_h2	1000	18.9082526452113	0.00961748829969045	0.970588235294118
chrY	11800000	17400000	fastq0024_HPNE_T3	HCJY7AFX7_MIxT1XT3_24s001577-1-1_Jeong_lane1T3xiTRU1A50	WW	1	28	del_h1	0010	del_h2	1000	26.321040978122	0.00961748829969045	0.970588235294118
chrY	11800000	17400000	fastq0024_HPNE_T3	HCJY7AFX7_MIxT1XT3_24s001577-1-1_Jeong_lane1T3xiTRU1A55	WW	1	28	del_h1	0010	del_h2	1000	20.0122903001596	0.00961748829969045	0.970588235294118
chrY	11800000	17400000	fastq0024_HPNE_T3	HCJY7AFX7_MIxT1XT3_24s001577-1-1_Jeong_lane1T3xiTRU1A57	WW	1	28	del_h1	0010	del_h2	1000	25.9500681822399	0.00961748829969045	0.970588235294118
chrY	11800000	17400000	fastq0024_HPNE_T3	HCJY7AFX7_MIxT1XT3_24s001577-1-1_Jeong_lane1T3xiTRU1A63	CC	1	28	del_h1	0010	del_h2	1000	26.4832708309021	0.00961748829969045	0.970588235294118
chrY	11800000	17400000	fastq0024_HPNE_T3	HCJY7AFX7_MIxT1XT3_24s001577-1-1_Jeong_lane1T3xiTRU1A64	CC	1	28	del_h1	0010	del_h2	1000	24.117958395215	0.00961748829969022	0.970588235294118
chrY	11800000	17400000	fastq0024_HPNE_T3	HCJY7AFX7_MIxT1XT3_24s001577-1-1_Jeong_lane1T3xiTRU1A65	CC	1	28	del_h1	0010	del_h2	1000	26.2600548854827	0.00961748829969045	0.970588235294118
chrY	11800000	17400000	fastq0024_HPNE_T3	HCJY7AFX7_MIxT1XT3_24s001577-1-1_Jeong_lane1T3xiTRU1A66	WW	1	28	del_h1	0010	del_h2	1000	23.4836049919441	0.00961748829969045	0.970588235294118
chrY	11800000	17400000	fastq0024_HPNE_T3	HCJY7AFX7_MIxT1XT3_24s001577-1-1_Jeong_lane1T3xiTRU1A67	WC	1	28	del_h2	1000	complex	0001	27.1574940316563	8.77527796918997	0.0294117647058824
chrY	11800000	17400000	fastq0024_HPNE_T3	HCJY7AFX7_MIxT1XT3_24s001577-1-1_Jeong_lane1T3xiTRU1A75	CC	1	28	del_h1	0010	del_h2	1000	23.821202687426	0.00961748829969022	0.970588235294118
chrY	11800000	17400000	fastq0024_HPNE_T3	HCJY7AFX7_MIxT1XT3_24s001577-1-1_Jeong_lane1T3xiTRU1A76	?	1	28	del_h1	0010	del_h2	1000	8.41991162674737	0.00961748829969045	0.970588235294118
chrY	11800000	17400000	fastq0024_HPNE_T3	HCJY7AFX7_MIxT1XT3_24s001577-1-1_Jeong_lane1T3xiTRU1A78	WW	1	28	del_h1	0010	del_h2	1000	25.116109973072	0.00961748829969045	0.970588235294118
chrY	11800000	17400000	fastq0024_HPNE_T3	HCJY7AFX7_MIxT1XT3_24s001577-1-1_Jeong_lane1T3xiTRU1A79	CC	1	28	del_h1	0010	del_h2	1000	26.4798101052745	0.00961748829969045	0.970588235294118
chrY	11800000	17400000	fastq0024_HPNE_T3	HCJY7AFX7_MIxT1XT3_24s001577-1-1_Jeong_lane1T3xiTRU1A80	?	1	28	del_h1	0010	del_h2	1000	8.41991162674737	0.00961748829969	0.970588235294118
chrY	11800000	17400000	fastq0024_HPNE_T3	HCJY7AFX7_MIxT1XT3_24s001577-1-1_Jeong_lane1T3xiTRU1A83	CC	1	28	del_h1	0010	del_h2	1000	25.6461385734804	0.00961748829969045	0.970588235294118
chrY	11800000	17400000	fastq0024_HPNE_T3	HCJY7AFX7_MIxT1XT3_24s001577-1-1_Jeong_lane1T3xiTRU1A92	WW	1	28	del_h1	0010	del_h2	1000	26.4839163597574	0.00961748829969045	0.970588235294118
chrY	17400000	18800000	fastq0024_HPNE_T3	HCJY7AFX7_MIxT1XT3_24s001577-1-1_Jeong_lane1T3xiTRU1A02	CC	1	7	del_hom	0000	del_h1	0010	33.9119932957274	15.4560262446149	1
chrY	17400000	18800000	fastq0024_HPNE_T3	HCJY7AFX7_MIxT1XT3_24s001577-1-1_Jeong_lane1T3xiTRU1A05	CC	1	7	del_hom	0000	del_h1	0010	28.2935263662239	9.90713098978304	1
chrY	17400000	18800000	fastq0024_HPNE_T3	HCJY7AFX7_MIxT1XT3_24s001577-1-1_Jeong_lane1T3xiTRU1A08	CC	1	7	del_hom	0000	del_h1	0010	33.9126052147087	17.2094758969519	1
chrY	17400000	18800000	fastq0024_HPNE_T3	HCJY7AFX7_MIxT1XT3_24s001577-1-1_Jeong_lane1T3xiTRU1A10	CC	1	7	del_hom	0000	del_h1	0010	33.9121674069233	15.1608889656763	1
chrY	17400000	18800000	fastq0024_HPNE_T3	HCJY7AFX7_MIxT1XT3_24s001577-1-1_Jeong_lane1T3xiTRU1A16	CC	1	7	del_hom	0000	del_h1	0010	33.9120455567877	15.9881525483255	1
chrY	17400000	18800000	fastq0024_HPNE_T3	HCJY7AFX7_MIxT1XT3_24s001577-1-1_Jeong_lane1T3xiTRU1A20	CC	1	7	del_hom	0000	del_h1	0010	33.9126325788856	20.5502222361648	1
chrY	17400000	18800000	fastq0024_HPNE_T3	HCJY7AFX7_MIxT1XT3_24s001577-1-1_Jeong_lane1T3xiTRU1A21	CC	1	7	del_hom	0000	del_h1	0010	32.1872225501387	11.0598050318192	1
chrY	17400000	18800000	fastq0024_HPNE_T3	HCJY7AFX7_MIxT1XT3_24s001577-1-1_Jeong_lane1T3xiTRU1A25	CC	1	7	del_hom	0000	del_h1	0010	31.7768727712763	10.8556851274151	1
chrY	17400000	18800000	fastq0024_HPNE_T3	HCJY7AFX7_MIxT1XT3_24s001577-1-1_Jeong_lane1T3xiTRU1A27	CC	1	7	del_hom	0000	del_h1	0010	33.9098638696946	15.6723771304991	1
chrY	17400000	18800000	fastq0024_HPNE_T3	HCJY7AFX7_MIxT1XT3_24s001577-1-1_Jeong_lane1T3xiTRU1A34	WW	1	7	del_hom	0000	del_h1	0010	33.9126334063788	23.842681836668	1
chrY	17400000	18800000	fastq0024_HPNE_T3	HCJY7AFX7_MIxT1XT3_24s001577-1-1_Jeong_lane1T3xiTRU1A35	WW	1	7	del_hom	0000	del_h1	0010	33.9123674871792	16.1837654833893	1
chrY	17400000	18800000	fastq0024_HPNE_T3	HCJY7AFX7_MIxT1XT3_24s001577-1-1_Jeong_lane1T3xiTRU1A37	CC	1	7	del_hom	0000	del_h1	0010	32.2480647487128	11.803097912653	1
chrY	17400000	18800000	fastq0024_HPNE_T3	HCJY7AFX7_MIxT1XT3_24s001577-1-1_Jeong_lane1T3xiTRU1A39	WC	1	7	del_hom	0000	del_h1	0010	32.915458622472	12.7678776573799	1
chrY	17400000	18800000	fastq0024_HPNE_T3	HCJY7AFX7_MIxT1XT3_24s001577-1-1_Jeong_lane1T3xiTRU1A40	CC	1	7	del_hom	0000	del_h1	0010	32.8391779732848	12.4755258252156	1
chrY	17400000	18800000	fastq0024_HPNE_T3	HCJY7AFX7_MIxT1XT3_24s001577-1-1_Jeong_lane1T3xiTRU1A41	WW	1	7	del_hom	0000	del_h1	0010	33.8664134608766	16.6540364935452	1
chrY	17400000	18800000	fastq0024_HPNE_T3	HCJY7AFX7_MIxT1XT3_24s001577-1-1_Jeong_lane1T3xiTRU1A42	WW	1	7	del_hom	0000	del_h1	0010	32.903128304242	11.1804643804014	1
chrY	17400000	18800000	fastq0024_HPNE_T3	HCJY7AFX7_MIxT1XT3_24s001577-1-1_Jeong_lane1T3xiTRU1A43	WW	1	7	del_hom	0000	del_h1	0010	28.3360351664051	9.96041818503487	1
chrY	17400000	18800000	fastq0024_HPNE_T3	HCJY7AFX7_MIxT1XT3_24s001577-1-1_Jeong_lane1T3xiTRU1A44	WC	1	7	del_hom	0000	del_h1	0010	32.5241818855623	9.17172607883258	1
chrY	17400000	18800000	fastq0024_HPNE_T3	HCJY7AFX7_MIxT1XT3_24s001577-1-1_Jeong_lane1T3xiTRU1A48	WW	1	7	del_hom	0000	del_h1	0010	33.9124828633897	17.766246345519	1
chrY	17400000	18800000	fastq0024_HPNE_T3	HCJY7AFX7_MIxT1XT3_24s001577-1-1_Jeong_lane1T3xiTRU1A50	WW	1	7	del_hom	0000	del_h1	0010	33.8605512158054	13.0153799547077	1
chrY	17400000	18800000	fastq0024_HPNE_T3	HCJY7AFX7_MIxT1XT3_24s001577-1-1_Jeong_lane1T3xiTRU1A55	WW	1	7	del_hom	0000	del_h1	0010	33.9126145838341	17.6864633749708	1
chrY	17400000	18800000	fastq0024_HPNE_T3	HCJY7AFX7_MIxT1XT3_24s001577-1-1_Jeong_lane1T3xiTRU1A57	WW	1	7	del_hom	0000	del_h1	0010	30.5957803398588	9.75962850744249	1
chrY	17400000	18800000	fastq0024_HPNE_T3	HCJY7AFX7_MIxT1XT3_24s001577-1-1_Jeong_lane1T3xiTRU1A63	CC	1	7	del_hom	0000	del_h1	0010	33.9122633654112	14.5899453508341	1
chrY	17400000	18800000	fastq0024_HPNE_T3	HCJY7AFX7_MIxT1XT3_24s001577-1-1_Jeong_lane1T3xiTRU1A64	CC	1	7	del_hom	0000	del_h1	0010	33.9124814436983	15.9523280046946	1
chrY	17400000	18800000	fastq0024_HPNE_T3	HCJY7AFX7_MIxT1XT3_24s001577-1-1_Jeong_lane1T3xiTRU1A65	CC	1	7	del_hom	0000	del_h1	0010	33.9120890902583	14.5000040190754	1
chrY	17400000	18800000	fastq0024_HPNE_T3	HCJY7AFX7_MIxT1XT3_24s001577-1-1_Jeong_lane1T3xiTRU1A66	WW	1	7	del_hom	0000	del_h1	0010	33.8265083085228	13.142142859823	1
chrY	17400000	18800000	fastq0024_HPNE_T3	HCJY7AFX7_MIxT1XT3_24s001577-1-1_Jeong_lane1T3xiTRU1A67	WC	1	7	del_hom	0000	del_h2	1000	33.9126327852149	20.6173034186332	1
chrY	17400000	18800000	fastq0024_HPNE_T3	HCJY7AFX7_MIxT1XT3_24s001577-1-1_Jeong_lane1T3xiTRU1A75	CC	1	7	del_hom	0000	del_h1	0010	33.900952656392	14.0641549488422	1
chrY	17400000	18800000	fastq0024_HPNE_T3	HCJY7AFX7_MIxT1XT3_24s001577-1-1_Jeong_lane1T3xiTRU1A76	WC	1	7	del_hom	0000	del_h1	0010	33.9126139024738	17.1080014670896	1
chrY	17400000	18800000	fastq0024_HPNE_T3	HCJY7AFX7_MIxT1XT3_24s001577-1-1_Jeong_lane1T3xiTRU1A78	WW	1	7	del_hom	0000	del_h1	0010	33.9111642958842	13.8710400298698	1
chrY	17400000	18800000	fastq0024_HPNE_T3	HCJY7AFX7_MIxT1XT3_24s001577-1-1_Jeong_lane1T3xiTRU1A79	CC	1	7	del_hom	0000	del_h1	0010	33.9126028858548	18.347001413908	1
chrY	17400000	18800000	fastq0024_HPNE_T3	HCJY7AFX7_MIxT1XT3_24s001577-1-1_Jeong_lane1T3xiTRU1A80	WW	1	7	del_hom	0000	del_h1	0010	33.9117174517561	15.5619130132353	1
chrY	17400000	18800000	fastq0024_HPNE_T3	HCJY7AFX7_MIxT1XT3_24s001577-1-1_Jeong_lane1T3xiTRU1A83	CC	1	7	del_hom	0000	del_h1	0010	33.9116063781745	14.5395069848274	1
chrY	17400000	18800000	fastq0024_HPNE_T3	HCJY7AFX7_MIxT1XT3_24s001577-1-1_Jeong_lane1T3xiTRU1A92	WW	1	7	del_hom	0000	del_h1	0010	33.9126334097235	23.9533245772305	1
chrY	18800000	22000000	fastq0024_HPNE_T3	HCJY7AFX7_MIxT1XT3_24s001577-1-1_Jeong_lane1T3xiTRU1A02	CC	1	16	del_h1	0010	del_h2	1000	11.9396378572766	0.0223991390165192	0.941176470588235
chrY	18800000	22000000	fastq0024_HPNE_T3	HCJY7AFX7_MIxT1XT3_24s001577-1-1_Jeong_lane1T3xiTRU1A05	CC	1	16	del_h1	0010	del_h2	1000	11.3132809980087	0.0223991390165192	0.941176470588235
chrY	18800000	22000000	fastq0024_HPNE_T3	HCJY7AFX7_MIxT1XT3_24s001577-1-1_Jeong_lane1T3xiTRU1A08	CC	1	16	del_h1	0010	del_h2	1000	19.1300162093086	0.0223991390165192	0.941176470588235
chrY	18800000	22000000	fastq0024_HPNE_T3	HCJY7AFX7_MIxT1XT3_24s001577-1-1_Jeong_lane1T3xiTRU1A10	CC	1	16	del_h1	0010	del_h2	1000	14.0696163269968	0.0223991390165192	0.941176470588235
chrY	18800000	22000000	fastq0024_HPNE_T3	HCJY7AFX7_MIxT1XT3_24s001577-1-1_Jeong_lane1T3xiTRU1A16	CC	1	16	del_h1	0010	del_h2	1000	9.75717234703098	0.0223991390165192	0.941176470588235
chrY	18800000	22000000	fastq0024_HPNE_T3	HCJY7AFX7_MIxT1XT3_24s001577-1-1_Jeong_lane1T3xiTRU1A20	CC	1	16	del_h1	0010	del_h2	1000	15.4660871356769	0.0223991390165195	0.941176470588235
chrY	18800000	22000000	fastq0024_HPNE_T3	HCJY7AFX7_MIxT1XT3_24s001577-1-1_Jeong_lane1T3xiTRU1A21	CC	1	16	del_h1	0010	del_h2	1000	11.4630229663279	0.0223991390165195	0.941176470588235
chrY	18800000	22000000	fastq0024_HPNE_T3	HCJY7AFX7_MIxT1XT3_24s001577-1-1_Jeong_lane1T3xiTRU1A25	CC	1	16	del_h1	0010	del_h2	1000	11.3668364672142	0.0223991390165192	0.941176470588235
chrY	18800000	22000000	fastq0024_HPNE_T3	HCJY7AFX7_MIxT1XT3_24s001577-1-1_Jeong_lane1T3xiTRU1A27	CC	1	16	del_h1	0010	del_h2	1000	10.6897221053769	0.0223991390165192	0.941176470588235
chrY	18800000	22000000	fastq0024_HPNE_T3	HCJY7AFX7_MIxT1XT3_24s001577-1-1_Jeong_lane1T3xiTRU1A34	WW	1	16	del_h1	0010	del_h2	1000	22.0799916663934	0.0223991390165192	0.941176470588235
chrY	18800000	22000000	fastq0024_HPNE_T3	HCJY7AFX7_MIxT1XT3_24s001577-1-1_Jeong_lane1T3xiTRU1A35	WW	1	16	del_h1	0010	del_h2	1000	15.1082296057753	0.0223991390165192	0.941176470588235
chrY	18800000	22000000	fastq0024_HPNE_T3	HCJY7AFX7_MIxT1XT3_24s001577-1-1_Jeong_lane1T3xiTRU1A37	CC	1	16	del_h1	0010	del_h2	1000	9.79796917347324	0.0223991390165192	0.941176470588235
chrY	18800000	22000000	fastq0024_HPNE_T3	HCJY7AFX7_MIxT1XT3_24s001577-1-1_Jeong_lane1T3xiTRU1A39	WC	1	16	del_h2	1000	del_h1	0010	5.61595507035467	0.743374842512434	0.0588235294117647
chrY	18800000	22000000	fastq0024_HPNE_T3	HCJY7AFX7_MIxT1XT3_24s001577-1-1_Jeong_lane1T3xiTRU1A40	CC	1	16	del_h1	0010	del_h2	1000	6.54655463045797	0.0223991390165192	0.941176470588235
chrY	18800000	22000000	fastq0024_HPNE_T3	HCJY7AFX7_MIxT1XT3_24s001577-1-1_Jeong_lane1T3xiTRU1A41	WW	1	16	del_h1	0010	del_h2	1000	9.4652603786192	0.0223991390165192	0.941176470588235
chrY	18800000	22000000	fastq0024_HPNE_T3	HCJY7AFX7_MIxT1XT3_24s001577-1-1_Jeong_lane1T3xiTRU1A42	WW	1	16	del_h1	0010	del_h2	1000	12.5916199628646	0.0223991390165192	0.941176470588235
chrY	18800000	22000000	fastq0024_HPNE_T3	HCJY7AFX7_MIxT1XT3_24s001577-1-1_Jeong_lane1T3xiTRU1A43	WW	1	16	del_h1	0010	del_h2	1000	9.14469569996935	0.0223991390165192	0.941176470588235
chrY	18800000	22000000	fastq0024_HPNE_T3	HCJY7AFX7_MIxT1XT3_24s001577-1-1_Jeong_lane1T3xiTRU1A44	WC	1	16	del_h1	0010	complex	0100	17.2037677269742	8.13169100679124	0.941176470588235
chrY	18800000	22000000	fastq0024_HPNE_T3	HCJY7AFX7_MIxT1XT3_24s001577-1-1_Jeong_lane1T3xiTRU1A48	WW	1	16	del_h1	0010	del_h2	1000	12.200066417689	0.022399139016519	0.941176470588235
chrY	18800000	22000000	fastq0024_HPNE_T3	HCJY7AFX7_MIxT1XT3_24s001577-1-1_Jeong_lane1T3xiTRU1A50	WW	1	16	del_h1	0010	del_h2	1000	14.9098167609085	0.0223991390165192	0.941176470588235
chrY	18800000	22000000	fastq0024_HPNE_T3	HCJY7AFX7_MIxT1XT3_24s001577-1-1_Jeong_lane1T3xiTRU1A55	WW	1	16	del_h1	0010	del_h2	1000	13.1027869601658	0.0223991390165192	0.941176470588235
chrY	18800000	22000000	fastq0024_HPNE_T3	HCJY7AFX7_MIxT1XT3_24s001577-1-1_Jeong_lane1T3xiTRU1A57	WW	1	16	del_h1	0010	del_h2	1000	13.6212431715352	0.0223991390165192	0.941176470588235
chrY	18800000	22000000	fastq0024_HPNE_T3	HCJY7AFX7_MIxT1XT3_24s001577-1-1_Jeong_lane1T3xiTRU1A63	CC	1	16	del_h1	0010	del_h2	1000	14.557895296498	0.0223991390165192	0.941176470588235
chrY	18800000	22000000	fastq0024_HPNE_T3	HCJY7AFX7_MIxT1XT3_24s001577-1-1_Jeong_lane1T3xiTRU1A64	CC	1	16	del_h1	0010	del_h2	1000	11.2035800819105	0.0223991390165192	0.941176470588235
chrY	18800000	22000000	fastq0024_HPNE_T3	HCJY7AFX7_MIxT1XT3_24s001577-1-1_Jeong_lane1T3xiTRU1A65	CC	1	16	del_h1	0010	del_h2	1000	12.8732212674991	0.0223991390165192	0.941176470588235
chrY	18800000	22000000	fastq0024_HPNE_T3	HCJY7AFX7_MIxT1XT3_24s001577-1-1_Jeong_lane1T3xiTRU1A66	WW	1	16	del_h1	0010	del_h2	1000	14.0356562044261	0.0223991390165192	0.941176470588235
chrY	18800000	22000000	fastq0024_HPNE_T3	HCJY7AFX7_MIxT1XT3_24s001577-1-1_Jeong_lane1T3xiTRU1A67	WC	1	16	del_h2	1000	complex	0001	23.3528086978734	9.50857705192682	0.0588235294117647
chrY	18800000	22000000	fastq0024_HPNE_T3	HCJY7AFX7_MIxT1XT3_24s001577-1-1_Jeong_lane1T3xiTRU1A75	CC	1	16	del_h1	0010	del_h2	1000	12.7485017112026	0.0223991390165192	0.941176470588235
chrY	18800000	22000000	fastq0024_HPNE_T3	HCJY7AFX7_MIxT1XT3_24s001577-1-1_Jeong_lane1T3xiTRU1A76	WC	1	16	del_h1	0010	complex	0100	23.3755192461236	8.13169111305425	0.941176470588235
chrY	18800000	22000000	fastq0024_HPNE_T3	HCJY7AFX7_MIxT1XT3_24s001577-1-1_Jeong_lane1T3xiTRU1A78	WW	1	16	del_h1	0010	del_h2	1000	18.6675715949469	0.0223991390165192	0.941176470588235
chrY	18800000	22000000	fastq0024_HPNE_T3	HCJY7AFX7_MIxT1XT3_24s001577-1-1_Jeong_lane1T3xiTRU1A79	CC	1	16	del_h1	0010	del_h2	1000	19.2817637010714	0.022399139016519	0.941176470588235
chrY	18800000	22000000	fastq0024_HPNE_T3	HCJY7AFX7_MIxT1XT3_24s001577-1-1_Jeong_lane1T3xiTRU1A80	?	1	16	del_h1	0010	del_h2	1000	4.6283268971218	0.0223991390165192	0.941176470588235
chrY	18800000	22000000	fastq0024_HPNE_T3	HCJY7AFX7_MIxT1XT3_24s001577-1-1_Jeong_lane1T3xiTRU1A83	CC	1	16	del_h1	0010	del_h2	1000	13.3340113157665	0.0223991390165192	0.941176470588235
chrY	18800000	22000000	fastq0024_HPNE_T3	HCJY7AFX7_MIxT1XT3_24s001577-1-1_Jeong_lane1T3xiTRU1A92	WW	1	16	del_h1	0010	del_h2	1000	22.1692819190703	0.0223991390165192	0.941176470588235
chrY	22000000	26400000	fastq0024_HPNE_T3	HCJY7AFX7_MIxT1XT3_24s001577-1-1_Jeong_lane1T3xiTRU1A02	CC	1	22	del_hom	0000	del_h1	0010	70.9602211160061	38.2196337724175	1
chrY	22000000	26400000	fastq0024_HPNE_T3	HCJY7AFX7_MIxT1XT3_24s001577-1-1_Jeong_lane1T3xiTRU1A05	CC	1	22	del_hom	0000	del_h1	0010	70.9602211041921	37.8778471667745	1
chrY	22000000	26400000	fastq0024_HPNE_T3	HCJY7AFX7_MIxT1XT3_24s001577-1-1_Jeong_lane1T3xiTRU1A08	CC	1	22	del_hom	0000	del_h1	0010	70.9602211164288	38.2343196780346	1
chrY	22000000	26400000	fastq0024_HPNE_T3	HCJY7AFX7_MIxT1XT3_24s001577-1-1_Jeong_lane1T3xiTRU1A10	CC	1	22	del_hom	0000	del_h1	0010	70.9602211164288	38.2343196077859	1
chrY	22000000	26400000	fastq0024_HPNE_T3	HCJY7AFX7_MIxT1XT3_24s001577-1-1_Jeong_lane1T3xiTRU1A16	CC	1	22	del_hom	0000	del_h1	0010	70.9602211164287	38.2343177966891	1
chrY	22000000	26400000	fastq0024_HPNE_T3	HCJY7AFX7_MIxT1XT3_24s001577-1-1_Jeong_lane1T3xiTRU1A20	CC	1	22	del_hom	0000	del_h1	0010	70.9602211164288	38.2343196780628	1
chrY	22000000	26400000	fastq0024_HPNE_T3	HCJY7AFX7_MIxT1XT3_24s001577-1-1_Jeong_lane1T3xiTRU1A21	WC	1	22	del_hom	0000	del_h1	0010	70.9602211164287	38.2343147104586	1
chrY	22000000	26400000	fastq0024_HPNE_T3	HCJY7AFX7_MIxT1XT3_24s001577-1-1_Jeong_lane1T3xiTRU1A25	CC	1	22	del_hom	0000	del_h1	0010	70.9602211157639	38.2113141044055	1
chrY	22000000	26400000	fastq0024_HPNE_T3	HCJY7AFX7_MIxT1XT3_24s001577-1-1_Jeong_lane1T3xiTRU1A27	CC	1	22	del_hom	0000	del_h1	0010	70.9602211164282	38.2343009401765	1
chrY	22000000	26400000	fastq0024_HPNE_T3	HCJY7AFX7_MIxT1XT3_24s001577-1-1_Jeong_lane1T3xiTRU1A34	WW	1	22	del_hom	0000	del_h1	0010	70.9602211164288	38.2343196780632	1
chrY	22000000	26400000	fastq0024_HPNE_T3	HCJY7AFX7_MIxT1XT3_24s001577-1-1_Jeong_lane1T3xiTRU1A35	WW	1	22	del_hom	0000	del_h1	0010	70.9602211164288	38.2343196754691	1
chrY	22000000	26400000	fastq0024_HPNE_T3	HCJY7AFX7_MIxT1XT3_24s001577-1-1_Jeong_lane1T3xiTRU1A37	CC	1	22	del_hom	0000	del_h1	0010	70.960221061911	37.1668131818473	1
chrY	22000000	26400000	fastq0024_HPNE_T3	HCJY7AFX7_MIxT1XT3_24s001577-1-1_Jeong_lane1T3xiTRU1A39	WC	1	22	del_hom	0000	del_h1	0010	70.9602211164287	38.234313193395	1
chrY	22000000	26400000	fastq0024_HPNE_T3	HCJY7AFX7_MIxT1XT3_24s001577-1-1_Jeong_lane1T3xiTRU1A40	CC	1	22	del_hom	0000	del_h1	0010	70.9602211164283	38.234302720321	1
chrY	22000000	26400000	fastq0024_HPNE_T3	HCJY7AFX7_MIxT1XT3_24s001577-1-1_Jeong_lane1T3xiTRU1A41	WW	1	22	del_hom	0000	del_h1	0010	70.9602210933075	37.6414102093382	1
chrY	22000000	26400000	fastq0024_HPNE_T3	HCJY7AFX7_MIxT1XT3_24s001577-1-1_Jeong_lane1T3xiTRU1A42	WW	1	22	del_hom	0000	del_h1	0010	70.9602211164249	38.2341841983848	1
chrY	22000000	26400000	fastq0024_HPNE_T3	HCJY7AFX7_MIxT1XT3_24s001577-1-1_Jeong_lane1T3xiTRU1A43	WW	1	22	del_hom	0000	del_h1	0010	70.9602211159857	38.2189308112094	1
chrY	22000000	26400000	fastq0024_HPNE_T3	HCJY7AFX7_MIxT1XT3_24s001577-1-1_Jeong_lane1T3xiTRU1A44	WC	1	22	del_hom	0000	del_h1	0010	70.9602211164138	38.2332996014622	1
chrY	22000000	26400000	fastq0024_HPNE_T3	HCJY7AFX7_MIxT1XT3_24s001577-1-1_Jeong_lane1T3xiTRU1A48	WW	1	22	del_hom	0000	del_h1	0010	70.9602211164254	38.2342026119058	1
chrY	22000000	26400000	fastq0024_HPNE_T3	HCJY7AFX7_MIxT1XT3_24s001577-1-1_Jeong_lane1T3xiTRU1A50	WW	1	22	del_hom	0000	del_h1	0010	70.9602211163887	38.2329187989856	1
chrY	22000000	26400000	fastq0024_HPNE_T3	HCJY7AFX7_MIxT1XT3_24s001577-1-1_Jeong_lane1T3xiTRU1A55	?	1	22	del_hom	0000	del_h1	0010	52.2030692171415	20.1703148637644	1
chrY	22000000	26400000	fastq0024_HPNE_T3	HCJY7AFX7_MIxT1XT3_24s001577-1-1_Jeong_lane1T3xiTRU1A57	WW	1	22	del_hom	0000	del_h1	0010	70.9602211164288	38.2343192963776	1
chrY	22000000	26400000	fastq0024_HPNE_T3	HCJY7AFX7_MIxT1XT3_24s001577-1-1_Jeong_lane1T3xiTRU1A63	CC	1	22	del_hom	0000	del_h1	0010	70.9602211164288	38.2343196780559	1
chrY	22000000	26400000	fastq0024_HPNE_T3	HCJY7AFX7_MIxT1XT3_24s001577-1-1_Jeong_lane1T3xiTRU1A64	CC	1	22	del_hom	0000	del_h1	0010	70.9602211164288	38.2343196780342	1
chrY	22000000	26400000	fastq0024_HPNE_T3	HCJY7AFX7_MIxT1XT3_24s001577-1-1_Jeong_lane1T3xiTRU1A65	CC	1	22	del_hom	0000	del_h1	0010	70.9602211164288	38.2343196480838	1
chrY	22000000	26400000	fastq0024_HPNE_T3	HCJY7AFX7_MIxT1XT3_24s001577-1-1_Jeong_lane1T3xiTRU1A66	WW	1	22	del_hom	0000	del_h1	0010	70.9602211164287	38.2343164713701	1
chrY	22000000	26400000	fastq0024_HPNE_T3	HCJY7AFX7_MIxT1XT3_24s001577-1-1_Jeong_lane1T3xiTRU1A67	WC	1	22	del_hom	0000	del_h1	0010	70.9602211164288	38.2343196780632	1
chrY	22000000	26400000	fastq0024_HPNE_T3	HCJY7AFX7_MIxT1XT3_24s001577-1-1_Jeong_lane1T3xiTRU1A75	CC	1	22	del_hom	0000	del_h1	0010	70.9602211164287	38.2343174742457	1
chrY	22000000	26400000	fastq0024_HPNE_T3	HCJY7AFX7_MIxT1XT3_24s001577-1-1_Jeong_lane1T3xiTRU1A76	WC	1	22	del_hom	0000	del_h1	0010	70.9602211164288	38.2343192974742	1
chrY	22000000	26400000	fastq0024_HPNE_T3	HCJY7AFX7_MIxT1XT3_24s001577-1-1_Jeong_lane1T3xiTRU1A78	WW	1	22	del_hom	0000	del_h1	0010	70.9602211164288	38.2343195921396	1
chrY	22000000	26400000	fastq0024_HPNE_T3	HCJY7AFX7_MIxT1XT3_24s001577-1-1_Jeong_lane1T3xiTRU1A79	CC	1	22	del_hom	0000	del_h1	0010	70.9602211164268	38.2342508986739	1
chrY	22000000	26400000	fastq0024_HPNE_T3	HCJY7AFX7_MIxT1XT3_24s001577-1-1_Jeong_lane1T3xiTRU1A80	WC	1	22	del_hom	0000	del_h1	0010	70.9602211164288	38.2343196780632	1
chrY	22000000	26400000	fastq0024_HPNE_T3	HCJY7AFX7_MIxT1XT3_24s001577-1-1_Jeong_lane1T3xiTRU1A83	CC	1	22	del_hom	0000	del_h1	0010	70.9602211164288	38.2343196708237	1
chrY	22000000	26400000	fastq0024_HPNE_T3	HCJY7AFX7_MIxT1XT3_24s001577-1-1_Jeong_lane1T3xiTRU1A92	WW	1	22	del_hom	0000	del_h1	0010	70.9602211164288	38.2343196780632	1
chrY	26800000	56600000	fastq0024_HPNE_T3	HCJY7AFX7_MIxT1XT3_24s001577-1-1_Jeong_lane1T3xiTRU1A02	CC	1	149	del_hom	0000	del_h1	0010	462.28894777212	228.584445762735	1
chrY	26800000	56600000	fastq0024_HPNE_T3	HCJY7AFX7_MIxT1XT3_24s001577-1-1_Jeong_lane1T3xiTRU1A05	CC	1	149	del_hom	0000	complex	0001	462.28894777212	228.584445762735	1
chrY	26800000	56600000	fastq0024_HPNE_T3	HCJY7AFX7_MIxT1XT3_24s001577-1-1_Jeong_lane1T3xiTRU1A08	CC	1	149	del_hom	0000	complex	0100	462.28894777212	228.584445762735	1
chrY	26800000	56600000	fastq0024_HPNE_T3	HCJY7AFX7_MIxT1XT3_24s001577-1-1_Jeong_lane1T3xiTRU1A10	CC	1	149	del_hom	0000	del_h2	1000	462.28894777212	228.584445762735	1
chrY	26800000	56600000	fastq0024_HPNE_T3	HCJY7AFX7_MIxT1XT3_24s001577-1-1_Jeong_lane1T3xiTRU1A16	CC	1	149	del_hom	0000	del_h2	1000	462.28894777212	228.584445762735	1
chrY	26800000	56600000	fastq0024_HPNE_T3	HCJY7AFX7_MIxT1XT3_24s001577-1-1_Jeong_lane1T3xiTRU1A20	CC	1	149	del_hom	0000	del_h1	0010	462.28894777212	228.584445762735	1
chrY	26800000	56600000	fastq0024_HPNE_T3	HCJY7AFX7_MIxT1XT3_24s001577-1-1_Jeong_lane1T3xiTRU1A21	WC	1	149	del_hom	0000	del_h2	1000	462.28894777212	228.584445762735	1
chrY	26800000	56600000	fastq0024_HPNE_T3	HCJY7AFX7_MIxT1XT3_24s001577-1-1_Jeong_lane1T3xiTRU1A25	CC	1	149	del_hom	0000	del_h2	1000	462.28894777212	228.584445762735	1
chrY	26800000	56600000	fastq0024_HPNE_T3	HCJY7AFX7_MIxT1XT3_24s001577-1-1_Jeong_lane1T3xiTRU1A27	CC	1	149	del_hom	0000	complex	0001	462.28894777212	228.584445762735	1
chrY	26800000	56600000	fastq0024_HPNE_T3	HCJY7AFX7_MIxT1XT3_24s001577-1-1_Jeong_lane1T3xiTRU1A34	WW	1	149	del_hom	0000	complex	0100	462.28894777212	228.584445762735	1
chrY	26800000	56600000	fastq0024_HPNE_T3	HCJY7AFX7_MIxT1XT3_24s001577-1-1_Jeong_lane1T3xiTRU1A35	WW	1	149	del_hom	0000	complex	0100	462.28894777212	228.584445762735	1
chrY	26800000	56600000	fastq0024_HPNE_T3	HCJY7AFX7_MIxT1XT3_24s001577-1-1_Jeong_lane1T3xiTRU1A37	CC	1	149	del_hom	0000	del_h2	1000	462.28894777212	228.584445762735	1
chrY	26800000	56600000	fastq0024_HPNE_T3	HCJY7AFX7_MIxT1XT3_24s001577-1-1_Jeong_lane1T3xiTRU1A39	WC	1	149	del_hom	0000	complex	0001	462.28894777212	228.584445762735	1
chrY	26800000	56600000	fastq0024_HPNE_T3	HCJY7AFX7_MIxT1XT3_24s001577-1-1_Jeong_lane1T3xiTRU1A40	CC	1	149	del_hom	0000	complex	0100	462.28894777212	228.584445762735	1
chrY	26800000	56600000	fastq0024_HPNE_T3	HCJY7AFX7_MIxT1XT3_24s001577-1-1_Jeong_lane1T3xiTRU1A41	WW	1	149	del_hom	0000	complex	0100	462.28894777212	228.584445762735	1
chrY	26800000	56600000	fastq0024_HPNE_T3	HCJY7AFX7_MIxT1XT3_24s001577-1-1_Jeong_lane1T3xiTRU1A42	WW	1	149	del_hom	0000	complex	0100	462.28894777212	228.584445762735	1
chrY	26800000	56600000	fastq0024_HPNE_T3	HCJY7AFX7_MIxT1XT3_24s001577-1-1_Jeong_lane1T3xiTRU1A43	WW	1	149	del_hom	0000	complex	0001	462.28894777212	228.584445762735	1
chrY	26800000	56600000	fastq0024_HPNE_T3	HCJY7AFX7_MIxT1XT3_24s001577-1-1_Jeong_lane1T3xiTRU1A44	WC	1	149	del_hom	0000	complex	0001	462.28894777212	228.584445762735	1
chrY	26800000	56600000	fastq0024_HPNE_T3	HCJY7AFX7_MIxT1XT3_24s001577-1-1_Jeong_lane1T3xiTRU1A48	WW	1	149	del_hom	0000	complex	0100	462.28894777212	228.584445762735	1
chrY	26800000	56600000	fastq0024_HPNE_T3	HCJY7AFX7_MIxT1XT3_24s001577-1-1_Jeong_lane1T3xiTRU1A50	WW	1	149	del_hom	0000	del_h2	1000	462.28894777212	228.584445762735	1
chrY	26800000	56600000	fastq0024_HPNE_T3	HCJY7AFX7_MIxT1XT3_24s001577-1-1_Jeong_lane1T3xiTRU1A55	WC	1	149	del_hom	0000	complex	0100	462.28894777212	228.584445762735	1
chrY	26800000	56600000	fastq0024_HPNE_T3	HCJY7AFX7_MIxT1XT3_24s001577-1-1_Jeong_lane1T3xiTRU1A57	WW	1	149	del_hom	0000	del_h2	1000	462.28894777212	228.584445762735	1
chrY	26800000	56600000	fastq0024_HPNE_T3	HCJY7AFX7_MIxT1XT3_24s001577-1-1_Jeong_lane1T3xiTRU1A63	CC	1	149	del_hom	0000	complex	0100	462.28894777212	228.584445762735	1
chrY	26800000	56600000	fastq0024_HPNE_T3	HCJY7AFX7_MIxT1XT3_24s001577-1-1_Jeong_lane1T3xiTRU1A64	CC	1	149	del_hom	0000	complex	0001	462.28894777212	228.584445762735	1
chrY	26800000	56600000	fastq0024_HPNE_T3	HCJY7AFX7_MIxT1XT3_24s001577-1-1_Jeong_lane1T3xiTRU1A65	CC	1	149	del_hom	0000	del_h2	1000	462.28894777212	228.584445762735	1
chrY	26800000	56600000	fastq0024_HPNE_T3	HCJY7AFX7_MIxT1XT3_24s001577-1-1_Jeong_lane1T3xiTRU1A66	WW	1	149	del_hom	0000	complex	0100	462.28894777212	228.584445762735	1
chrY	26800000	56600000	fastq0024_HPNE_T3	HCJY7AFX7_MIxT1XT3_24s001577-1-1_Jeong_lane1T3xiTRU1A67	WC	1	149	del_hom	0000	del_h2	1000	462.28894777212	228.584445762735	1
chrY	26800000	56600000	fastq0024_HPNE_T3	HCJY7AFX7_MIxT1XT3_24s001577-1-1_Jeong_lane1T3xiTRU1A75	CC	1	149	del_hom	0000	del_h2	1000	462.28894777212	228.584445762735	1
chrY	26800000	56600000	fastq0024_HPNE_T3	HCJY7AFX7_MIxT1XT3_24s001577-1-1_Jeong_lane1T3xiTRU1A76	WC	1	149	del_hom	0000	complex	0001	462.28894777212	228.584445762735	1
chrY	26800000	56600000	fastq0024_HPNE_T3	HCJY7AFX7_MIxT1XT3_24s001577-1-1_Jeong_lane1T3xiTRU1A78	WW	1	149	del_hom	0000	complex	0100	462.28894777212	228.584445762735	1
chrY	26800000	56600000	fastq0024_HPNE_T3	HCJY7AFX7_MIxT1XT3_24s001577-1-1_Jeong_lane1T3xiTRU1A79	CC	1	149	del_hom	0000	complex	0001	462.28894777212	228.584445762735	1
chrY	26800000	56600000	fastq0024_HPNE_T3	HCJY7AFX7_MIxT1XT3_24s001577-1-1_Jeong_lane1T3xiTRU1A80	WC	1	149	del_hom	0000	del_h1	0010	462.28894777212	228.584445762735	1
chrY	26800000	56600000	fastq0024_HPNE_T3	HCJY7AFX7_MIxT1XT3_24s001577-1-1_Jeong_lane1T3xiTRU1A83	CC	1	149	del_hom	0000	del_h2	1000	462.28894777212	228.584445762735	1
chrY	26800000	56600000	fastq0024_HPNE_T3	HCJY7AFX7_MIxT1XT3_24s001577-1-1_Jeong_lane1T3xiTRU1A92	WW	1	149	del_hom	0000	del_h1	0010	462.28894777212	228.584445762735	1
chrY	56800000	57000000	fastq0024_HPNE_T3	HCJY7AFX7_MIxT1XT3_24s001577-1-1_Jeong_lane1T3xiTRU1A02	CC	1	1	idup_h1	1110	idup_h2	1011	5.73485469430277	0.0378449103751599	0.764705882352941
chrY	56800000	57000000	fastq0024_HPNE_T3	HCJY7AFX7_MIxT1XT3_24s001577-1-1_Jeong_lane1T3xiTRU1A05	CC	1	1	idup_h1	1110	idup_h2	1011	5.03793827648662	0.0378449103751599	0.764705882352941
chrY	56800000	57000000	fastq0024_HPNE_T3	HCJY7AFX7_MIxT1XT3_24s001577-1-1_Jeong_lane1T3xiTRU1A08	CC	1	1	idup_h1	1110	idup_h2	1011	6.23693253036689	0.0378449103751599	0.764705882352941
chrY	56800000	57000000	fastq0024_HPNE_T3	HCJY7AFX7_MIxT1XT3_24s001577-1-1_Jeong_lane1T3xiTRU1A10	CC	1	1	idup_h1	1110	idup_h2	1011	5.92204372681629	0.0378449103751599	0.764705882352941
chrY	56800000	57000000	fastq0024_HPNE_T3	HCJY7AFX7_MIxT1XT3_24s001577-1-1_Jeong_lane1T3xiTRU1A16	CC	1	1	idup_h1	1110	idup_h2	1011	5.74106105600038	0.0378449103751599	0.764705882352941
chrY	56800000	57000000	fastq0024_HPNE_T3	HCJY7AFX7_MIxT1XT3_24s001577-1-1_Jeong_lane1T3xiTRU1A20	CC	1	1	idup_h1	1110	idup_h2	1011	6.942867580439	0.0378449103751599	0.764705882352941
chrY	56800000	57000000	fastq0024_HPNE_T3	HCJY7AFX7_MIxT1XT3_24s001577-1-1_Jeong_lane1T3xiTRU1A25	CC	1	1	idup_h1	1110	idup_h2	1011	5.41152823027393	0.0378449103751599	0.764705882352941
chrY	56800000	57000000	fastq0024_HPNE_T3	HCJY7AFX7_MIxT1XT3_24s001577-1-1_Jeong_lane1T3xiTRU1A27	CC	1	1	idup_h1	1110	idup_h2	1011	4.49910849845518	0.0378449103751599	0.764705882352941
chrY	56800000	57000000	fastq0024_HPNE_T3	HCJY7AFX7_MIxT1XT3_24s001577-1-1_Jeong_lane1T3xiTRU1A34	WW	1	1	idup_h1	1110	idup_h2	1011	7.10446684171087	0.0378449103751599	0.764705882352941
chrY	56800000	57000000	fastq0024_HPNE_T3	HCJY7AFX7_MIxT1XT3_24s001577-1-1_Jeong_lane1T3xiTRU1A35	WW	1	1	idup_h1	1110	idup_h2	1011	5.20270741446304	0.0378449103751599	0.764705882352941
chrY	56800000	57000000	fastq0024_HPNE_T3	HCJY7AFX7_MIxT1XT3_24s001577-1-1_Jeong_lane1T3xiTRU1A37	CC	1	1	idup_h1	1110	idup_h2	1011	5.19815980584617	0.0378449103751599	0.764705882352941
chrY	56800000	57000000	fastq0024_HPNE_T3	HCJY7AFX7_MIxT1XT3_24s001577-1-1_Jeong_lane1T3xiTRU1A40	CC	1	1	idup_h1	1110	idup_h2	1011	4.97053475572954	0.0378449103751599	0.764705882352941
chrY	56800000	57000000	fastq0024_HPNE_T3	HCJY7AFX7_MIxT1XT3_24s001577-1-1_Jeong_lane1T3xiTRU1A41	WW	1	1	idup_h1	1110	idup_h2	1011	5.06356799287361	0.0378449103751599	0.764705882352941
chrY	56800000	57000000	fastq0024_HPNE_T3	HCJY7AFX7_MIxT1XT3_24s001577-1-1_Jeong_lane1T3xiTRU1A42	WW	1	1	idup_h1	1110	idup_h2	1011	4.8101333197891	0.0378449103751599	0.764705882352941
chrY	56800000	57000000	fastq0024_HPNE_T3	HCJY7AFX7_MIxT1XT3_24s001577-1-1_Jeong_lane1T3xiTRU1A43	WW	1	1	idup_h1	1110	idup_h2	1011	4.4979713351614	0.0378449103751599	0.764705882352941
chrY	56800000	57000000	fastq0024_HPNE_T3	HCJY7AFX7_MIxT1XT3_24s001577-1-1_Jeong_lane1T3xiTRU1A44	WC	1	1	dup_hom	2020	idup_h1	1110	4.23646685614358	1.04384470549741	0.147058823529412
chrY	56800000	57000000	fastq0024_HPNE_T3	HCJY7AFX7_MIxT1XT3_24s001577-1-1_Jeong_lane1T3xiTRU1A48	WW	1	1	idup_h1	1110	idup_h2	1011	5.02298856005634	0.0378449103751599	0.764705882352941
chrY	56800000	57000000	fastq0024_HPNE_T3	HCJY7AFX7_MIxT1XT3_24s001577-1-1_Jeong_lane1T3xiTRU1A50	WW	1	1	idup_h1	1110	idup_h2	1011	5.86722899456499	0.0378449103751599	0.764705882352941
chrY	56800000	57000000	fastq0024_HPNE_T3	HCJY7AFX7_MIxT1XT3_24s001577-1-1_Jeong_lane1T3xiTRU1A55	WC	1	1	dup_hom	2020	idup_h1	1110	4.47798876865394	0.872826803020564	0.147058823529412
chrY	56800000	57000000	fastq0024_HPNE_T3	HCJY7AFX7_MIxT1XT3_24s001577-1-1_Jeong_lane1T3xiTRU1A57	WW	1	1	idup_h1	1110	idup_h2	1011	5.14658367529333	0.0378449103751599	0.764705882352941
chrY	56800000	57000000	fastq0024_HPNE_T3	HCJY7AFX7_MIxT1XT3_24s001577-1-1_Jeong_lane1T3xiTRU1A63	CC	1	1	idup_h1	1110	idup_h2	1011	6.30436747043928	0.0378449103751599	0.764705882352941
chrY	56800000	57000000	fastq0024_HPNE_T3	HCJY7AFX7_MIxT1XT3_24s001577-1-1_Jeong_lane1T3xiTRU1A64	CC	1	1	idup_h1	1110	idup_h2	1011	5.68472177238748	0.037844910375159	0.764705882352941
chrY	56800000	57000000	fastq0024_HPNE_T3	HCJY7AFX7_MIxT1XT3_24s001577-1-1_Jeong_lane1T3xiTRU1A65	CC	1	1	idup_h1	1110	idup_h2	1011	6.13122306556258	0.0378449103751599	0.764705882352941
chrY	56800000	57000000	fastq0024_HPNE_T3	HCJY7AFX7_MIxT1XT3_24s001577-1-1_Jeong_lane1T3xiTRU1A66	WW	1	1	idup_h1	1110	idup_h2	1011	5.65008009692615	0.037844910375159	0.764705882352941
chrY	56800000	57000000	fastq0024_HPNE_T3	HCJY7AFX7_MIxT1XT3_24s001577-1-1_Jeong_lane1T3xiTRU1A67	WC	1	1	dup_hom	2020	idup_h1	1110	4.74861465828105	1.2999186522098	0.147058823529412
chrY	56800000	57000000	fastq0024_HPNE_T3	HCJY7AFX7_MIxT1XT3_24s001577-1-1_Jeong_lane1T3xiTRU1A75	CC	1	1	idup_h1	1110	idup_h2	1011	5.51176710890097	0.037844910375159	0.764705882352941
chrY	56800000	57000000	fastq0024_HPNE_T3	HCJY7AFX7_MIxT1XT3_24s001577-1-1_Jeong_lane1T3xiTRU1A76	WC	1	1	dup_hom	2020	idup_h2	1011	5.04769846487945	1.3796606557281	0.147058823529412
chrY	56800000	57000000	fastq0024_HPNE_T3	HCJY7AFX7_MIxT1XT3_24s001577-1-1_Jeong_lane1T3xiTRU1A78	WW	1	1	idup_h1	1110	idup_h2	1011	6.18314460574866	0.0378449103751599	0.764705882352941
chrY	56800000	57000000	fastq0024_HPNE_T3	HCJY7AFX7_MIxT1XT3_24s001577-1-1_Jeong_lane1T3xiTRU1A79	CC	1	1	idup_h1	1110	idup_h2	1011	5.66943826350229	0.0378449103751599	0.764705882352941
chrY	56800000	57000000	fastq0024_HPNE_T3	HCJY7AFX7_MIxT1XT3_24s001577-1-1_Jeong_lane1T3xiTRU1A80	WC	1	1	dup_hom	2020	idup_h1	1110	5.09674300006987	1.47398287201887	0.147058823529412
chrY	56800000	57000000	fastq0024_HPNE_T3	HCJY7AFX7_MIxT1XT3_24s001577-1-1_Jeong_lane1T3xiTRU1A83	CC	1	1	idup_h1	1110	idup_h2	1011	6.71729295052095	0.0378449103751599	0.764705882352941
chrY	56800000	57000000	fastq0024_HPNE_T3	HCJY7AFX7_MIxT1XT3_24s001577-1-1_Jeong_lane1T3xiTRU1A92	WW	1	1	complex	0022	complex	1111	10.5345310172966	0	0.0294117647058824
chrY	57000000	57227415	fastq0024_HPNE_T3	HCJY7AFX7_MIxT1XT3_24s001577-1-1_Jeong_lane1T3xiTRU1A02	CC	1	2	del_hom	0000	del_h1	0010	17.8497109790464	9.14519631998136	1
chrY	57000000	57227415	fastq0024_HPNE_T3	HCJY7AFX7_MIxT1XT3_24s001577-1-1_Jeong_lane1T3xiTRU1A05	CC	1	2	del_hom	0000	del_h1	0010	14.0011411102593	7.32207151790032	1
chrY	57000000	57227415	fastq0024_HPNE_T3	HCJY7AFX7_MIxT1XT3_24s001577-1-1_Jeong_lane1T3xiTRU1A08	CC	1	2	del_hom	0000	del_h2	1000	19.8463798355448	10.0917565544024	1
chrY	57000000	57227415	fastq0024_HPNE_T3	HCJY7AFX7_MIxT1XT3_24s001577-1-1_Jeong_lane1T3xiTRU1A10	CC	1	2	del_hom	0000	del_h2	1000	19.8936744385228	10.1142024402965	1
chrY	57000000	57227415	fastq0024_HPNE_T3	HCJY7AFX7_MIxT1XT3_24s001577-1-1_Jeong_lane1T3xiTRU1A16	CC	1	2	del_hom	0000	del_h1	0010	18.2071633789097	9.31456778283422	1
chrY	57000000	57227415	fastq0024_HPNE_T3	HCJY7AFX7_MIxT1XT3_24s001577-1-1_Jeong_lane1T3xiTRU1A20	CC	1	2	del_hom	0000	del_h1	0010	24.3210256464363	12.2957797169462	1
chrY	57000000	57227415	fastq0024_HPNE_T3	HCJY7AFX7_MIxT1XT3_24s001577-1-1_Jeong_lane1T3xiTRU1A21	WC	1	2	del_hom	0000	del_h2	1000	16.1841565422376	8.35615161545502	1
chrY	57000000	57227415	fastq0024_HPNE_T3	HCJY7AFX7_MIxT1XT3_24s001577-1-1_Jeong_lane1T3xiTRU1A25	CC	1	2	del_hom	0000	del_h1	0010	15.371557873813	7.97122379811934	1
chrY	57000000	57227415	fastq0024_HPNE_T3	HCJY7AFX7_MIxT1XT3_24s001577-1-1_Jeong_lane1T3xiTRU1A27	CC	1	2	del_hom	0000	del_h2	1000	16.1804388051712	8.35439049758021	1
chrY	57000000	57227415	fastq0024_HPNE_T3	HCJY7AFX7_MIxT1XT3_24s001577-1-1_Jeong_lane1T3xiTRU1A34	WW	1	2	del_hom	0000	del_h1	0010	26.0186192916458	14.1065902605179	1
chrY	57000000	57227415	fastq0024_HPNE_T3	HCJY7AFX7_MIxT1XT3_24s001577-1-1_Jeong_lane1T3xiTRU1A35	WW	1	2	del_hom	0000	del_h2	1000	18.3382081684157	9.37666581743612	1
chrY	57000000	57227415	fastq0024_HPNE_T3	HCJY7AFX7_MIxT1XT3_24s001577-1-1_Jeong_lane1T3xiTRU1A37	CC	1	2	del_hom	0000	del_h2	1000	14.5798305872679	7.59618957965198	1
chrY	57000000	57227415	fastq0024_HPNE_T3	HCJY7AFX7_MIxT1XT3_24s001577-1-1_Jeong_lane1T3xiTRU1A39	WC	1	2	del_hom	0000	del_h2	1000	15.2250933095142	7.90184447367684	1
chrY	57000000	57227415	fastq0024_HPNE_T3	HCJY7AFX7_MIxT1XT3_24s001577-1-1_Jeong_lane1T3xiTRU1A40	CC	1	2	del_hom	0000	del_h2	1000	15.0302221674251	7.80953555066203	1
chrY	57000000	57227415	fastq0024_HPNE_T3	HCJY7AFX7_MIxT1XT3_24s001577-1-1_Jeong_lane1T3xiTRU1A41	WW	1	2	del_hom	0000	del_h1	0010	13.8595993682351	7.25502509500897	1
chrY	57000000	57227415	fastq0024_HPNE_T3	HCJY7AFX7_MIxT1XT3_24s001577-1-1_Jeong_lane1T3xiTRU1A42	WW	1	2	del_hom	0000	del_h1	0010	16.2752246737191	8.39929132346593	1
chrY	57000000	57227415	fastq0024_HPNE_T3	HCJY7AFX7_MIxT1XT3_24s001577-1-1_Jeong_lane1T3xiTRU1A43	WW	1	2	del_hom	0000	del_h2	1000	13.3267916586724	7.0026415902721	1
chrY	57000000	57227415	fastq0024_HPNE_T3	HCJY7AFX7_MIxT1XT3_24s001577-1-1_Jeong_lane1T3xiTRU1A44	WC	1	2	del_hom	0000	del_h1	0010	15.3227808598945	7.94811841695698	1
chrY	57000000	57227415	fastq0024_HPNE_T3	HCJY7AFX7_MIxT1XT3_24s001577-1-1_Jeong_lane1T3xiTRU1A48	WW	1	2	del_hom	0000	del_h2	1000	16.3072488270579	8.41446147141554	1
chrY	57000000	57227415	fastq0024_HPNE_T3	HCJY7AFX7_MIxT1XT3_24s001577-1-1_Jeong_lane1T3xiTRU1A50	WW	1	2	del_hom	0000	del_h1	0010	16.9319983271243	8.71041782306079	1
chrY	57000000	57227415	fastq0024_HPNE_T3	HCJY7AFX7_MIxT1XT3_24s001577-1-1_Jeong_lane1T3xiTRU1A55	WC	1	2	del_hom	0000	del_h1	0010	20.1708696980095	10.2458041502825	1
chrY	57000000	57227415	fastq0024_HPNE_T3	HCJY7AFX7_MIxT1XT3_24s001577-1-1_Jeong_lane1T3xiTRU1A57	WW	1	2	del_hom	0000	del_h2	1000	15.7974288769237	8.17295752450209	1
chrY	57000000	57227415	fastq0024_HPNE_T3	HCJY7AFX7_MIxT1XT3_24s001577-1-1_Jeong_lane1T3xiTRU1A63	CC	1	2	del_hom	0000	del_h1	0010	21.449248061447	10.8545602965777	1
chrY	57000000	57227415	fastq0024_HPNE_T3	HCJY7AFX7_MIxT1XT3_24s001577-1-1_Jeong_lane1T3xiTRU1A64	CC	1	2	del_hom	0000	del_h2	1000	18.9852239604773	9.6833262232949	1
chrY	57000000	57227415	fastq0024_HPNE_T3	HCJY7AFX7_MIxT1XT3_24s001577-1-1_Jeong_lane1T3xiTRU1A65	CC	1	2	del_hom	0000	del_h1	0010	20.0873755106665	10.2061554195026	1
chrY	57000000	57227415	fastq0024_HPNE_T3	HCJY7AFX7_MIxT1XT3_24s001577-1-1_Jeong_lane1T3xiTRU1A66	WW	1	2	del_hom	0000	del_h2	1000	16.2760195804798	8.3996678780929	1
chrY	57000000	57227415	fastq0024_HPNE_T3	HCJY7AFX7_MIxT1XT3_24s001577-1-1_Jeong_lane1T3xiTRU1A67	WC	1	2	del_hom	0000	del_h2	1000	20.1609580207982	10.2410969729577	1
chrY	57000000	57227415	fastq0024_HPNE_T3	HCJY7AFX7_MIxT1XT3_24s001577-1-1_Jeong_lane1T3xiTRU1A75	CC	1	2	del_hom	0000	del_h1	0010	16.9072387830193	8.69868843949309	1
chrY	57000000	57227415	fastq0024_HPNE_T3	HCJY7AFX7_MIxT1XT3_24s001577-1-1_Jeong_lane1T3xiTRU1A76	WC	1	2	del_hom	0000	del_h2	1000	18.0677744832244	9.24851899122759	1
chrY	57000000	57227415	fastq0024_HPNE_T3	HCJY7AFX7_MIxT1XT3_24s001577-1-1_Jeong_lane1T3xiTRU1A78	WW	1	2	del_hom	0000	del_h2	1000	19.6149048671234	9.9819263333462	1
chrY	57000000	57227415	fastq0024_HPNE_T3	HCJY7AFX7_MIxT1XT3_24s001577-1-1_Jeong_lane1T3xiTRU1A79	CC	1	2	del_hom	0000	del_h1	0010	17.8557756108817	9.14806977502044	1
chrY	57000000	57227415	fastq0024_HPNE_T3	HCJY7AFX7_MIxT1XT3_24s001577-1-1_Jeong_lane1T3xiTRU1A80	WC	1	2	del_hom	0000	del_h1	0010	17.9209566129547	9.17895317091911	1
chrY	57000000	57227415	fastq0024_HPNE_T3	HCJY7AFX7_MIxT1XT3_24s001577-1-1_Jeong_lane1T3xiTRU1A83	CC	1	2	del_hom	0000	del_h1	0010	19.4403464998366	9.89912756370018	1
chrY	57000000	57227415	fastq0024_HPNE_T3	HCJY7AFX7_MIxT1XT3_24s001577-1-1_Jeong_lane1T3xiTRU1A92	WW	1	2	del_hom	0000	del_h1	0010	26.1206173962116	15.8039634309971	1
