chrom	start	end	sample	cell	class	scalar	num_bins	sv_call_name	sv_call_haplotype	sv_call_name_2nd	sv_call_haplotype_2nd	llr_to_ref	llr_to_2nd	af
chr1	4800000	12800000	fastq0023_HPNE_T1	HCJY7AFX7_MIxT1XT3_24s001577-1-1_Jeong_lane1T1xiTRU3C18	CC	1	39	dup_h2	1020	dup_h1	2010	4.29117433818439	2.74920253805183	0.21875
chr1	4800000	12800000	fastq0023_HPNE_T1	HCJY7AFX7_MIxT1XT3_24s001577-1-1_Jeong_lane1T1xiTRU3C27	CC	1	39	del_h2	1000	del_h1	0010	6.49911968361467	5.99146454710685	0.03125
chr1	4800000	12800000	fastq0023_HPNE_T1	HCJY7AFX7_MIxT1XT3_24s001577-1-1_Jeong_lane1T1xiTRU3C59	WW	1	39	dup_h1	2010	dup_h2	1020	5.09951141501787	0.0233861841879532	0.15625
chr1	4800000	12800000	fastq0023_HPNE_T1	HCJY7AFX7_MIxT1XT3_24s001577-1-1_Jeong_lane1T1xiTRU3C61	CC	1	39	dup_h2	1020	dup_h1	2010	4.99800955722238	1.36290817693194	0.21875
chr1	4800000	12800000	fastq0023_HPNE_T1	HCJY7AFX7_MIxT1XT3_24s001577-1-1_Jeong_lane1T1xiTRU3C69	CC	1	39	dup_h2	1020	complex	0030	6.90942505173561	1.60190416947984	0.21875
chr1	4800000	12800000	fastq0023_HPNE_T1	HCJY7AFX7_MIxT1XT3_24s001577-1-1_Jeong_lane1T1xiTRU3C75	CW	1	39	dup_hom	2020	dup_h2	1020	7.68912681369854	2.66892980850408	0.0625
chr1	4800000	12800000	fastq0023_HPNE_T1	HCJY7AFX7_MIxT1XT3_24s001577-1-1_Jeong_lane1T1xiTRU3C76	CW	1	39	dup_hom	2020	dup_h2	1020	10.652677593863	1.36262551854242	0.0625
chr1	4800000	12800000	fastq0023_HPNE_T1	HCJY7AFX7_MIxT1XT3_24s001577-1-1_Jeong_lane1T1xiTRU3C81	WW	1	39	dup_h2	1020	dup_h1	2010	10.9044093432328	4.13549689917172	0.21875
chr1	4800000	12800000	fastq0023_HPNE_T1	HCJY7AFX7_MIxT1XT3_24s001577-1-1_Jeong_lane1T1xiTRU3C83	WW	1	39	dup_h2	1020	dup_h1	2010	5.18276289500495	1.36290817693194	0.21875
chr1	4800000	12800000	fastq0023_HPNE_T1	HCJY7AFX7_MIxT1XT3_24s001577-1-1_Jeong_lane1T1xiTRU3C85	CW	1	39	dup_h2	1020	ref_hom	1010	4.06027451617475	4.06027451617475	0.21875
chr1	4800000	12800000	fastq0023_HPNE_T1	HCJY7AFX7_MIxT1XT3_24s001577-1-1_Jeong_lane1T1xiTRU3C87	CC	1	39	dup_h1	2010	dup_h2	1020	18.3284994717796	2.79597490642773	0.15625
chr1	4800000	12800000	fastq0023_HPNE_T1	HCJY7AFX7_MIxT1XT3_24s001577-1-1_Jeong_lane1T1xiTRU3C89	WW	1	39	dup_h1	2010	dup_h2	1020	4.91156491326632	0.0233861841879532	0.15625
chr1	4800000	12800000	fastq0023_HPNE_T1	HCJY7AFX7_MIxT1XT3_24s001577-1-1_Jeong_lane1T1xiTRU3C90	CW	1	39	dup_h1	2010	dup_hom	2020	5.04640341780148	3.60784873194062	0.15625
chr1	4800000	12800000	fastq0023_HPNE_T1	HCJY7AFX7_MIxT1XT3_24s001577-1-1_Jeong_lane1T1xiTRU3C91	WW	1	39	dup_h1	2010	dup_h2	1020	13.0887629763775	1.40968054530784	0.15625
chr1	4800000	12800000	fastq0023_HPNE_T1	HCJY7AFX7_MIxT1XT3_24s001577-1-1_Jeong_lane1T1xiTRU3C95	CW	1	39	dup_h2	1020	dup_hom	2020	7.83786761100017	5.97442186891526	0.21875
chr1	13400000	25000000	fastq0023_HPNE_T1	HCJY7AFX7_MIxT1XT3_24s001577-1-1_Jeong_lane1T1xiTRU3C16	CC	1	56	dup_h1	2010	dup_h2	1020	7.70230062529521	6.92806574502691	0.09375
chr1	13400000	25000000	fastq0023_HPNE_T1	HCJY7AFX7_MIxT1XT3_24s001577-1-1_Jeong_lane1T1xiTRU3C18	CC	1	56	dup_h2	1020	dup_h1	2010	5.31297625836573	2.77599478281233	0.21875
chr1	13400000	25000000	fastq0023_HPNE_T1	HCJY7AFX7_MIxT1XT3_24s001577-1-1_Jeong_lane1T1xiTRU3C27	CC	1	56	del_h1	0010	del_h2	1000	12.5690323557791	5.99146454710798	0.03125
chr1	13400000	25000000	fastq0023_HPNE_T1	HCJY7AFX7_MIxT1XT3_24s001577-1-1_Jeong_lane1T1xiTRU3C52	WW	1	56	dup_h2	1020	dup_h1	2010	5.3438934222686	0.00340606057254922	0.21875
chr1	13400000	25000000	fastq0023_HPNE_T1	HCJY7AFX7_MIxT1XT3_24s001577-1-1_Jeong_lane1T1xiTRU3C59	WW	1	56	dup_h2	1020	dup_h1	2010	8.03547478391082	0.00340606057254966	0.21875
chr1	13400000	25000000	fastq0023_HPNE_T1	HCJY7AFX7_MIxT1XT3_24s001577-1-1_Jeong_lane1T1xiTRU3C75	CW	1	56	dup_hom	2020	dup_h2	1020	9.38764711087562	0.0894957956803282	0.09375
chr1	13400000	25000000	fastq0023_HPNE_T1	HCJY7AFX7_MIxT1XT3_24s001577-1-1_Jeong_lane1T1xiTRU3C76	CW	1	56	dup_hom	2020	dup_h2	1020	9.90295220611818	1.97907416462438	0.09375
chr1	13400000	25000000	fastq0023_HPNE_T1	HCJY7AFX7_MIxT1XT3_24s001577-1-1_Jeong_lane1T1xiTRU3C81	WW	1	56	dup_h2	1020	dup_h1	2010	14.6465092331938	4.16228914393222	0.21875
chr1	13400000	25000000	fastq0023_HPNE_T1	HCJY7AFX7_MIxT1XT3_24s001577-1-1_Jeong_lane1T1xiTRU3C83	WW	1	56	dup_h1	2010	dup_h2	1020	4.93323354233222	0.689741119987398	0.09375
chr1	13400000	25000000	fastq0023_HPNE_T1	HCJY7AFX7_MIxT1XT3_24s001577-1-1_Jeong_lane1T1xiTRU3C84	CW	1	56	dup_h2	1020	ref_hom	1010	4.55326406737588	4.55326406737588	0.21875
chr1	13400000	25000000	fastq0023_HPNE_T1	HCJY7AFX7_MIxT1XT3_24s001577-1-1_Jeong_lane1T1xiTRU3C87	CC	1	56	dup_h2	1020	dup_h1	2010	15.865203570011	2.08284760225238	0.21875
chr1	13400000	25000000	fastq0023_HPNE_T1	HCJY7AFX7_MIxT1XT3_24s001577-1-1_Jeong_lane1T1xiTRU3C89	WW	1	56	dup_h1	2010	dup_h2	1020	8.99799413270852	0.689741119987394	0.09375
chr1	13400000	25000000	fastq0023_HPNE_T1	HCJY7AFX7_MIxT1XT3_24s001577-1-1_Jeong_lane1T1xiTRU3C90	CW	1	56	dup_hom	2020	dup_h2	1020	8.14620696560003	0.596758451198561	0.09375
chr1	13400000	25000000	fastq0023_HPNE_T1	HCJY7AFX7_MIxT1XT3_24s001577-1-1_Jeong_lane1T1xiTRU3C91	WW	1	56	dup_h2	1020	complex	0030	18.2043614916314	5.96122113786641	0.21875
chr1	25000000	29200000	fastq0023_HPNE_T1	HCJY7AFX7_MIxT1XT3_24s001577-1-1_Jeong_lane1T1xiTRU3C69	CC	1	21	dup_h2	1020	dup_h1	2010	4.23507396170753	0.0690932444103201	0.0625
chr1	25000000	29200000	fastq0023_HPNE_T1	HCJY7AFX7_MIxT1XT3_24s001577-1-1_Jeong_lane1T1xiTRU3C76	CW	1	21	dup_hom	2020	dup_h2	1020	9.33267324324675	3.79164813633973	0.03125
chr1	25000000	29200000	fastq0023_HPNE_T1	HCJY7AFX7_MIxT1XT3_24s001577-1-1_Jeong_lane1T1xiTRU3C87	CC	1	21	dup_h1	2010	dup_h2	1020	8.2627694328171	1.31720111670957	0.03125
chr1	25000000	29200000	fastq0023_HPNE_T1	HCJY7AFX7_MIxT1XT3_24s001577-1-1_Jeong_lane1T1xiTRU3C91	WW	1	21	dup_h2	1020	dup_h1	2010	4.02468288035769	1.45538760553021	0.0625
chr1	29400000	30800000	fastq0023_HPNE_T1	HCJY7AFX7_MIxT1XT3_24s001577-1-1_Jeong_lane1T1xiTRU3C76	CW	1	7	dup_hom	2020	dup_h2	1020	4.64955825577864	1.87874912160348	0.03125
chr1	29400000	30800000	fastq0023_HPNE_T1	HCJY7AFX7_MIxT1XT3_24s001577-1-1_Jeong_lane1T1xiTRU3C91	WW	1	7	dup_h2	1020	dup_hom	2020	4.0020739894169	1.21610528431412	0.03125
chr1	30800000	33200000	fastq0023_HPNE_T1	HCJY7AFX7_MIxT1XT3_24s001577-1-1_Jeong_lane1T1xiTRU3C76	CW	1	11	dup_h2	1020	dup_hom	2020	5.41690249823181	2.89864666681199	0.03125
chr1	53000000	55200000	fastq0023_HPNE_T1	HCJY7AFX7_MIxT1XT3_24s001577-1-1_Jeong_lane1T1xiTRU3C75	CC	1	11	dup_h1	2010	dup_h2	1020	4.27413191283822	2.79652160208723	0.03125
chr1	68200000	71200000	fastq0023_HPNE_T1	HCJY7AFX7_MIxT1XT3_24s001577-1-1_Jeong_lane1T1xiTRU3C75	CC	1	15	del_h1	0010	del_h2	1000	5.23054131322367	0.000309717275305932	0.03125
chr1	71200000	74400000	fastq0023_HPNE_T1	HCJY7AFX7_MIxT1XT3_24s001577-1-1_Jeong_lane1T1xiTRU3C31	WW	1	16	del_h1	0010	del_h2	1000	4.45650819905661	0.000161119659950026	0.25
chr1	71200000	74400000	fastq0023_HPNE_T1	HCJY7AFX7_MIxT1XT3_24s001577-1-1_Jeong_lane1T1xiTRU3C59	WW	1	16	del_h1	0010	del_h2	1000	6.75075248714236	0.000161119659949582	0.25
chr1	71200000	74400000	fastq0023_HPNE_T1	HCJY7AFX7_MIxT1XT3_24s001577-1-1_Jeong_lane1T1xiTRU3C61	CC	1	16	del_h1	0010	del_h2	1000	5.11607213885632	0.000161119659949804	0.25
chr1	71200000	74400000	fastq0023_HPNE_T1	HCJY7AFX7_MIxT1XT3_24s001577-1-1_Jeong_lane1T1xiTRU3C75	CC	1	16	del_h1	0010	del_h2	1000	15.2952030820683	0.000161119659949804	0.25
chr1	71200000	74400000	fastq0023_HPNE_T1	HCJY7AFX7_MIxT1XT3_24s001577-1-1_Jeong_lane1T1xiTRU3C81	WW	1	16	del_h1	0010	del_h2	1000	10.4623550347788	0.000161119659949804	0.25
chr1	71200000	74400000	fastq0023_HPNE_T1	HCJY7AFX7_MIxT1XT3_24s001577-1-1_Jeong_lane1T1xiTRU3C87	CC	1	16	del_h1	0010	del_h2	1000	4.89175905908608	0.000161119659950026	0.25
chr1	71200000	74400000	fastq0023_HPNE_T1	HCJY7AFX7_MIxT1XT3_24s001577-1-1_Jeong_lane1T1xiTRU3C89	WW	1	16	del_h1	0010	del_h2	1000	6.31814075841135	0.000161119659949804	0.25
chr1	71200000	74400000	fastq0023_HPNE_T1	HCJY7AFX7_MIxT1XT3_24s001577-1-1_Jeong_lane1T1xiTRU3C91	WW	1	16	del_h1	0010	del_h2	1000	9.12832560494813	0.000161119659949804	0.25
chr1	78600000	83600000	fastq0023_HPNE_T1	HCJY7AFX7_MIxT1XT3_24s001577-1-1_Jeong_lane1T1xiTRU3C75	CC	1	25	del_h1	0010	del_h2	1000	8.58456577727035	0.000377639775703598	0.125
chr1	78600000	83600000	fastq0023_HPNE_T1	HCJY7AFX7_MIxT1XT3_24s001577-1-1_Jeong_lane1T1xiTRU3C81	WW	1	25	del_h1	0010	del_h2	1000	4.3384729709155	0.00037763977570382	0.125
chr1	78600000	83600000	fastq0023_HPNE_T1	HCJY7AFX7_MIxT1XT3_24s001577-1-1_Jeong_lane1T1xiTRU3C89	WW	1	25	del_h1	0010	del_h2	1000	7.22589880348685	0.00037763977570382	0.125
chr1	78600000	83600000	fastq0023_HPNE_T1	HCJY7AFX7_MIxT1XT3_24s001577-1-1_Jeong_lane1T1xiTRU3C91	WW	1	25	del_h1	0010	del_h2	1000	9.30831310591699	0.00037763977570382	0.125
chr1	91400000	95600000	fastq0023_HPNE_T1	HCJY7AFX7_MIxT1XT3_24s001577-1-1_Jeong_lane1T1xiTRU3C30	WC	1	21	inv_h1	0110	complex	0020	12.8244195008135	2.33266470254434	0.03125
chr1	95600000	108800000	fastq0023_HPNE_T1	HCJY7AFX7_MIxT1XT3_24s001577-1-1_Jeong_lane1T1xiTRU3C30	WC	1	64	inv_h1	0110	complex	0020	13.1945315314295	2.22539493114947	0.03125
chr1	95600000	108800000	fastq0023_HPNE_T1	HCJY7AFX7_MIxT1XT3_24s001577-1-1_Jeong_lane1T1xiTRU3C75	CC	1	64	del_h2	1000	ref_hom	1010	15.1156063729394	15.1156063729394	0.0625
chr1	95600000	108800000	fastq0023_HPNE_T1	HCJY7AFX7_MIxT1XT3_24s001577-1-1_Jeong_lane1T1xiTRU3C81	WW	1	64	del_h2	1000	ref_hom	1010	5.72055407933456	5.72055407933456	0.0625
chr1	95600000	108800000	fastq0023_HPNE_T1	HCJY7AFX7_MIxT1XT3_24s001577-1-1_Jeong_lane1T1xiTRU3C89	WW	1	64	del_h1	0010	del_h2	1000	5.5391810009001	3.11954424958572e-07	0.03125
chr1	143400000	143600000	fastq0023_HPNE_T1	HCJY7AFX7_MIxT1XT3_24s001577-1-1_Jeong_lane1T1xiTRU3C87	CW	1	1	inv_h1	0110	del_h1	0010	5.14403732844934	1.70268341319679	0.03125
chr1	150200000	152000000	fastq0023_HPNE_T1	HCJY7AFX7_MIxT1XT3_24s001577-1-1_Jeong_lane1T1xiTRU3C30	CW	1	9	inv_h2	1001	complex	2000	10.3960158634179	2.83554187162988	0.03125
chr1	150200000	152000000	fastq0023_HPNE_T1	HCJY7AFX7_MIxT1XT3_24s001577-1-1_Jeong_lane1T1xiTRU3C31	CW	1	9	inv_h1	0110	complex	0020	12.7308743228898	1.35535495988132	0.03125
chr1	150200000	152000000	fastq0023_HPNE_T1	HCJY7AFX7_MIxT1XT3_24s001577-1-1_Jeong_lane1T1xiTRU3C76	CW	1	9	idup_h2	1011	dup_h1	2010	10.1739450876537	2.71928023565795	0.03125
chr1	152000000	153200000	fastq0023_HPNE_T1	HCJY7AFX7_MIxT1XT3_24s001577-1-1_Jeong_lane1T1xiTRU3C30	CW	1	6	del_h2	1000	inv_h2	1001	6.23225482589361	1.48722067493736	0.03125
chr1	152000000	153200000	fastq0023_HPNE_T1	HCJY7AFX7_MIxT1XT3_24s001577-1-1_Jeong_lane1T1xiTRU3C31	CW	1	6	del_h1	0010	inv_h1	0110	7.03509885136359	0.756616857155929	0.03125
chr1	153200000	158200000	fastq0023_HPNE_T1	HCJY7AFX7_MIxT1XT3_24s001577-1-1_Jeong_lane1T1xiTRU3C18	WC	1	25	inv_hom	0101	idup_h2	1011	4.32399971778199	4.26522027114267	0.03125
chr1	153200000	158200000	fastq0023_HPNE_T1	HCJY7AFX7_MIxT1XT3_24s001577-1-1_Jeong_lane1T1xiTRU3C30	CW	1	25	complex	3000	complex	2000	16.9562101481307	1.38912610545725	0.03125
chr1	153200000	158200000	fastq0023_HPNE_T1	HCJY7AFX7_MIxT1XT3_24s001577-1-1_Jeong_lane1T1xiTRU3C31	CW	1	25	inv_h1	0110	complex	0020	14.7201418034702	0.36543476708776	0.03125
chr1	153200000	158200000	fastq0023_HPNE_T1	HCJY7AFX7_MIxT1XT3_24s001577-1-1_Jeong_lane1T1xiTRU3C76	CW	1	25	dup_h1	2010	dup_hom	2020	15.4796573977593	0.761710452538155	0.03125
chr1	158200000	159800000	fastq0023_HPNE_T1	HCJY7AFX7_MIxT1XT3_24s001577-1-1_Jeong_lane1T1xiTRU3C30	CW	1	8	inv_h2	1001	del_h2	1000	7.60677396225501	0.0518440940819298	0.03125
chr1	158200000	159800000	fastq0023_HPNE_T1	HCJY7AFX7_MIxT1XT3_24s001577-1-1_Jeong_lane1T1xiTRU3C31	CW	1	8	del_h1	0010	inv_h1	0110	10.2286579516635	0.363240891310969	0.03125
chr1	160200000	163000000	fastq0023_HPNE_T1	HCJY7AFX7_MIxT1XT3_24s001577-1-1_Jeong_lane1T1xiTRU3C30	CW	1	14	inv_h2	1001	complex	2000	15.4969880306438	2.51080398355843	0.03125
chr1	160200000	163000000	fastq0023_HPNE_T1	HCJY7AFX7_MIxT1XT3_24s001577-1-1_Jeong_lane1T1xiTRU3C31	CW	1	14	inv_h1	0110	complex	0020	15.4717279784526	1.58371380505916	0.03125
chr1	160200000	163000000	fastq0023_HPNE_T1	HCJY7AFX7_MIxT1XT3_24s001577-1-1_Jeong_lane1T1xiTRU3C76	CW	1	14	idup_h2	1011	complex	0012	13.3835405072233	3.14605009444031	0.03125
chr1	163000000	164400000	fastq0023_HPNE_T1	HCJY7AFX7_MIxT1XT3_24s001577-1-1_Jeong_lane1T1xiTRU3C30	CW	1	7	del_h2	1000	inv_h2	1001	8.23798866582672	1.56263934133717	0.03125
chr1	163000000	164400000	fastq0023_HPNE_T1	HCJY7AFX7_MIxT1XT3_24s001577-1-1_Jeong_lane1T1xiTRU3C31	CW	1	7	del_h1	0010	inv_h1	0110	7.59734172035076	1.68092901085217	0.03125
chr1	164400000	168800000	fastq0023_HPNE_T1	HCJY7AFX7_MIxT1XT3_24s001577-1-1_Jeong_lane1T1xiTRU3C30	CW	1	22	inv_h2	1001	complex	2000	15.7683119028828	2.61292440951546	0.03125
chr1	164400000	168800000	fastq0023_HPNE_T1	HCJY7AFX7_MIxT1XT3_24s001577-1-1_Jeong_lane1T1xiTRU3C31	CW	1	22	inv_h1	0110	complex	0020	14.8464617693183	1.19097357727608	0.03125
chr1	164400000	168800000	fastq0023_HPNE_T1	HCJY7AFX7_MIxT1XT3_24s001577-1-1_Jeong_lane1T1xiTRU3C76	CW	1	22	dup_h1	2010	idup_h2	1011	10.9015270613121	2.78642269877321	0.03125
chr1	168800000	174600000	fastq0023_HPNE_T1	HCJY7AFX7_MIxT1XT3_24s001577-1-1_Jeong_lane1T1xiTRU3C30	CW	1	29	inv_h2	1001	complex	2000	15.6138405342038	1.34245399497786	0.03125
chr1	168800000	174600000	fastq0023_HPNE_T1	HCJY7AFX7_MIxT1XT3_24s001577-1-1_Jeong_lane1T1xiTRU3C31	CW	1	29	del_h1	0010	inv_h1	0110	14.0629826793065	0.739181211689627	0.03125
chr1	174600000	180800000	fastq0023_HPNE_T1	HCJY7AFX7_MIxT1XT3_24s001577-1-1_Jeong_lane1T1xiTRU3C18	WC	1	31	inv_hom	0101	complex	1100	4.77293888898352	4.60516591350043	0.0625
chr1	174600000	180800000	fastq0023_HPNE_T1	HCJY7AFX7_MIxT1XT3_24s001577-1-1_Jeong_lane1T1xiTRU3C30	CW	1	31	inv_h2	1001	complex	2000	14.2266368681296	0.314829020651886	0.03125
chr1	174600000	180800000	fastq0023_HPNE_T1	HCJY7AFX7_MIxT1XT3_24s001577-1-1_Jeong_lane1T1xiTRU3C31	CW	1	31	inv_h1	0110	complex	0020	14.011721318171	0.0881679900940204	0.03125
chr1	174600000	180800000	fastq0023_HPNE_T1	HCJY7AFX7_MIxT1XT3_24s001577-1-1_Jeong_lane1T1xiTRU3C76	CW	1	31	dup_h1	2010	complex	2100	15.0271007725268	4.94509254333438	0.03125
chr1	174600000	180800000	fastq0023_HPNE_T1	HCJY7AFX7_MIxT1XT3_24s001577-1-1_Jeong_lane1T1xiTRU3C85	CW	1	31	inv_hom	0101	complex	1100	4.7729388889767	4.60516591484987	0.0625
chr1	180800000	182400000	fastq0023_HPNE_T1	HCJY7AFX7_MIxT1XT3_24s001577-1-1_Jeong_lane1T1xiTRU3C30	CW	1	8	inv_h2	1001	complex	2000	9.03118303542752	0.600608065126242	0.03125
chr1	180800000	182400000	fastq0023_HPNE_T1	HCJY7AFX7_MIxT1XT3_24s001577-1-1_Jeong_lane1T1xiTRU3C31	CW	1	8	inv_h1	0110	complex	0200	16.11318473347	3.26606558974424	0.03125
chr1	180800000	182400000	fastq0023_HPNE_T1	HCJY7AFX7_MIxT1XT3_24s001577-1-1_Jeong_lane1T1xiTRU3C76	CW	1	8	dup_h1	2010	idup_h2	1011	5.55991992883136	3.57500424460245	0.03125
chr1	182400000	185000000	fastq0023_HPNE_T1	HCJY7AFX7_MIxT1XT3_24s001577-1-1_Jeong_lane1T1xiTRU3C30	CW	1	13	inv_h2	1001	del_h2	1000	9.88581022998342	0.786777995660533	0.03125
chr1	182400000	185000000	fastq0023_HPNE_T1	HCJY7AFX7_MIxT1XT3_24s001577-1-1_Jeong_lane1T1xiTRU3C31	CW	1	13	inv_h1	0110	complex	0020	15.0745883651242	0.51058120851979	0.03125
chr1	185000000	187800000	fastq0023_HPNE_T1	HCJY7AFX7_MIxT1XT3_24s001577-1-1_Jeong_lane1T1xiTRU3C30	CW	1	14	del_h2	1000	inv_h2	1001	15.7826692200326	0.635835516582008	0.03125
chr1	185000000	187800000	fastq0023_HPNE_T1	HCJY7AFX7_MIxT1XT3_24s001577-1-1_Jeong_lane1T1xiTRU3C31	CW	1	14	del_h1	0010	inv_h1	0110	15.7696911355016	0.108030162729164	0.03125
chr1	187800000	199800000	fastq0023_HPNE_T1	HCJY7AFX7_MIxT1XT3_24s001577-1-1_Jeong_lane1T1xiTRU3C16	CC	1	60	del_h2	1000	del_h1	0010	7.99205051827357	0.0370707387339779	0.40625
chr1	187800000	199800000	fastq0023_HPNE_T1	HCJY7AFX7_MIxT1XT3_24s001577-1-1_Jeong_lane1T1xiTRU3C19	WW	1	60	del_h2	1000	del_h1	0010	11.8438590663855	0.0370707387339779	0.40625
chr1	187800000	199800000	fastq0023_HPNE_T1	HCJY7AFX7_MIxT1XT3_24s001577-1-1_Jeong_lane1T1xiTRU3C27	CC	1	60	del_h2	1000	ref_hom	1010	4.0884861588	4.0884861588	0.40625
chr1	187800000	199800000	fastq0023_HPNE_T1	HCJY7AFX7_MIxT1XT3_24s001577-1-1_Jeong_lane1T1xiTRU3C30	CW	1	60	del_h2	1000	complex	0001	21.31802594157	0.967197309613206	0.40625
chr1	187800000	199800000	fastq0023_HPNE_T1	HCJY7AFX7_MIxT1XT3_24s001577-1-1_Jeong_lane1T1xiTRU3C31	CW	1	60	del_h1	0010	inv_h1	0110	21.3236394888792	12.940668642538	0.0625
chr1	187800000	199800000	fastq0023_HPNE_T1	HCJY7AFX7_MIxT1XT3_24s001577-1-1_Jeong_lane1T1xiTRU3C55	CC	1	60	del_h2	1000	ref_hom	1010	5.40341226030088	5.40341226030088	0.40625
chr1	187800000	199800000	fastq0023_HPNE_T1	HCJY7AFX7_MIxT1XT3_24s001577-1-1_Jeong_lane1T1xiTRU3C59	WW	1	60	del_h2	1000	del_h1	0010	10.0388751137457	6.02853528584196	0.40625
chr1	187800000	199800000	fastq0023_HPNE_T1	HCJY7AFX7_MIxT1XT3_24s001577-1-1_Jeong_lane1T1xiTRU3C61	CC	1	60	del_h2	1000	del_h1	0010	9.70375008034388	0.0370707387339779	0.40625
chr1	187800000	199800000	fastq0023_HPNE_T1	HCJY7AFX7_MIxT1XT3_24s001577-1-1_Jeong_lane1T1xiTRU3C69	CC	1	60	del_h2	1000	del_h1	0010	7.93041597619188	0.0370707387339779	0.40625
chr1	187800000	199800000	fastq0023_HPNE_T1	HCJY7AFX7_MIxT1XT3_24s001577-1-1_Jeong_lane1T1xiTRU3C75	CC	1	60	del_h2	1000	del_h1	0010	19.473304847674	0.0370707387339784	0.40625
chr1	187800000	199800000	fastq0023_HPNE_T1	HCJY7AFX7_MIxT1XT3_24s001577-1-1_Jeong_lane1T1xiTRU3C81	WW	1	60	del_h2	1000	ref_hom	1010	14.0452459655006	14.0452459655006	0.40625
chr1	187800000	199800000	fastq0023_HPNE_T1	HCJY7AFX7_MIxT1XT3_24s001577-1-1_Jeong_lane1T1xiTRU3C84	WW	1	60	del_h2	1000	del_h1	0010	8.21537128035841	0.0370707387339784	0.40625
chr1	187800000	199800000	fastq0023_HPNE_T1	HCJY7AFX7_MIxT1XT3_24s001577-1-1_Jeong_lane1T1xiTRU3C86	CC	1	60	del_h2	1000	del_h1	0010	19.4451196907081	0.0370707387339779	0.40625
chr1	187800000	199800000	fastq0023_HPNE_T1	HCJY7AFX7_MIxT1XT3_24s001577-1-1_Jeong_lane1T1xiTRU3C90	WW	1	60	del_h1	0010	del_h2	1000	18.3102126210465	5.954393808374	0.0625
chr1	187800000	199800000	fastq0023_HPNE_T1	HCJY7AFX7_MIxT1XT3_24s001577-1-1_Jeong_lane1T1xiTRU3C91	WW	1	60	del_h2	1000	del_h1	0010	19.4731846991395	0.0370707387339779	0.40625
chr1	199800000	200800000	fastq0023_HPNE_T1	HCJY7AFX7_MIxT1XT3_24s001577-1-1_Jeong_lane1T1xiTRU3C31	CW	1	5	inv_h1	0110	del_h1	0010	6.07413159890442	0.571529047387566	0.03125
chr1	201000000	203800000	fastq0023_HPNE_T1	HCJY7AFX7_MIxT1XT3_24s001577-1-1_Jeong_lane1T1xiTRU3C30	CW	1	13	inv_hom	0101	idup_h2	1011	4.23246275504867	2.84707256577517	0.03125
chr1	201000000	203800000	fastq0023_HPNE_T1	HCJY7AFX7_MIxT1XT3_24s001577-1-1_Jeong_lane1T1xiTRU3C31	CW	1	13	complex	0020	inv_h1	0110	15.7964167493051	0.213775343606523	0.03125
chr1	201000000	203800000	fastq0023_HPNE_T1	HCJY7AFX7_MIxT1XT3_24s001577-1-1_Jeong_lane1T1xiTRU3C76	CW	1	13	dup_h1	2010	dup_hom	2020	12.7235796204689	1.46000407458465	0.03125
chr1	203800000	206000000	fastq0023_HPNE_T1	HCJY7AFX7_MIxT1XT3_24s001577-1-1_Jeong_lane1T1xiTRU3C31	CW	1	11	inv_h1	0110	complex	0020	15.4935824921397	2.55851200243059	0.03125
chr1	203800000	206000000	fastq0023_HPNE_T1	HCJY7AFX7_MIxT1XT3_24s001577-1-1_Jeong_lane1T1xiTRU3C76	CW	1	11	dup_h1	2010	idup_h2	1011	13.2270148245567	0.047627772013211	0.03125
chr1	206000000	214600000	fastq0023_HPNE_T1	HCJY7AFX7_MIxT1XT3_24s001577-1-1_Jeong_lane1T1xiTRU3C31	CW	1	43	complex	0020	inv_h1	0110	12.4017616835678	0.321255419208747	0.03125
chr1	206000000	214600000	fastq0023_HPNE_T1	HCJY7AFX7_MIxT1XT3_24s001577-1-1_Jeong_lane1T1xiTRU3C76	CW	1	43	dup_h1	2010	complex	2100	15.632085308169	4.8024645409253	0.03125
chr1	214600000	219800000	fastq0023_HPNE_T1	HCJY7AFX7_MIxT1XT3_24s001577-1-1_Jeong_lane1T1xiTRU3C31	CW	1	26	del_h1	0010	inv_h1	0110	17.1419587968759	4.20338880857341	0.03125
chr1	219800000	223000000	fastq0023_HPNE_T1	HCJY7AFX7_MIxT1XT3_24s001577-1-1_Jeong_lane1T1xiTRU3C31	CW	1	16	del_h1	0010	inv_h1	0110	14.970014320531	0.0972182230678058	0.03125
chr1	223000000	225000000	fastq0023_HPNE_T1	HCJY7AFX7_MIxT1XT3_24s001577-1-1_Jeong_lane1T1xiTRU3C31	CW	1	10	inv_h1	0110	del_h1	0010	13.7219023567749	2.17267881393307	0.03125
chr1	225400000	227000000	fastq0023_HPNE_T1	HCJY7AFX7_MIxT1XT3_24s001577-1-1_Jeong_lane1T1xiTRU3C31	CW	1	8	inv_h1	0110	complex	0020	12.3035093794786	1.13268824980072	0.03125
chr1	225400000	227000000	fastq0023_HPNE_T1	HCJY7AFX7_MIxT1XT3_24s001577-1-1_Jeong_lane1T1xiTRU3C76	CW	1	8	dup_hom	2020	dup_h1	2010	8.55044408342194	0.382807510797327	0.03125
chr1	227600000	228400000	fastq0023_HPNE_T1	HCJY7AFX7_MIxT1XT3_24s001577-1-1_Jeong_lane1T1xiTRU3C31	CW	1	4	inv_h1	0110	del_h1	0010	4.63061198881014	0.780609191047761	0.03125
chr1	227600000	228400000	fastq0023_HPNE_T1	HCJY7AFX7_MIxT1XT3_24s001577-1-1_Jeong_lane1T1xiTRU3C76	CW	1	4	dup_hom	2020	dup_h1	2010	6.88848141226167	0.49544264331007	0.03125
chr1	228400000	231400000	fastq0023_HPNE_T1	HCJY7AFX7_MIxT1XT3_24s001577-1-1_Jeong_lane1T1xiTRU3C31	CW	1	15	inv_h1	0110	complex	0020	15.4888903207257	2.34908395410117	0.03125
chr1	228400000	231400000	fastq0023_HPNE_T1	HCJY7AFX7_MIxT1XT3_24s001577-1-1_Jeong_lane1T1xiTRU3C76	CW	1	15	dup_h1	2010	complex	3010	14.9226749194957	5.09185829114285	0.03125
chr1	231600000	234400000	fastq0023_HPNE_T1	HCJY7AFX7_MIxT1XT3_24s001577-1-1_Jeong_lane1T1xiTRU3C31	CW	1	14	inv_h1	0110	del_h1	0010	14.8100960500414	0.139488472514966	0.03125
chr1	231600000	234400000	fastq0023_HPNE_T1	HCJY7AFX7_MIxT1XT3_24s001577-1-1_Jeong_lane1T1xiTRU3C76	CW	1	14	idup_h2	1011	complex	0012	8.91120460593246	3.14605278098204	0.03125
chr1	234400000	237200000	fastq0023_HPNE_T1	HCJY7AFX7_MIxT1XT3_24s001577-1-1_Jeong_lane1T1xiTRU3C31	CW	1	14	inv_h1	0110	complex	0020	15.4693719342612	2.34208742760324	0.03125
chr1	234400000	237200000	fastq0023_HPNE_T1	HCJY7AFX7_MIxT1XT3_24s001577-1-1_Jeong_lane1T1xiTRU3C76	CW	1	14	dup_h1	2010	dup_hom	2020	10.5391994199422	3.25184021038247	0.03125
chr1	237200000	239800000	fastq0023_HPNE_T1	HCJY7AFX7_MIxT1XT3_24s001577-1-1_Jeong_lane1T1xiTRU3C31	CW	1	13	inv_h1	0110	del_h1	0010	15.0149865053385	0.0126385841234251	0.03125
chr1	239800000	244000000	fastq0023_HPNE_T1	HCJY7AFX7_MIxT1XT3_24s001577-1-1_Jeong_lane1T1xiTRU3C31	CW	1	21	inv_h1	0110	complex	0020	15.1240136965441	2.18512596897475	0.03125
chr1	244000000	247600000	fastq0023_HPNE_T1	HCJY7AFX7_MIxT1XT3_24s001577-1-1_Jeong_lane1T1xiTRU3C31	CW	1	18	inv_h1	0110	complex	0020	15.5406424972285	2.52116972734538	0.03125
chr1	244000000	247600000	fastq0023_HPNE_T1	HCJY7AFX7_MIxT1XT3_24s001577-1-1_Jeong_lane1T1xiTRU3C76	CW	1	18	dup_h1	2010	idup_h2	1011	8.24892753723176	4.21943491280232	0.03125
chr1	247600000	248956422	fastq0023_HPNE_T1	HCJY7AFX7_MIxT1XT3_24s001577-1-1_Jeong_lane1T1xiTRU3C31	CW	1	7	inv_h1	0110	del_h1	0010	5.78507364250469	0.123394596950823	0.03125
chr10	0	1800000	fastq0023_HPNE_T1	HCJY7AFX7_MIxT1XT3_24s001577-1-1_Jeong_lane1T1xiTRU3C75	CW	1	9	dup_h1	2010	dup_hom	2020	4.02417474680102	2.48127754445248	0.03125
chr10	0	1800000	fastq0023_HPNE_T1	HCJY7AFX7_MIxT1XT3_24s001577-1-1_Jeong_lane1T1xiTRU3C95	CC	1	9	inv_h2	1001	idup_h2	1011	14.3266673526441	0.00523409115028173	0.03125
chr10	1800000	4200000	fastq0023_HPNE_T1	HCJY7AFX7_MIxT1XT3_24s001577-1-1_Jeong_lane1T1xiTRU3C19	WW	1	12	inv_h1	0110	inv_h2	1001	6.89817238371236	0.00138813675285299	0.0625
chr10	1800000	4200000	fastq0023_HPNE_T1	HCJY7AFX7_MIxT1XT3_24s001577-1-1_Jeong_lane1T1xiTRU3C95	CC	1	12	inv_h1	0110	complex	0011	14.2678005505245	3.10452804627324	0.0625
chr10	4200000	5200000	fastq0023_HPNE_T1	HCJY7AFX7_MIxT1XT3_24s001577-1-1_Jeong_lane1T1xiTRU3C86	WW	1	5	del_h1	0010	del_h2	1000	4.76124281677803	0.0201653362621599	0.03125
chr10	5200000	8200000	fastq0023_HPNE_T1	HCJY7AFX7_MIxT1XT3_24s001577-1-1_Jeong_lane1T1xiTRU3C19	WW	1	15	idup_h1	1110	idup_h2	1011	7.46599997710105	0.156771946192451	0.03125
chr10	5200000	8200000	fastq0023_HPNE_T1	HCJY7AFX7_MIxT1XT3_24s001577-1-1_Jeong_lane1T1xiTRU3C86	WW	1	15	del_h2	1000	ref_hom	1010	4.90399938497468	4.90399938497468	0.03125
chr10	5200000	8200000	fastq0023_HPNE_T1	HCJY7AFX7_MIxT1XT3_24s001577-1-1_Jeong_lane1T1xiTRU3C95	CC	1	15	inv_h2	1001	complex	0011	19.609057669803	2.06118285270234	0.03125
chr10	8200000	11200000	fastq0023_HPNE_T1	HCJY7AFX7_MIxT1XT3_24s001577-1-1_Jeong_lane1T1xiTRU3C86	WW	1	15	del_h2	1000	del_h1	0010	10.014603283782	1.81349919037288e-06	0.03125
chr10	8200000	11200000	fastq0023_HPNE_T1	HCJY7AFX7_MIxT1XT3_24s001577-1-1_Jeong_lane1T1xiTRU3C95	CC	1	15	complex	0011	complex	1100	11.1427484371314	0	0.03125
chr10	15400000	18000000	fastq0023_HPNE_T1	HCJY7AFX7_MIxT1XT3_24s001577-1-1_Jeong_lane1T1xiTRU3C86	WW	1	13	del_h1	0010	del_h2	1000	7.77678648823569	5.99154115179866	0.03125
chr10	18400000	19800000	fastq0023_HPNE_T1	HCJY7AFX7_MIxT1XT3_24s001577-1-1_Jeong_lane1T1xiTRU3C86	WW	1	7	del_h1	0010	del_h2	1000	5.33947665539909	0.00231626326071765	0.03125
chr10	19800000	25000000	fastq0023_HPNE_T1	HCJY7AFX7_MIxT1XT3_24s001577-1-1_Jeong_lane1T1xiTRU3C86	WW	1	26	del_h2	1000	del_h1	0010	14.0322056070212	1.79821723822471e-06	0.03125
chr10	25000000	28400000	fastq0023_HPNE_T1	HCJY7AFX7_MIxT1XT3_24s001577-1-1_Jeong_lane1T1xiTRU3C86	WW	1	17	del_h1	0010	del_h2	1000	11.9249844498295	5.99194478974641	0.03125
chr10	30800000	33000000	fastq0023_HPNE_T1	HCJY7AFX7_MIxT1XT3_24s001577-1-1_Jeong_lane1T1xiTRU3C86	WW	1	11	del_h1	0010	ref_hom	1010	5.92292979483161	5.92292979483161	0.03125
chr10	36000000	37600000	fastq0023_HPNE_T1	HCJY7AFX7_MIxT1XT3_24s001577-1-1_Jeong_lane1T1xiTRU3C86	WW	1	8	del_h2	1000	del_h1	0010	6.52103853052457	0.000722860622584864	0.03125
chr10	50600000	58600000	fastq0023_HPNE_T1	HCJY7AFX7_MIxT1XT3_24s001577-1-1_Jeong_lane1T1xiTRU3C95	CC	1	40	del_h2	1000	del_h1	0010	7.76111460552474	1.08623137151653e-08	0.03125
chr10	69400000	72200000	fastq0023_HPNE_T1	HCJY7AFX7_MIxT1XT3_24s001577-1-1_Jeong_lane1T1xiTRU3C76	CW	1	12	dup_hom	2020	dup_h2	1020	8.43061974619243	1.3567387557845	0.03125
chr10	69400000	72200000	fastq0023_HPNE_T1	HCJY7AFX7_MIxT1XT3_24s001577-1-1_Jeong_lane1T1xiTRU3C91	CW	1	12	dup_h1	2010	dup_hom	2020	5.21769346960536	0.968867507078217	0.03125
chr10	77000000	79600000	fastq0023_HPNE_T1	HCJY7AFX7_MIxT1XT3_24s001577-1-1_Jeong_lane1T1xiTRU3C87	CW	1	11	dup_h2	1020	ref_hom	1010	4.16691074535392	4.16691074535392	0.03125
chr10	79600000	80200000	fastq0023_HPNE_T1	HCJY7AFX7_MIxT1XT3_24s001577-1-1_Jeong_lane1T1xiTRU3C16	CC	1	3	inv_h1	0110	inv_h2	1001	5.73736442544173	0.347445568602669	0.71875
chr10	79600000	80200000	fastq0023_HPNE_T1	HCJY7AFX7_MIxT1XT3_24s001577-1-1_Jeong_lane1T1xiTRU3C17	CW	1	3	inv_h2	1001	del_h2	1000	6.10867238904474	0.502676929604808	0.09375
chr10	79600000	80200000	fastq0023_HPNE_T1	HCJY7AFX7_MIxT1XT3_24s001577-1-1_Jeong_lane1T1xiTRU3C18	WW	1	3	inv_h1	0110	inv_h2	1001	5.66379677808493	0.347445568602669	0.71875
chr10	79600000	80200000	fastq0023_HPNE_T1	HCJY7AFX7_MIxT1XT3_24s001577-1-1_Jeong_lane1T1xiTRU3C19	WW	1	3	inv_h1	0110	inv_h2	1001	4.21684009494435	0.347445568602669	0.71875
chr10	79600000	80200000	fastq0023_HPNE_T1	HCJY7AFX7_MIxT1XT3_24s001577-1-1_Jeong_lane1T1xiTRU3C20	CC	1	3	inv_h1	0110	inv_h2	1001	4.84485850815206	0.347445568602669	0.71875
chr10	79600000	80200000	fastq0023_HPNE_T1	HCJY7AFX7_MIxT1XT3_24s001577-1-1_Jeong_lane1T1xiTRU3C22	CC	1	3	inv_h1	0110	inv_h2	1001	4.94873932784819	0.347445568602668	0.71875
chr10	79600000	80200000	fastq0023_HPNE_T1	HCJY7AFX7_MIxT1XT3_24s001577-1-1_Jeong_lane1T1xiTRU3C25	WC	1	3	inv_h1	0110	del_h1	0010	7.09151841117721	2.56194016604338	0.71875
chr10	79600000	80200000	fastq0023_HPNE_T1	HCJY7AFX7_MIxT1XT3_24s001577-1-1_Jeong_lane1T1xiTRU3C26	CC	1	3	inv_h1	0110	idup_h1	1110	10.7399171052592	3.69833800590744	0.71875
chr10	79600000	80200000	fastq0023_HPNE_T1	HCJY7AFX7_MIxT1XT3_24s001577-1-1_Jeong_lane1T1xiTRU3C31	CW	1	3	inv_h1	0110	del_h1	0010	7.11148586294157	1.91411060105279	0.71875
chr10	79600000	80200000	fastq0023_HPNE_T1	HCJY7AFX7_MIxT1XT3_24s001577-1-1_Jeong_lane1T1xiTRU3C33	WC	1	3	inv_h1	0110	del_h1	0010	7.66079888596438	0.878898438576067	0.71875
chr10	79600000	80200000	fastq0023_HPNE_T1	HCJY7AFX7_MIxT1XT3_24s001577-1-1_Jeong_lane1T1xiTRU3C55	CC	1	3	inv_h1	0110	inv_h2	1001	7.07318276727219	0.347445568602669	0.71875
chr10	79600000	80200000	fastq0023_HPNE_T1	HCJY7AFX7_MIxT1XT3_24s001577-1-1_Jeong_lane1T1xiTRU3C59	WW	1	3	inv_h1	0110	inv_h2	1001	4.43533369525261	0.347445568602669	0.71875
chr10	79600000	80200000	fastq0023_HPNE_T1	HCJY7AFX7_MIxT1XT3_24s001577-1-1_Jeong_lane1T1xiTRU3C61	WC	1	3	inv_h1	0110	del_h1	0010	6.16689137119115	1.69431498112231	0.71875
chr10	79600000	80200000	fastq0023_HPNE_T1	HCJY7AFX7_MIxT1XT3_24s001577-1-1_Jeong_lane1T1xiTRU3C62	WC	1	3	inv_h2	1001	del_h2	1000	4.97834709165355	1.67096148678202	0.09375
chr10	79600000	80200000	fastq0023_HPNE_T1	HCJY7AFX7_MIxT1XT3_24s001577-1-1_Jeong_lane1T1xiTRU3C69	WW	1	3	inv_h1	0110	inv_h2	1001	6.81549993918656	0.347445568602669	0.71875
chr10	79600000	80200000	fastq0023_HPNE_T1	HCJY7AFX7_MIxT1XT3_24s001577-1-1_Jeong_lane1T1xiTRU3C75	CC	1	3	inv_h1	0110	inv_h2	1001	9.85573043298022	0.347445568602669	0.71875
chr10	79600000	80200000	fastq0023_HPNE_T1	HCJY7AFX7_MIxT1XT3_24s001577-1-1_Jeong_lane1T1xiTRU3C76	CW	1	3	inv_h1	0110	del_h1	0010	9.83266514361481	4.04446213672295	0.71875
chr10	79600000	80200000	fastq0023_HPNE_T1	HCJY7AFX7_MIxT1XT3_24s001577-1-1_Jeong_lane1T1xiTRU3C81	WC	1	3	inv_h1	0110	del_h1	0010	12.9323867151361	2.4282409906885	0.71875
chr10	79600000	80200000	fastq0023_HPNE_T1	HCJY7AFX7_MIxT1XT3_24s001577-1-1_Jeong_lane1T1xiTRU3C83	CC	1	3	inv_h1	0110	inv_h2	1001	4.822032128875	0.347445568602669	0.71875
chr10	79600000	80200000	fastq0023_HPNE_T1	HCJY7AFX7_MIxT1XT3_24s001577-1-1_Jeong_lane1T1xiTRU3C84	CW	1	3	inv_h1	0110	del_h1	0010	8.30279647011565	2.6148845960669	0.71875
chr10	79600000	80200000	fastq0023_HPNE_T1	HCJY7AFX7_MIxT1XT3_24s001577-1-1_Jeong_lane1T1xiTRU3C85	WW	1	3	inv_h2	1001	inv_h1	0110	10.3569145981858	2.64828670495132	0.09375
chr10	79600000	80200000	fastq0023_HPNE_T1	HCJY7AFX7_MIxT1XT3_24s001577-1-1_Jeong_lane1T1xiTRU3C87	CW	1	3	inv_h1	0110	del_h1	0010	16.9282726597777	3.04417207286189	0.71875
chr10	79600000	80200000	fastq0023_HPNE_T1	HCJY7AFX7_MIxT1XT3_24s001577-1-1_Jeong_lane1T1xiTRU3C89	WW	1	3	inv_h1	0110	inv_h2	1001	5.63637520359267	0.347445568602669	0.71875
chr10	79600000	80200000	fastq0023_HPNE_T1	HCJY7AFX7_MIxT1XT3_24s001577-1-1_Jeong_lane1T1xiTRU3C90	WC	1	3	inv_h1	0110	del_h1	0010	4.83372422736566	2.5580288633924	0.71875
chr10	79600000	80200000	fastq0023_HPNE_T1	HCJY7AFX7_MIxT1XT3_24s001577-1-1_Jeong_lane1T1xiTRU3C91	WW	1	3	inv_h1	0110	idup_h1	1110	13.9029895113077	3.70984331854096	0.71875
chr10	79600000	80200000	fastq0023_HPNE_T1	HCJY7AFX7_MIxT1XT3_24s001577-1-1_Jeong_lane1T1xiTRU3C95	CC	1	3	inv_h1	0110	inv_h2	1001	5.86094437708358	0.347445568602669	0.71875
chr10	87000000	91600000	fastq0023_HPNE_T1	HCJY7AFX7_MIxT1XT3_24s001577-1-1_Jeong_lane1T1xiTRU3C90	WC	1	23	inv_hom	0101	ref_hom	1010	4.01369872008614	4.01369872008614	0.03125
chr10	123400000	124800000	fastq0023_HPNE_T1	HCJY7AFX7_MIxT1XT3_24s001577-1-1_Jeong_lane1T1xiTRU3C75	CC	1	7	dup_h1	2010	dup_h2	1020	4.80522027025575	0.0301793991119892	0.03125
chr10	123400000	124800000	fastq0023_HPNE_T1	HCJY7AFX7_MIxT1XT3_24s001577-1-1_Jeong_lane1T1xiTRU3C81	WC	1	7	dup_hom	2020	dup_h1	2010	4.30041612739906	1.12473944002078	0.0625
chr10	123400000	124800000	fastq0023_HPNE_T1	HCJY7AFX7_MIxT1XT3_24s001577-1-1_Jeong_lane1T1xiTRU3C87	CW	1	7	dup_hom	2020	dup_h1	2010	4.48116724404459	0.579705010061636	0.0625
chr10	128400000	133400000	fastq0023_HPNE_T1	HCJY7AFX7_MIxT1XT3_24s001577-1-1_Jeong_lane1T1xiTRU3C18	WW	1	25	dup_h1	2010	dup_h2	1020	4.19317654226265	2.75805051160166	0.03125
chr10	128400000	133400000	fastq0023_HPNE_T1	HCJY7AFX7_MIxT1XT3_24s001577-1-1_Jeong_lane1T1xiTRU3C52	CW	1	25	complex	3000	complex	2000	17.6564419126859	3.39827956742066	0.03125
chr10	128400000	133400000	fastq0023_HPNE_T1	HCJY7AFX7_MIxT1XT3_24s001577-1-1_Jeong_lane1T1xiTRU3C69	WW	1	25	dup_h2	1020	dup_h1	2010	5.68887371470635	1.40083257175801	0.09375
chr10	128400000	133400000	fastq0023_HPNE_T1	HCJY7AFX7_MIxT1XT3_24s001577-1-1_Jeong_lane1T1xiTRU3C75	CC	1	25	dup_h2	1020	dup_h1	2010	11.384654621867	4.1734212939978	0.09375
chr10	128400000	133400000	fastq0023_HPNE_T1	HCJY7AFX7_MIxT1XT3_24s001577-1-1_Jeong_lane1T1xiTRU3C76	CW	1	25	dup_hom	2020	dup_h1	2010	6.25630740094108	3.10035304240553	0.0625
chr10	128400000	133400000	fastq0023_HPNE_T1	HCJY7AFX7_MIxT1XT3_24s001577-1-1_Jeong_lane1T1xiTRU3C81	WC	1	25	dup_hom	2020	dup_h2	1020	4.00289682896769	1.6581142376369	0.0625
chr10	128400000	133400000	fastq0023_HPNE_T1	HCJY7AFX7_MIxT1XT3_24s001577-1-1_Jeong_lane1T1xiTRU3C85	WW	1	25	idup_h1	1110	complex	1100	20.3296922839367	3.26621809517369	0.03125
chr10	128400000	133400000	fastq0023_HPNE_T1	HCJY7AFX7_MIxT1XT3_24s001577-1-1_Jeong_lane1T1xiTRU3C91	WW	1	25	dup_h2	1020	dup_h1	2010	10.3150409718452	4.1734212939978	0.09375
chr11	0	3200000	fastq0023_HPNE_T1	HCJY7AFX7_MIxT1XT3_24s001577-1-1_Jeong_lane1T1xiTRU3C69	CC	1	15	dup_hom	2020	dup_h1	2010	5.24839455323494	0.162135784694049	0.0625
chr11	0	3200000	fastq0023_HPNE_T1	HCJY7AFX7_MIxT1XT3_24s001577-1-1_Jeong_lane1T1xiTRU3C76	CW	1	15	dup_hom	2020	dup_h1	2010	14.8320811231624	6.24187849439767	0.0625
chr11	0	3200000	fastq0023_HPNE_T1	HCJY7AFX7_MIxT1XT3_24s001577-1-1_Jeong_lane1T1xiTRU3C81	WW	1	15	dup_h1	2010	dup_h2	1020	4.07811645085537	0.695660720052691	0.09375
chr11	0	3200000	fastq0023_HPNE_T1	HCJY7AFX7_MIxT1XT3_24s001577-1-1_Jeong_lane1T1xiTRU3C87	WW	1	15	dup_h1	2010	complex	3000	10.2729346525885	1.96056548266039	0.09375
chr11	0	3200000	fastq0023_HPNE_T1	HCJY7AFX7_MIxT1XT3_24s001577-1-1_Jeong_lane1T1xiTRU3C91	WW	1	15	dup_h1	2010	dup_h2	1020	6.91930120567253	0.695660720052691	0.09375
chr11	16600000	21000000	fastq0023_HPNE_T1	HCJY7AFX7_MIxT1XT3_24s001577-1-1_Jeong_lane1T1xiTRU3C61	CW	1	21	inv_hom	0101	ref_hom	1010	4.35319750908269	4.35319750908269	0.03125
chr11	21000000	29800000	fastq0023_HPNE_T1	HCJY7AFX7_MIxT1XT3_24s001577-1-1_Jeong_lane1T1xiTRU3C91	WW	1	44	del_h2	1000	del_h1	0010	11.3458776080626	9.50355527606916e-09	0.03125
chr11	31800000	35200000	fastq0023_HPNE_T1	HCJY7AFX7_MIxT1XT3_24s001577-1-1_Jeong_lane1T1xiTRU3C90	CW	1	17	inv_hom	0101	ref_hom	1010	4.07842161312388	4.07842161312388	0.03125
chr11	43800000	48200000	fastq0023_HPNE_T1	HCJY7AFX7_MIxT1XT3_24s001577-1-1_Jeong_lane1T1xiTRU3C87	WW	1	21	dup_h1	2010	dup_h2	1020	4.68188179203662	1.41467345561457	0.03125
chr11	50200000	50400000	fastq0023_HPNE_T1	HCJY7AFX7_MIxT1XT3_24s001577-1-1_Jeong_lane1T1xiTRU3C62	WW	1	1	inv_hom	0101	inv_h1	0110	4.46014363450519	1.62823865535834	0.15625
chr11	50200000	50400000	fastq0023_HPNE_T1	HCJY7AFX7_MIxT1XT3_24s001577-1-1_Jeong_lane1T1xiTRU3C69	CC	1	1	inv_h2	1001	inv_hom	0101	8.24220889616327	0.48100935796175	0.03125
chr11	50200000	50400000	fastq0023_HPNE_T1	HCJY7AFX7_MIxT1XT3_24s001577-1-1_Jeong_lane1T1xiTRU3C81	WW	1	1	inv_hom	0101	inv_h1	0110	6.6351095503157	1.03807757472551	0.15625
chr11	50200000	50400000	fastq0023_HPNE_T1	HCJY7AFX7_MIxT1XT3_24s001577-1-1_Jeong_lane1T1xiTRU3C83	WW	1	1	inv_hom	0101	inv_h1	0110	4.6790912458019	1.63728636088567	0.15625
chr11	50200000	50400000	fastq0023_HPNE_T1	HCJY7AFX7_MIxT1XT3_24s001577-1-1_Jeong_lane1T1xiTRU3C86	CC	1	1	inv_hom	0101	inv_h1	0110	6.55423593973192	1.29429984925973	0.15625
chr11	50200000	50400000	fastq0023_HPNE_T1	HCJY7AFX7_MIxT1XT3_24s001577-1-1_Jeong_lane1T1xiTRU3C87	WW	1	1	inv_hom	0101	complex	0200	12.3957887964822	4.62532372885371	0.15625
chr11	60800000	63000000	fastq0023_HPNE_T1	HCJY7AFX7_MIxT1XT3_24s001577-1-1_Jeong_lane1T1xiTRU3C81	WW	1	11	dup_h2	1020	dup_h1	2010	4.06924437802636	1.36550630924717	0.03125
chr11	63800000	66400000	fastq0023_HPNE_T1	HCJY7AFX7_MIxT1XT3_24s001577-1-1_Jeong_lane1T1xiTRU3C76	CC	1	13	dup_h1	2010	dup_h2	1020	6.1913893839842	0.0131201252777426	0.03125
chr11	63800000	66400000	fastq0023_HPNE_T1	HCJY7AFX7_MIxT1XT3_24s001577-1-1_Jeong_lane1T1xiTRU3C87	WW	1	13	dup_h2	1020	complex	0030	8.33344926620746	2.33500404187844	0.03125
chr11	63800000	66400000	fastq0023_HPNE_T1	HCJY7AFX7_MIxT1XT3_24s001577-1-1_Jeong_lane1T1xiTRU3C90	CW	1	13	idup_h1	1110	dup_h2	1020	4.97197413002221	1.82429114226361	0.03125
chr11	63800000	66400000	fastq0023_HPNE_T1	HCJY7AFX7_MIxT1XT3_24s001577-1-1_Jeong_lane1T1xiTRU3C91	CW	1	13	dup_hom	2020	dup_h1	2010	8.37324265419847	2.08612236873998	0.03125
chr11	66400000	67800000	fastq0023_HPNE_T1	HCJY7AFX7_MIxT1XT3_24s001577-1-1_Jeong_lane1T1xiTRU3C91	CW	1	7	dup_hom	2020	dup_h2	1020	4.15002855673038	1.15924046240311	0.03125
chr11	68000000	71600000	fastq0023_HPNE_T1	HCJY7AFX7_MIxT1XT3_24s001577-1-1_Jeong_lane1T1xiTRU3C52	WW	1	18	dup_h2	1020	dup_h1	2010	4.85022436720714	2.78761051632903	0.09375
chr11	68000000	71600000	fastq0023_HPNE_T1	HCJY7AFX7_MIxT1XT3_24s001577-1-1_Jeong_lane1T1xiTRU3C69	CC	1	18	dup_h1	2010	dup_h2	1020	5.0531281033755	1.37127256703064	0.09375
chr11	68000000	71600000	fastq0023_HPNE_T1	HCJY7AFX7_MIxT1XT3_24s001577-1-1_Jeong_lane1T1xiTRU3C75	WC	1	18	dup_hom	2020	dup_h1	2010	6.30159774448026	1.11516696090448	0.09375
chr11	68000000	71600000	fastq0023_HPNE_T1	HCJY7AFX7_MIxT1XT3_24s001577-1-1_Jeong_lane1T1xiTRU3C76	CC	1	18	dup_h2	1020	dup_h1	2010	7.70085880835451	1.40131615520914	0.09375
chr11	68000000	71600000	fastq0023_HPNE_T1	HCJY7AFX7_MIxT1XT3_24s001577-1-1_Jeong_lane1T1xiTRU3C81	WW	1	18	dup_h2	1020	dup_h1	2010	7.70447976553876	1.40131615520914	0.09375
chr11	68000000	71600000	fastq0023_HPNE_T1	HCJY7AFX7_MIxT1XT3_24s001577-1-1_Jeong_lane1T1xiTRU3C86	CC	1	18	dup_h1	2010	dup_h2	1020	5.98747981345349	2.75756692815053	0.09375
chr11	68000000	71600000	fastq0023_HPNE_T1	HCJY7AFX7_MIxT1XT3_24s001577-1-1_Jeong_lane1T1xiTRU3C87	WW	1	18	dup_h1	2010	dup_h2	1020	9.90663318812309	1.37127256703065	0.09375
chr11	68000000	71600000	fastq0023_HPNE_T1	HCJY7AFX7_MIxT1XT3_24s001577-1-1_Jeong_lane1T1xiTRU3C90	CW	1	18	dup_hom	2020	dup_h2	1020	4.4411274222813	1.63034250896198	0.09375
chr11	68000000	71600000	fastq0023_HPNE_T1	HCJY7AFX7_MIxT1XT3_24s001577-1-1_Jeong_lane1T1xiTRU3C91	CW	1	18	dup_hom	2020	dup_h2	1020	8.62435480349788	3.23919303800988	0.09375
chr11	88400000	91200000	fastq0023_HPNE_T1	HCJY7AFX7_MIxT1XT3_24s001577-1-1_Jeong_lane1T1xiTRU3C76	CC	1	13	del_h1	0010	del_h2	1000	6.49226801191542	5.99324792801893	0.0625
chr11	88400000	91200000	fastq0023_HPNE_T1	HCJY7AFX7_MIxT1XT3_24s001577-1-1_Jeong_lane1T1xiTRU3C81	WW	1	13	del_h1	0010	del_h2	1000	5.41950547442286	0.00178338091094776	0.0625
chr11	96200000	100200000	fastq0023_HPNE_T1	HCJY7AFX7_MIxT1XT3_24s001577-1-1_Jeong_lane1T1xiTRU3C76	CC	1	20	del_h2	1000	del_h1	0010	13.1600773632942	5.9913977143262	0.03125
chr11	103000000	107600000	fastq0023_HPNE_T1	HCJY7AFX7_MIxT1XT3_24s001577-1-1_Jeong_lane1T1xiTRU3C76	CC	1	23	del_h2	1000	ref_hom	1010	5.67183420083246	5.67183420083246	0.03125
chr11	107600000	111400000	fastq0023_HPNE_T1	HCJY7AFX7_MIxT1XT3_24s001577-1-1_Jeong_lane1T1xiTRU3C22	CC	1	19	del_h1	0010	del_h2	1000	4.25874802274729	2.82463630676411e-05	0.03125
chr11	113400000	116400000	fastq0023_HPNE_T1	HCJY7AFX7_MIxT1XT3_24s001577-1-1_Jeong_lane1T1xiTRU3C25	WW	1	15	del_h2	1000	ref_hom	1010	4.4937664598809	4.4937664598809	0.03125
chr11	116400000	121000000	fastq0023_HPNE_T1	HCJY7AFX7_MIxT1XT3_24s001577-1-1_Jeong_lane1T1xiTRU3C81	WW	1	22	dup_h2	1020	dup_h1	2010	4.81806801749965	1.59815526266059	0.0625
chr11	116400000	121000000	fastq0023_HPNE_T1	HCJY7AFX7_MIxT1XT3_24s001577-1-1_Jeong_lane1T1xiTRU3C86	CC	1	22	dup_h2	1020	dup_h1	2010	5.59247314179324	2.98444962378048	0.0625
chr11	121000000	125200000	fastq0023_HPNE_T1	HCJY7AFX7_MIxT1XT3_24s001577-1-1_Jeong_lane1T1xiTRU3C18	CW	1	21	inv_h1	0110	del_h1	0010	16.0929147444432	1.74765707950541	0.03125
chr11	125200000	126800000	fastq0023_HPNE_T1	HCJY7AFX7_MIxT1XT3_24s001577-1-1_Jeong_lane1T1xiTRU3C18	CW	1	7	inv_h1	0110	del_h1	0010	6.45225962221	0.616639600774591	0.03125
chr11	126800000	129800000	fastq0023_HPNE_T1	HCJY7AFX7_MIxT1XT3_24s001577-1-1_Jeong_lane1T1xiTRU3C18	CW	1	15	inv_h1	0110	del_h1	0010	15.2805134208278	2.09054160331781	0.0625
chr11	126800000	129800000	fastq0023_HPNE_T1	HCJY7AFX7_MIxT1XT3_24s001577-1-1_Jeong_lane1T1xiTRU3C81	WW	1	15	inv_h1	0110	complex	1100	21.3040150324468	3.87444508277053	0.0625
chr11	129800000	135000000	fastq0023_HPNE_T1	HCJY7AFX7_MIxT1XT3_24s001577-1-1_Jeong_lane1T1xiTRU3C18	CW	1	26	complex	0030	complex	0020	14.3599017056251	0.423318788088973	0.03125
chr11	129800000	135000000	fastq0023_HPNE_T1	HCJY7AFX7_MIxT1XT3_24s001577-1-1_Jeong_lane1T1xiTRU3C26	WC	1	26	inv_hom	0101	complex	0011	4.60863131782869	4.60005387948616	0.03125
chr11	129800000	135000000	fastq0023_HPNE_T1	HCJY7AFX7_MIxT1XT3_24s001577-1-1_Jeong_lane1T1xiTRU3C81	WW	1	26	inv_h1	0110	idup_h1	1110	18.9339550743165	6.33803592005794	0.03125
chr12	0	200000	fastq0023_HPNE_T1	HCJY7AFX7_MIxT1XT3_24s001577-1-1_Jeong_lane1T1xiTRU3C33	CC	1	1	idup_h2	1011	inv_h2	1001	5.31759642957785	1.29268299589336	0.03125
chr12	200000	1800000	fastq0023_HPNE_T1	HCJY7AFX7_MIxT1XT3_24s001577-1-1_Jeong_lane1T1xiTRU3C16	WC	1	8	inv_h1	0110	complex	0020	4.5601860005158	2.8654851481841	0.0625
chr12	200000	1800000	fastq0023_HPNE_T1	HCJY7AFX7_MIxT1XT3_24s001577-1-1_Jeong_lane1T1xiTRU3C26	CW	1	8	inv_h1	0110	complex	0020	9.79486194503212	0.18701847213032	0.0625
chr12	1800000	7200000	fastq0023_HPNE_T1	HCJY7AFX7_MIxT1XT3_24s001577-1-1_Jeong_lane1T1xiTRU3C16	WC	1	27	inv_h1	0110	complex	0030	15.9307805960163	3.05950490108033	0.03125
chr12	1800000	7200000	fastq0023_HPNE_T1	HCJY7AFX7_MIxT1XT3_24s001577-1-1_Jeong_lane1T1xiTRU3C76	CC	1	27	dup_h1	2010	dup_h2	1020	6.72074230167559	2.03041208915195	0.03125
chr12	8000000	12000000	fastq0023_HPNE_T1	HCJY7AFX7_MIxT1XT3_24s001577-1-1_Jeong_lane1T1xiTRU3C16	WC	1	20	inv_h1	0110	complex	0030	14.0189639284689	0.976998687095925	0.03125
chr12	24600000	27800000	fastq0023_HPNE_T1	HCJY7AFX7_MIxT1XT3_24s001577-1-1_Jeong_lane1T1xiTRU3C85	WC	1	16	inv_hom	0101	ref_hom	1010	4.39333501662238	4.39333501662238	0.03125
chr12	43000000	45400000	fastq0023_HPNE_T1	HCJY7AFX7_MIxT1XT3_24s001577-1-1_Jeong_lane1T1xiTRU3C26	CW	1	12	inv_h1	0110	del_h1	0010	13.309705295236	0.906977180911893	0.03125
chr12	45400000	48600000	fastq0023_HPNE_T1	HCJY7AFX7_MIxT1XT3_24s001577-1-1_Jeong_lane1T1xiTRU3C26	CW	1	16	inv_h1	0110	complex	0020	14.5145146145942	1.48973374558912	0.03125
chr12	48600000	50000000	fastq0023_HPNE_T1	HCJY7AFX7_MIxT1XT3_24s001577-1-1_Jeong_lane1T1xiTRU3C26	CW	1	7	inv_h1	0110	complex	0030	8.12779878770784	0.356337251428455	0.0625
chr12	48600000	50000000	fastq0023_HPNE_T1	HCJY7AFX7_MIxT1XT3_24s001577-1-1_Jeong_lane1T1xiTRU3C81	CW	1	7	inv_h1	0110	complex	0030	14.8404224030848	1.38076082543721	0.0625
chr12	50000000	51800000	fastq0023_HPNE_T1	HCJY7AFX7_MIxT1XT3_24s001577-1-1_Jeong_lane1T1xiTRU3C26	CW	1	9	inv_h1	0110	complex	0120	14.200120948121	2.12311160444006	0.03125
chr12	50000000	51800000	fastq0023_HPNE_T1	HCJY7AFX7_MIxT1XT3_24s001577-1-1_Jeong_lane1T1xiTRU3C81	CW	1	9	complex	0030	complex	0020	15.3116807149178	0.171472801546231	0.03125
chr12	51800000	54600000	fastq0023_HPNE_T1	HCJY7AFX7_MIxT1XT3_24s001577-1-1_Jeong_lane1T1xiTRU3C26	CW	1	14	complex	0030	complex	0020	16.8860359982939	1.25505678835955	0.03125
chr12	51800000	54600000	fastq0023_HPNE_T1	HCJY7AFX7_MIxT1XT3_24s001577-1-1_Jeong_lane1T1xiTRU3C76	CC	1	14	dup_h1	2010	complex	3000	5.20825083694733	0.853466754013489	0.0625
chr12	51800000	54600000	fastq0023_HPNE_T1	HCJY7AFX7_MIxT1XT3_24s001577-1-1_Jeong_lane1T1xiTRU3C87	CW	1	14	dup_h2	1020	dup_hom	2020	6.33395655749453	5.40298977527199	0.03125
chr12	51800000	54600000	fastq0023_HPNE_T1	HCJY7AFX7_MIxT1XT3_24s001577-1-1_Jeong_lane1T1xiTRU3C91	WC	1	14	dup_h1	2010	dup_hom	2020	4.39411140769145	2.06119989358937	0.0625
chr12	54600000	55600000	fastq0023_HPNE_T1	HCJY7AFX7_MIxT1XT3_24s001577-1-1_Jeong_lane1T1xiTRU3C26	CW	1	5	del_h1	0010	inv_h1	0110	4.9351079243784	2.0612784781426	0.03125
chr12	55600000	58000000	fastq0023_HPNE_T1	HCJY7AFX7_MIxT1XT3_24s001577-1-1_Jeong_lane1T1xiTRU3C26	CW	1	12	inv_h1	0110	complex	0030	14.4515225816239	1.76175646459644	0.03125
chr12	55600000	58000000	fastq0023_HPNE_T1	HCJY7AFX7_MIxT1XT3_24s001577-1-1_Jeong_lane1T1xiTRU3C89	CW	1	12	inv_hom	0101	ref_hom	1010	4.14813628360585	4.14813628360585	0.03125
chr12	58000000	62400000	fastq0023_HPNE_T1	HCJY7AFX7_MIxT1XT3_24s001577-1-1_Jeong_lane1T1xiTRU3C26	CW	1	22	del_h1	0010	inv_h1	0110	17.016263695035	1.3554565751113	0.03125
chr12	58000000	62400000	fastq0023_HPNE_T1	HCJY7AFX7_MIxT1XT3_24s001577-1-1_Jeong_lane1T1xiTRU3C85	WW	1	22	del_h2	1000	del_h1	0010	19.0218576292888	11.9257563922566	0.03125
chr12	62400000	66200000	fastq0023_HPNE_T1	HCJY7AFX7_MIxT1XT3_24s001577-1-1_Jeong_lane1T1xiTRU3C26	CW	1	19	inv_h1	0110	complex	0020	15.438971450479	2.48849570829597	0.03125
chr12	62400000	66200000	fastq0023_HPNE_T1	HCJY7AFX7_MIxT1XT3_24s001577-1-1_Jeong_lane1T1xiTRU3C85	WW	1	19	del_h1	0010	del_h2	1000	8.6640925032885	0.00193226234363708	0.03125
chr12	66400000	70600000	fastq0023_HPNE_T1	HCJY7AFX7_MIxT1XT3_24s001577-1-1_Jeong_lane1T1xiTRU3C26	CW	1	21	inv_h1	0110	complex	0020	15.4734701633334	2.47586684642355	0.03125
chr12	66400000	70600000	fastq0023_HPNE_T1	HCJY7AFX7_MIxT1XT3_24s001577-1-1_Jeong_lane1T1xiTRU3C85	WW	1	21	del_h2	1000	del_h1	0010	11.1399224101325	5.98863538427563	0.03125
chr12	70600000	80200000	fastq0023_HPNE_T1	HCJY7AFX7_MIxT1XT3_24s001577-1-1_Jeong_lane1T1xiTRU3C26	CW	1	48	inv_h1	0110	complex	0020	14.8949594373102	2.40017865387517	0.03125
chr12	70600000	80200000	fastq0023_HPNE_T1	HCJY7AFX7_MIxT1XT3_24s001577-1-1_Jeong_lane1T1xiTRU3C76	CC	1	48	del_h2	1000	ref_hom	1010	11.4291852098876	11.4291852098876	0.03125
chr12	70600000	80200000	fastq0023_HPNE_T1	HCJY7AFX7_MIxT1XT3_24s001577-1-1_Jeong_lane1T1xiTRU3C85	WW	1	48	del_h1	0010	del_h2	1000	10.2888969945497	0.00109269146513746	0.03125
chr12	80200000	82600000	fastq0023_HPNE_T1	HCJY7AFX7_MIxT1XT3_24s001577-1-1_Jeong_lane1T1xiTRU3C26	CW	1	12	del_h1	0010	inv_h1	0110	13.3220044029869	3.72295772158972	0.0625
chr12	80200000	82600000	fastq0023_HPNE_T1	HCJY7AFX7_MIxT1XT3_24s001577-1-1_Jeong_lane1T1xiTRU3C85	WW	1	12	del_h1	0010	del_h2	1000	11.9443478547992	0.254114321988272	0.0625
chr12	83000000	91800000	fastq0023_HPNE_T1	HCJY7AFX7_MIxT1XT3_24s001577-1-1_Jeong_lane1T1xiTRU3C26	CW	1	44	del_h1	0010	inv_h1	0110	16.5406811810369	2.06804268181417	0.03125
chr12	83000000	91800000	fastq0023_HPNE_T1	HCJY7AFX7_MIxT1XT3_24s001577-1-1_Jeong_lane1T1xiTRU3C85	WW	1	44	del_h2	1000	del_h1	0010	18.9108031774427	11.9794296308072	0.03125
chr12	91800000	94800000	fastq0023_HPNE_T1	HCJY7AFX7_MIxT1XT3_24s001577-1-1_Jeong_lane1T1xiTRU3C26	CW	1	15	inv_h1	0110	complex	0020	15.4531233084842	2.44569360645154	0.03125
chr12	95200000	104400000	fastq0023_HPNE_T1	HCJY7AFX7_MIxT1XT3_24s001577-1-1_Jeong_lane1T1xiTRU3C85	WW	1	46	del_h2	1000	del_h1	0010	13.0468304245454	2.99573227348924	0.03125
chr12	116200000	121200000	fastq0023_HPNE_T1	HCJY7AFX7_MIxT1XT3_24s001577-1-1_Jeong_lane1T1xiTRU3C19	CW	1	25	inv_h2	1001	complex	2000	15.8420059395727	0.0983092506445118	0.03125
chr12	116200000	121200000	fastq0023_HPNE_T1	HCJY7AFX7_MIxT1XT3_24s001577-1-1_Jeong_lane1T1xiTRU3C89	CW	1	25	inv_hom	0101	idup_h2	1011	4.43251593714596	3.03103228639058	0.03125
chr12	122000000	125400000	fastq0023_HPNE_T1	HCJY7AFX7_MIxT1XT3_24s001577-1-1_Jeong_lane1T1xiTRU3C19	CW	1	17	inv_h2	1001	complex	2000	16.6135397257528	3.29426677650881	0.03125
chr12	122000000	125400000	fastq0023_HPNE_T1	HCJY7AFX7_MIxT1XT3_24s001577-1-1_Jeong_lane1T1xiTRU3C75	CW	1	17	dup_hom	2020	dup_h1	2010	5.04028666680334	1.85642825866986	0.0625
chr12	122000000	125400000	fastq0023_HPNE_T1	HCJY7AFX7_MIxT1XT3_24s001577-1-1_Jeong_lane1T1xiTRU3C76	CW	1	17	complex	2200	idup_h1	1110	4.58601306678105	1.21474827379642	0.03125
chr12	122000000	125400000	fastq0023_HPNE_T1	HCJY7AFX7_MIxT1XT3_24s001577-1-1_Jeong_lane1T1xiTRU3C81	CW	1	17	dup_hom	2020	dup_h1	2010	5.8219617956574	1.41751820206356	0.0625
chr12	125400000	130400000	fastq0023_HPNE_T1	HCJY7AFX7_MIxT1XT3_24s001577-1-1_Jeong_lane1T1xiTRU3C19	CW	1	25	inv_h2	1001	complex	2000	20.9728972878754	3.92048642739661	0.03125
chr12	125400000	130400000	fastq0023_HPNE_T1	HCJY7AFX7_MIxT1XT3_24s001577-1-1_Jeong_lane1T1xiTRU3C85	WW	1	25	del_h2	1000	del_h1	0010	6.44791909786384	0.000710875687884638	0.03125
chr12	130400000	132800000	fastq0023_HPNE_T1	HCJY7AFX7_MIxT1XT3_24s001577-1-1_Jeong_lane1T1xiTRU3C19	CW	1	12	inv_h2	1001	complex	2001	20.8091134812891	3.40629143167576	0.03125
chr12	130400000	132800000	fastq0023_HPNE_T1	HCJY7AFX7_MIxT1XT3_24s001577-1-1_Jeong_lane1T1xiTRU3C91	WC	1	12	dup_h1	2010	dup_hom	2020	5.81527764145413	0.664815931216463	0.03125
chr13	16200000	16600000	fastq0023_HPNE_T1	HCJY7AFX7_MIxT1XT3_24s001577-1-1_Jeong_lane1T1xiTRU3C21	CC	1	2	inv_hom	0101	inv_h1	0110	7.24277030044151	1.12312462753175	0.03125
chr13	16200000	16600000	fastq0023_HPNE_T1	HCJY7AFX7_MIxT1XT3_24s001577-1-1_Jeong_lane1T1xiTRU3C33	WW	1	2	inv_h2	1001	idup_h2	1011	5.87379360639554	1.44828895848039	0.0625
chr13	16200000	16600000	fastq0023_HPNE_T1	HCJY7AFX7_MIxT1XT3_24s001577-1-1_Jeong_lane1T1xiTRU3C52	CC	1	2	inv_h2	1001	idup_h2	1011	4.25621244181102	0.600139615759811	0.0625
chr13	16200000	16600000	fastq0023_HPNE_T1	HCJY7AFX7_MIxT1XT3_24s001577-1-1_Jeong_lane1T1xiTRU3C55	CC	1	2	inv_h1	0110	inv_h2	1001	5.24195633357618	0.175559969779409	0.03125
chr13	16600000	17400000	fastq0023_HPNE_T1	HCJY7AFX7_MIxT1XT3_24s001577-1-1_Jeong_lane1T1xiTRU3C15	CW	1	4	del_h1	0010	inv_h1	0110	4.2668476926981	0.508403954220102	0.0625
chr13	16600000	17400000	fastq0023_HPNE_T1	HCJY7AFX7_MIxT1XT3_24s001577-1-1_Jeong_lane1T1xiTRU3C21	CC	1	4	inv_h1	0110	inv_hom	0101	7.29032887098472	0.267738565528006	0.125
chr13	16600000	17400000	fastq0023_HPNE_T1	HCJY7AFX7_MIxT1XT3_24s001577-1-1_Jeong_lane1T1xiTRU3C33	WW	1	4	inv_h1	0110	inv_h2	1001	8.53509692678321	3.86966921939397	0.125
chr13	16600000	17400000	fastq0023_HPNE_T1	HCJY7AFX7_MIxT1XT3_24s001577-1-1_Jeong_lane1T1xiTRU3C61	WC	1	4	inv_h1	0110	del_h1	0010	5.65193226528293	1.26495105745006	0.125
chr13	16600000	17400000	fastq0023_HPNE_T1	HCJY7AFX7_MIxT1XT3_24s001577-1-1_Jeong_lane1T1xiTRU3C84	CW	1	4	inv_h2	1001	del_h2	1000	9.32936645825801	1.64415369881513	0.03125
chr13	16600000	17400000	fastq0023_HPNE_T1	HCJY7AFX7_MIxT1XT3_24s001577-1-1_Jeong_lane1T1xiTRU3C85	WW	1	4	inv_h1	0110	inv_h2	1001	4.3173514774696	0.873936945839983	0.125
chr13	16600000	17400000	fastq0023_HPNE_T1	HCJY7AFX7_MIxT1XT3_24s001577-1-1_Jeong_lane1T1xiTRU3C91	WC	1	4	del_h1	0010	inv_h1	0110	6.59148030412673	1.82698638897461	0.0625
chr13	18200000	18400000	fastq0023_HPNE_T1	HCJY7AFX7_MIxT1XT3_24s001577-1-1_Jeong_lane1T1xiTRU3C18	WC	1	1	inv_h1	0110	complex	0220	11.0570126421538	0.231313436020397	0.0625
chr13	18200000	18400000	fastq0023_HPNE_T1	HCJY7AFX7_MIxT1XT3_24s001577-1-1_Jeong_lane1T1xiTRU3C21	CC	1	1	dup_hom	2020	dup_h2	1020	4.42406104436953	2.49104383941358	0.0625
chr13	18200000	18400000	fastq0023_HPNE_T1	HCJY7AFX7_MIxT1XT3_24s001577-1-1_Jeong_lane1T1xiTRU3C25	CW	1	1	complex	0130	complex	0040	10.5959357899494	2.27302869487038	0.40625
chr13	18200000	18400000	fastq0023_HPNE_T1	HCJY7AFX7_MIxT1XT3_24s001577-1-1_Jeong_lane1T1xiTRU3C26	WW	1	1	complex	0202	complex	0103	31.241314618522	0.00091896850810258	0.40625
chr13	18200000	18400000	fastq0023_HPNE_T1	HCJY7AFX7_MIxT1XT3_24s001577-1-1_Jeong_lane1T1xiTRU3C27	WW	1	1	complex	0202	inv_hom	0101	46.3923565867059	0.00147814504654242	0.40625
chr13	18200000	18400000	fastq0023_HPNE_T1	HCJY7AFX7_MIxT1XT3_24s001577-1-1_Jeong_lane1T1xiTRU3C31	WW	1	1	inv_h1	0110	complex	0220	16.7650709831944	0.455711600949131	0.0625
chr13	18200000	18400000	fastq0023_HPNE_T1	HCJY7AFX7_MIxT1XT3_24s001577-1-1_Jeong_lane1T1xiTRU3C33	WW	1	1	complex	0130	complex	0220	8.39828851603491	0.439939786903437	0.40625
chr13	18200000	18400000	fastq0023_HPNE_T1	HCJY7AFX7_MIxT1XT3_24s001577-1-1_Jeong_lane1T1xiTRU3C52	CC	1	1	inv_hom	0101	inv_h1	0110	9.40438566753419	0.0185314208384284	0.03125
chr13	18200000	18400000	fastq0023_HPNE_T1	HCJY7AFX7_MIxT1XT3_24s001577-1-1_Jeong_lane1T1xiTRU3C55	CC	1	1	dup_hom	2020	dup_h1	2010	5.09580232310856	2.78380369695459	0.0625
chr13	18200000	18400000	fastq0023_HPNE_T1	HCJY7AFX7_MIxT1XT3_24s001577-1-1_Jeong_lane1T1xiTRU3C62	CC	1	1	complex	1003	complex	0004	29.1695874208739	1.96614166076355	0.40625
chr13	18200000	18400000	fastq0023_HPNE_T1	HCJY7AFX7_MIxT1XT3_24s001577-1-1_Jeong_lane1T1xiTRU3C69	WW	1	1	complex	1102	complex	1201	29.9728171428713	1.08754894204087	0.40625
chr13	18200000	18400000	fastq0023_HPNE_T1	HCJY7AFX7_MIxT1XT3_24s001577-1-1_Jeong_lane1T1xiTRU3C75	WW	1	1	idup_h1	1110	complex	1120	21.3819790137778	0.472045622974711	0.09375
chr13	18200000	18400000	fastq0023_HPNE_T1	HCJY7AFX7_MIxT1XT3_24s001577-1-1_Jeong_lane1T1xiTRU3C76	WC	1	1	complex	1120	complex	0130	15.3117171554072	3.55665695741623	0.40625
chr13	18200000	18400000	fastq0023_HPNE_T1	HCJY7AFX7_MIxT1XT3_24s001577-1-1_Jeong_lane1T1xiTRU3C81	CW	1	1	complex	0121	complex	0130	16.0272004638944	3.84655707160374	0.40625
chr13	18200000	18400000	fastq0023_HPNE_T1	HCJY7AFX7_MIxT1XT3_24s001577-1-1_Jeong_lane1T1xiTRU3C83	CW	1	1	dup_h2	1020	dup_hom	2020	5.28497391542961	0.970937249404043	0.03125
chr13	18200000	18400000	fastq0023_HPNE_T1	HCJY7AFX7_MIxT1XT3_24s001577-1-1_Jeong_lane1T1xiTRU3C84	CW	1	1	idup_h1	1110	complex	1111	8.70894124718989	1.9313996842995	0.09375
chr13	18200000	18400000	fastq0023_HPNE_T1	HCJY7AFX7_MIxT1XT3_24s001577-1-1_Jeong_lane1T1xiTRU3C85	WW	1	1	complex	0220	complex	0130	14.2569339554667	0.62875271723324	0.40625
chr13	18200000	18400000	fastq0023_HPNE_T1	HCJY7AFX7_MIxT1XT3_24s001577-1-1_Jeong_lane1T1xiTRU3C86	CW	1	1	complex	1120	dup_h2	1020	9.05193655289381	1.48776482196884	0.40625
chr13	18200000	18400000	fastq0023_HPNE_T1	HCJY7AFX7_MIxT1XT3_24s001577-1-1_Jeong_lane1T1xiTRU3C87	CW	1	1	complex	1030	dup_h2	1020	11.0588288257969	0.896275214803541	0.40625
chr13	18200000	18400000	fastq0023_HPNE_T1	HCJY7AFX7_MIxT1XT3_24s001577-1-1_Jeong_lane1T1xiTRU3C89	CW	1	1	idup_h1	1110	complex	1111	9.11737055324047	2.72839701179516	0.09375
chr13	18200000	18400000	fastq0023_HPNE_T1	HCJY7AFX7_MIxT1XT3_24s001577-1-1_Jeong_lane1T1xiTRU3C90	CW	1	1	complex	1003	complex	2002	37.9330016104105	2.03985145880436	0.40625
chr13	18200000	18400000	fastq0023_HPNE_T1	HCJY7AFX7_MIxT1XT3_24s001577-1-1_Jeong_lane1T1xiTRU3C95	CC	1	1	complex	0220	inv_h1	0110	23.2461134550707	0.127377937448768	0.40625
chr13	18800000	21200000	fastq0023_HPNE_T1	HCJY7AFX7_MIxT1XT3_24s001577-1-1_Jeong_lane1T1xiTRU3C25	CW	1	12	inv_h1	0110	complex	0030	14.8445581647195	1.30187174036268	0.0625
chr13	18800000	21200000	fastq0023_HPNE_T1	HCJY7AFX7_MIxT1XT3_24s001577-1-1_Jeong_lane1T1xiTRU3C69	WW	1	12	inv_h1	0110	idup_h1	1110	14.9877138666047	2.44094133980769	0.0625
chr13	18800000	21200000	fastq0023_HPNE_T1	HCJY7AFX7_MIxT1XT3_24s001577-1-1_Jeong_lane1T1xiTRU3C83	CW	1	12	complex	0030	inv_h1	0110	15.5299215291122	0.650713562477121	0.03125
chr13	18800000	21200000	fastq0023_HPNE_T1	HCJY7AFX7_MIxT1XT3_24s001577-1-1_Jeong_lane1T1xiTRU3C90	CW	1	12	inv_h2	1001	complex	2000	14.5727124352677	1.48850217818643	0.03125
chr13	21200000	22600000	fastq0023_HPNE_T1	HCJY7AFX7_MIxT1XT3_24s001577-1-1_Jeong_lane1T1xiTRU3C25	CW	1	7	inv_h1	0110	complex	0020	8.70787514676712	1.93694681427188	0.0625
chr13	21200000	22600000	fastq0023_HPNE_T1	HCJY7AFX7_MIxT1XT3_24s001577-1-1_Jeong_lane1T1xiTRU3C83	CW	1	7	inv_h1	0110	complex	0030	13.1617996753342	1.6958218558337	0.0625
chr13	21200000	22600000	fastq0023_HPNE_T1	HCJY7AFX7_MIxT1XT3_24s001577-1-1_Jeong_lane1T1xiTRU3C90	CW	1	7	complex	2000	inv_h2	1001	11.2046070836189	0.0522255917800827	0.03125
chr13	22600000	23200000	fastq0023_HPNE_T1	HCJY7AFX7_MIxT1XT3_24s001577-1-1_Jeong_lane1T1xiTRU3C83	CW	1	3	del_h1	0010	inv_h1	0110	4.04729465619956	0.119949121576184	0.03125
chr13	23200000	26200000	fastq0023_HPNE_T1	HCJY7AFX7_MIxT1XT3_24s001577-1-1_Jeong_lane1T1xiTRU3C25	CW	1	15	inv_h1	0110	complex	0020	15.9219989934393	2.57901835737873	0.0625
chr13	23200000	26200000	fastq0023_HPNE_T1	HCJY7AFX7_MIxT1XT3_24s001577-1-1_Jeong_lane1T1xiTRU3C81	CW	1	15	inv_hom	0101	complex	0011	9.63036956389298	4.60516584917152	0.03125
chr13	23200000	26200000	fastq0023_HPNE_T1	HCJY7AFX7_MIxT1XT3_24s001577-1-1_Jeong_lane1T1xiTRU3C83	CW	1	15	inv_h1	0110	complex	0020	15.9404924156798	2.57901837328756	0.0625
chr13	26400000	29600000	fastq0023_HPNE_T1	HCJY7AFX7_MIxT1XT3_24s001577-1-1_Jeong_lane1T1xiTRU3C25	CW	1	16	inv_h1	0110	complex	0020	15.768863695466	2.53044735462122	0.03125
chr13	26400000	29600000	fastq0023_HPNE_T1	HCJY7AFX7_MIxT1XT3_24s001577-1-1_Jeong_lane1T1xiTRU3C83	CW	1	16	complex	0020	inv_h1	0110	15.9260201741006	0.14801936659971	0.03125
chr13	29600000	30400000	fastq0023_HPNE_T1	HCJY7AFX7_MIxT1XT3_24s001577-1-1_Jeong_lane1T1xiTRU3C83	CW	1	4	inv_h1	0110	del_h1	0010	6.55105341202284	1.18268283124509	0.03125
chr13	30600000	31200000	fastq0023_HPNE_T1	HCJY7AFX7_MIxT1XT3_24s001577-1-1_Jeong_lane1T1xiTRU3C83	CW	1	3	inv_h1	0110	del_h1	0010	4.10321375434904	0.158477830091221	0.03125
chr13	31200000	35000000	fastq0023_HPNE_T1	HCJY7AFX7_MIxT1XT3_24s001577-1-1_Jeong_lane1T1xiTRU3C25	CW	1	19	inv_h1	0110	complex	0020	15.8190630118165	2.59174059443072	0.0625
chr13	31200000	35000000	fastq0023_HPNE_T1	HCJY7AFX7_MIxT1XT3_24s001577-1-1_Jeong_lane1T1xiTRU3C83	CW	1	19	inv_h1	0110	complex	0020	15.8480920534549	1.25250727058939	0.0625
chr13	31200000	35000000	fastq0023_HPNE_T1	HCJY7AFX7_MIxT1XT3_24s001577-1-1_Jeong_lane1T1xiTRU3C87	CW	1	19	inv_hom	0101	ref_hom	1010	4.00846492396244	4.00846492396244	0.03125
chr13	35000000	35600000	fastq0023_HPNE_T1	HCJY7AFX7_MIxT1XT3_24s001577-1-1_Jeong_lane1T1xiTRU3C83	CW	1	3	del_h1	0010	inv_h1	0110	4.84608056978787	2.6442939052186	0.03125
chr13	35600000	36400000	fastq0023_HPNE_T1	HCJY7AFX7_MIxT1XT3_24s001577-1-1_Jeong_lane1T1xiTRU3C25	CW	1	4	inv_h1	0110	del_h1	0010	4.02320102352469	0.607784009492648	0.0625
chr13	35600000	36400000	fastq0023_HPNE_T1	HCJY7AFX7_MIxT1XT3_24s001577-1-1_Jeong_lane1T1xiTRU3C83	CW	1	4	inv_h1	0110	del_h1	0010	5.38054110193039	0.0361415775677507	0.0625
chr13	37000000	39200000	fastq0023_HPNE_T1	HCJY7AFX7_MIxT1XT3_24s001577-1-1_Jeong_lane1T1xiTRU3C25	CW	1	11	del_h1	0010	inv_h1	0110	12.6535306786102	0.910968011543074	0.03125
chr13	37000000	39200000	fastq0023_HPNE_T1	HCJY7AFX7_MIxT1XT3_24s001577-1-1_Jeong_lane1T1xiTRU3C83	CW	1	11	inv_h1	0110	del_h1	0010	15.7002451282488	0.669443575638264	0.03125
chr13	39200000	43800000	fastq0023_HPNE_T1	HCJY7AFX7_MIxT1XT3_24s001577-1-1_Jeong_lane1T1xiTRU3C25	CW	1	23	inv_h1	0110	complex	0020	15.095251248186	2.14419977089827	0.03125
chr13	39200000	43800000	fastq0023_HPNE_T1	HCJY7AFX7_MIxT1XT3_24s001577-1-1_Jeong_lane1T1xiTRU3C84	CW	1	23	inv_hom	0101	ref_hom	1010	4.44471431412701	4.44471431412701	0.03125
chr13	45600000	53600000	fastq0023_HPNE_T1	HCJY7AFX7_MIxT1XT3_24s001577-1-1_Jeong_lane1T1xiTRU3C84	CW	1	40	inv_hom	0101	complex	0011	7.94981949443574	4.60516591484853	0.03125
chr13	61800000	68400000	fastq0023_HPNE_T1	HCJY7AFX7_MIxT1XT3_24s001577-1-1_Jeong_lane1T1xiTRU3C18	CC	1	33	del_h2	1000	del_h1	0010	7.57365886245342	1.57681610724048e-06	0.15625
chr13	61800000	68400000	fastq0023_HPNE_T1	HCJY7AFX7_MIxT1XT3_24s001577-1-1_Jeong_lane1T1xiTRU3C20	WC	1	33	inv_hom	0101	ref_hom	1010	4.22968318432121	4.22968318432121	0.03125
chr13	61800000	68400000	fastq0023_HPNE_T1	HCJY7AFX7_MIxT1XT3_24s001577-1-1_Jeong_lane1T1xiTRU3C31	WW	1	33	del_h1	0010	del_h2	1000	6.25696707728309	5.99146297029187	0.0625
chr13	61800000	68400000	fastq0023_HPNE_T1	HCJY7AFX7_MIxT1XT3_24s001577-1-1_Jeong_lane1T1xiTRU3C52	CC	1	33	del_h2	1000	del_h1	0010	7.84364149593707	1.57681610724048e-06	0.15625
chr13	61800000	68400000	fastq0023_HPNE_T1	HCJY7AFX7_MIxT1XT3_24s001577-1-1_Jeong_lane1T1xiTRU3C55	CC	1	33	del_h1	0010	del_h2	1000	9.9377838265324	5.99146297029188	0.0625
chr13	61800000	68400000	fastq0023_HPNE_T1	HCJY7AFX7_MIxT1XT3_24s001577-1-1_Jeong_lane1T1xiTRU3C69	WW	1	33	del_h2	1000	del_h1	0010	4.0254894152667	1.57681610724048e-06	0.15625
chr13	61800000	68400000	fastq0023_HPNE_T1	HCJY7AFX7_MIxT1XT3_24s001577-1-1_Jeong_lane1T1xiTRU3C75	WW	1	33	del_h2	1000	del_h1	0010	7.84030157908474	5.99146612392409	0.15625
chr13	61800000	68400000	fastq0023_HPNE_T1	HCJY7AFX7_MIxT1XT3_24s001577-1-1_Jeong_lane1T1xiTRU3C89	CC	1	33	del_h2	1000	del_h1	0010	5.8529149006143	1.57681610724048e-06	0.15625
chr13	68400000	71800000	fastq0023_HPNE_T1	HCJY7AFX7_MIxT1XT3_24s001577-1-1_Jeong_lane1T1xiTRU3C55	CC	1	17	del_h2	1000	del_h1	0010	8.53640144048946	5.99013818816246	0.03125
chr13	68400000	71800000	fastq0023_HPNE_T1	HCJY7AFX7_MIxT1XT3_24s001577-1-1_Jeong_lane1T1xiTRU3C75	WW	1	17	del_h1	0010	del_h2	1000	6.79466564751993	0.00132635894552324	0.03125
chr13	71800000	79200000	fastq0023_HPNE_T1	HCJY7AFX7_MIxT1XT3_24s001577-1-1_Jeong_lane1T1xiTRU3C84	CW	1	37	inv_hom	0101	ref_hom	1010	4.4389443862801	4.4389443862801	0.03125
chr13	80800000	86400000	fastq0023_HPNE_T1	HCJY7AFX7_MIxT1XT3_24s001577-1-1_Jeong_lane1T1xiTRU3C26	WW	1	27	inv_h2	1001	inv_h1	0110	11.4383796488806	3.89070880286724e-05	0.03125
chr13	80800000	86400000	fastq0023_HPNE_T1	HCJY7AFX7_MIxT1XT3_24s001577-1-1_Jeong_lane1T1xiTRU3C75	WW	1	27	del_h1	0010	del_h2	1000	5.11305546489862	3.24747701174743e-06	0.0625
chr13	80800000	86400000	fastq0023_HPNE_T1	HCJY7AFX7_MIxT1XT3_24s001577-1-1_Jeong_lane1T1xiTRU3C89	CC	1	27	del_h1	0010	del_h2	1000	4.11181835842739	3.24747701174743e-06	0.0625
chr13	86400000	90200000	fastq0023_HPNE_T1	HCJY7AFX7_MIxT1XT3_24s001577-1-1_Jeong_lane1T1xiTRU3C26	WW	1	19	inv_h2	1001	complex	1100	13.5711227854725	3.76622548641254	0.03125
chr13	92400000	95200000	fastq0023_HPNE_T1	HCJY7AFX7_MIxT1XT3_24s001577-1-1_Jeong_lane1T1xiTRU3C26	WW	1	14	inv_hom	0101	complex	0200	16.858307846266	5.84653862761268	0.03125
chr13	95200000	95400000	fastq0023_HPNE_T1	HCJY7AFX7_MIxT1XT3_24s001577-1-1_Jeong_lane1T1xiTRU3C26	WW	1	1	inv_hom	0101	inv_h1	0110	4.13935236111884	2.63082012885495	0.03125
chr13	95400000	98000000	fastq0023_HPNE_T1	HCJY7AFX7_MIxT1XT3_24s001577-1-1_Jeong_lane1T1xiTRU3C26	WW	1	13	inv_hom	0101	complex	0002	16.9521655616837	5.84593610493221	0.0625
chr13	95400000	98000000	fastq0023_HPNE_T1	HCJY7AFX7_MIxT1XT3_24s001577-1-1_Jeong_lane1T1xiTRU3C87	CW	1	13	inv_hom	0101	ref_hom	1010	10.203520990787	10.203520990787	0.0625
chr13	98000000	101000000	fastq0023_HPNE_T1	HCJY7AFX7_MIxT1XT3_24s001577-1-1_Jeong_lane1T1xiTRU3C26	WW	1	15	inv_hom	0101	complex	0003	22.714183492506	3.91202101312727	0.03125
chr13	101000000	106200000	fastq0023_HPNE_T1	HCJY7AFX7_MIxT1XT3_24s001577-1-1_Jeong_lane1T1xiTRU3C26	WW	1	26	inv_hom	0101	complex	0002	17.4244686842353	6.33603890321784	0.03125
chr13	106200000	107200000	fastq0023_HPNE_T1	HCJY7AFX7_MIxT1XT3_24s001577-1-1_Jeong_lane1T1xiTRU3C26	WW	1	5	inv_hom	0101	complex	0002	22.1231958401969	4.1854135742346	0.03125
chr13	107200000	109000000	fastq0023_HPNE_T1	HCJY7AFX7_MIxT1XT3_24s001577-1-1_Jeong_lane1T1xiTRU3C26	WW	1	9	inv_hom	0101	complex	0200	16.6001573695424	5.57073299233337	0.03125
chr13	109000000	111200000	fastq0023_HPNE_T1	HCJY7AFX7_MIxT1XT3_24s001577-1-1_Jeong_lane1T1xiTRU3C26	WW	1	11	inv_hom	0101	complex	0003	22.5689617147927	4.37619160550232	0.03125
chr13	109000000	111200000	fastq0023_HPNE_T1	HCJY7AFX7_MIxT1XT3_24s001577-1-1_Jeong_lane1T1xiTRU3C55	CC	1	11	inv_h1	0110	inv_h2	1001	4.32682823006792	0.000795979030817406	0.03125
chr13	111200000	114364328	fastq0023_HPNE_T1	HCJY7AFX7_MIxT1XT3_24s001577-1-1_Jeong_lane1T1xiTRU3C26	WW	1	16	inv_hom	0101	complex	0102	16.8968932990106	5.9536180455433	0.03125
chr13	111200000	114364328	fastq0023_HPNE_T1	HCJY7AFX7_MIxT1XT3_24s001577-1-1_Jeong_lane1T1xiTRU3C55	CC	1	16	inv_h2	1001	inv_h1	0110	12.8121575300143	0.000788388991470157	0.0625
chr13	111200000	114364328	fastq0023_HPNE_T1	HCJY7AFX7_MIxT1XT3_24s001577-1-1_Jeong_lane1T1xiTRU3C75	WW	1	16	dup_h1	2010	dup_h2	1020	4.28521272770293	0.0853001484985372	0.03125
chr13	111200000	114364328	fastq0023_HPNE_T1	HCJY7AFX7_MIxT1XT3_24s001577-1-1_Jeong_lane1T1xiTRU3C89	CC	1	16	inv_h2	1001	inv_h1	0110	12.8539234624355	0.000788388991471045	0.0625
chr14	27600000	30400000	fastq0023_HPNE_T1	HCJY7AFX7_MIxT1XT3_24s001577-1-1_Jeong_lane1T1xiTRU3C76	CC	1	14	del_h1	0010	del_h2	1000	5.85181992386495	0.000213685607391323	0.03125
chr14	40400000	44600000	fastq0023_HPNE_T1	HCJY7AFX7_MIxT1XT3_24s001577-1-1_Jeong_lane1T1xiTRU3C75	CC	1	21	del_h2	1000	del_h1	0010	4.04324357611919	0.000377033414523442	0.0625
chr14	40400000	44600000	fastq0023_HPNE_T1	HCJY7AFX7_MIxT1XT3_24s001577-1-1_Jeong_lane1T1xiTRU3C76	CC	1	21	del_h2	1000	del_h1	0010	8.41835187946035	0.000377033414523442	0.0625
chr14	46200000	49200000	fastq0023_HPNE_T1	HCJY7AFX7_MIxT1XT3_24s001577-1-1_Jeong_lane1T1xiTRU3C87	WW	1	15	del_h2	1000	ref_hom	1010	4.29101520170703	4.29101520170703	0.03125
chr14	75800000	78600000	fastq0023_HPNE_T1	HCJY7AFX7_MIxT1XT3_24s001577-1-1_Jeong_lane1T1xiTRU3C55	CW	1	14	inv_h2	1001	complex	2000	14.8384333976083	0.247649295838737	0.03125
chr14	78600000	87600000	fastq0023_HPNE_T1	HCJY7AFX7_MIxT1XT3_24s001577-1-1_Jeong_lane1T1xiTRU3C55	CW	1	45	inv_h2	1001	complex	2000	15.9166465552971	0.899840930947687	0.03125
chr14	87600000	89000000	fastq0023_HPNE_T1	HCJY7AFX7_MIxT1XT3_24s001577-1-1_Jeong_lane1T1xiTRU3C55	CW	1	7	inv_h2	1001	del_h2	1000	11.2772154681301	1.65600211320373	0.03125
chr14	89000000	91800000	fastq0023_HPNE_T1	HCJY7AFX7_MIxT1XT3_24s001577-1-1_Jeong_lane1T1xiTRU3C16	WW	1	14	idup_h1	1110	idup_h2	1011	5.06154762688835	0.191666116194734	0.03125
chr14	89000000	91800000	fastq0023_HPNE_T1	HCJY7AFX7_MIxT1XT3_24s001577-1-1_Jeong_lane1T1xiTRU3C55	CW	1	14	complex	2000	complex	3000	15.8856529432383	1.08070695011839	0.03125
chr14	92200000	96000000	fastq0023_HPNE_T1	HCJY7AFX7_MIxT1XT3_24s001577-1-1_Jeong_lane1T1xiTRU3C16	WW	1	19	idup_h1	1110	idup_h2	1011	7.49187036891323	0.361316515264296	0.03125
chr14	92200000	96000000	fastq0023_HPNE_T1	HCJY7AFX7_MIxT1XT3_24s001577-1-1_Jeong_lane1T1xiTRU3C55	CW	1	19	inv_h2	1001	complex	2000	14.6858145982438	0.34536377042221	0.03125
chr14	96000000	98800000	fastq0023_HPNE_T1	HCJY7AFX7_MIxT1XT3_24s001577-1-1_Jeong_lane1T1xiTRU3C16	WW	1	14	inv_h1	0110	inv_h2	1001	11.7483089977856	0.134796413750708	0.09375
chr14	96000000	98800000	fastq0023_HPNE_T1	HCJY7AFX7_MIxT1XT3_24s001577-1-1_Jeong_lane1T1xiTRU3C19	WC	1	14	inv_h1	0110	complex	0030	8.97768802962817	1.96352117705386	0.09375
chr14	96000000	98800000	fastq0023_HPNE_T1	HCJY7AFX7_MIxT1XT3_24s001577-1-1_Jeong_lane1T1xiTRU3C33	CC	1	14	inv_h1	0110	inv_h2	1001	15.0741405310742	0.134796413750708	0.09375
chr14	98800000	102600000	fastq0023_HPNE_T1	HCJY7AFX7_MIxT1XT3_24s001577-1-1_Jeong_lane1T1xiTRU3C16	WW	1	19	inv_h1	0110	inv_h2	1001	12.6898410145762	0.0567963017912732	0.0625
chr14	98800000	102600000	fastq0023_HPNE_T1	HCJY7AFX7_MIxT1XT3_24s001577-1-1_Jeong_lane1T1xiTRU3C19	WC	1	19	complex	0030	inv_h1	0110	19.7986707557395	3.08674125115822	0.03125
chr14	98800000	102600000	fastq0023_HPNE_T1	HCJY7AFX7_MIxT1XT3_24s001577-1-1_Jeong_lane1T1xiTRU3C33	CC	1	19	inv_h1	0110	idup_h1	1110	22.2245101878992	3.24940857111355	0.0625
chr14	98800000	102600000	fastq0023_HPNE_T1	HCJY7AFX7_MIxT1XT3_24s001577-1-1_Jeong_lane1T1xiTRU3C76	CC	1	19	dup_h2	1020	dup_h1	2010	6.35574399221087	1.43955018222317	0.125
chr14	98800000	102600000	fastq0023_HPNE_T1	HCJY7AFX7_MIxT1XT3_24s001577-1-1_Jeong_lane1T1xiTRU3C87	WW	1	19	dup_h2	1020	dup_h1	2010	5.81123048969386	1.43955018222317	0.125
chr14	98800000	102600000	fastq0023_HPNE_T1	HCJY7AFX7_MIxT1XT3_24s001577-1-1_Jeong_lane1T1xiTRU3C89	CC	1	19	dup_h2	1020	dup_h1	2010	5.82061973450886	0.053255821103281	0.125
chr14	98800000	102600000	fastq0023_HPNE_T1	HCJY7AFX7_MIxT1XT3_24s001577-1-1_Jeong_lane1T1xiTRU3C90	CC	1	19	dup_h2	1020	dup_h1	2010	4.40682228293575	1.43955018222317	0.125
chr14	98800000	102600000	fastq0023_HPNE_T1	HCJY7AFX7_MIxT1XT3_24s001577-1-1_Jeong_lane1T1xiTRU3C91	CC	1	19	dup_h1	2010	dup_h2	1020	5.86297797130372	1.33303854001661	0.03125
chr14	102600000	103400000	fastq0023_HPNE_T1	HCJY7AFX7_MIxT1XT3_24s001577-1-1_Jeong_lane1T1xiTRU3C19	WC	1	4	complex	0030	complex	0040	5.4865342686113	0.52430073839254	0.03125
chr14	104000000	105800000	fastq0023_HPNE_T1	HCJY7AFX7_MIxT1XT3_24s001577-1-1_Jeong_lane1T1xiTRU3C16	WW	1	9	idup_h1	1110	idup_h2	1011	4.09609415635104	0.406891513305289	0.03125
chr14	104000000	105800000	fastq0023_HPNE_T1	HCJY7AFX7_MIxT1XT3_24s001577-1-1_Jeong_lane1T1xiTRU3C19	WC	1	9	inv_h1	0110	complex	0020	12.494476222069	2.85981881079436	0.03125
chr14	104000000	105800000	fastq0023_HPNE_T1	HCJY7AFX7_MIxT1XT3_24s001577-1-1_Jeong_lane1T1xiTRU3C33	CC	1	9	inv_h2	1001	idup_h1	1110	8.552975084398	2.43754017961521	0.03125
chr14	104000000	105800000	fastq0023_HPNE_T1	HCJY7AFX7_MIxT1XT3_24s001577-1-1_Jeong_lane1T1xiTRU3C75	CW	1	9	dup_hom	2020	dup_h2	1020	4.97341398161169	2.52184898915989	0.0625
chr14	104000000	105800000	fastq0023_HPNE_T1	HCJY7AFX7_MIxT1XT3_24s001577-1-1_Jeong_lane1T1xiTRU3C76	CC	1	9	dup_hom	2020	dup_h2	1020	7.47453019832287	1.18636317855896	0.0625
chr14	104000000	105800000	fastq0023_HPNE_T1	HCJY7AFX7_MIxT1XT3_24s001577-1-1_Jeong_lane1T1xiTRU3C91	CC	1	9	dup_h2	1020	dup_h1	2010	4.17963611144848	0.0677442661664411	0.03125
chr15	23000000	24800000	fastq0023_HPNE_T1	HCJY7AFX7_MIxT1XT3_24s001577-1-1_Jeong_lane1T1xiTRU3C76	WC	1	8	inv_h2	1001	complex	2000	13.9718373921451	0.69568215041811	0.03125
chr15	24800000	29400000	fastq0023_HPNE_T1	HCJY7AFX7_MIxT1XT3_24s001577-1-1_Jeong_lane1T1xiTRU3C76	WC	1	21	complex	2000	complex	3000	21.1390725080766	2.76204562630529	0.03125
chr15	30600000	31400000	fastq0023_HPNE_T1	HCJY7AFX7_MIxT1XT3_24s001577-1-1_Jeong_lane1T1xiTRU3C76	WC	1	4	complex	3000	complex	4000	11.7501113938228	0.898019172699886	0.03125
chr15	31600000	34400000	fastq0023_HPNE_T1	HCJY7AFX7_MIxT1XT3_24s001577-1-1_Jeong_lane1T1xiTRU3C22	CW	1	12	del_h1	0010	complex	0020	13.91477914303	7.81750906603321	0.03125
chr15	31600000	34400000	fastq0023_HPNE_T1	HCJY7AFX7_MIxT1XT3_24s001577-1-1_Jeong_lane1T1xiTRU3C76	WC	1	12	inv_h2	1001	complex	2000	13.7000502265182	0.423697223379581	0.03125
chr15	34400000	38600000	fastq0023_HPNE_T1	HCJY7AFX7_MIxT1XT3_24s001577-1-1_Jeong_lane1T1xiTRU3C22	CW	1	21	del_h1	0010	complex	0020	18.766602368162	8.31038688504062	0.0625
chr15	34400000	38600000	fastq0023_HPNE_T1	HCJY7AFX7_MIxT1XT3_24s001577-1-1_Jeong_lane1T1xiTRU3C76	WC	1	21	del_h2	1000	complex	2000	16.2093021156764	3.71879361694313	0.03125
chr15	34400000	38600000	fastq0023_HPNE_T1	HCJY7AFX7_MIxT1XT3_24s001577-1-1_Jeong_lane1T1xiTRU3C90	WW	1	21	del_h1	0010	del_h2	1000	6.51638254625573	0.647772157077084	0.0625
chr15	38600000	40200000	fastq0023_HPNE_T1	HCJY7AFX7_MIxT1XT3_24s001577-1-1_Jeong_lane1T1xiTRU3C22	CW	1	8	del_h1	0010	inv_h1	0110	7.1197816511488	0.570724385708945	0.03125
chr15	38600000	40200000	fastq0023_HPNE_T1	HCJY7AFX7_MIxT1XT3_24s001577-1-1_Jeong_lane1T1xiTRU3C76	WC	1	8	complex	2000	inv_h2	1001	14.6369683608673	0.586957517358147	0.03125
chr15	40200000	42000000	fastq0023_HPNE_T1	HCJY7AFX7_MIxT1XT3_24s001577-1-1_Jeong_lane1T1xiTRU3C22	CW	1	9	del_h1	0010	complex	0100	9.74469988015994	4.67662252319524	0.03125
chr15	40200000	42000000	fastq0023_HPNE_T1	HCJY7AFX7_MIxT1XT3_24s001577-1-1_Jeong_lane1T1xiTRU3C76	WC	1	9	complex	3000	dup_h1	2010	9.14944737890903	0.300839632218974	0.03125
chr15	40200000	42000000	fastq0023_HPNE_T1	HCJY7AFX7_MIxT1XT3_24s001577-1-1_Jeong_lane1T1xiTRU3C87	CC	1	9	dup_h2	1020	dup_h1	2010	4.12092897733872	0.0134662409323907	0.03125
chr15	42000000	43800000	fastq0023_HPNE_T1	HCJY7AFX7_MIxT1XT3_24s001577-1-1_Jeong_lane1T1xiTRU3C22	CW	1	9	del_h1	0010	complex	0020	10.3128601555036	6.93459600257738	0.03125
chr15	45800000	50200000	fastq0023_HPNE_T1	HCJY7AFX7_MIxT1XT3_24s001577-1-1_Jeong_lane1T1xiTRU3C22	CW	1	22	del_h1	0010	complex	0100	17.0116060646585	5.04056648023515	0.03125
chr15	50200000	52400000	fastq0023_HPNE_T1	HCJY7AFX7_MIxT1XT3_24s001577-1-1_Jeong_lane1T1xiTRU3C22	CW	1	11	del_h1	0010	inv_h1	0110	11.8568740985777	4.12325508127057	0.03125
chr15	52400000	55200000	fastq0023_HPNE_T1	HCJY7AFX7_MIxT1XT3_24s001577-1-1_Jeong_lane1T1xiTRU3C22	CW	1	14	del_h2	1000	inv_h2	1001	11.2239190638512	3.98672875896334	0.03125
chr15	62200000	67200000	fastq0023_HPNE_T1	HCJY7AFX7_MIxT1XT3_24s001577-1-1_Jeong_lane1T1xiTRU3C22	CC	1	25	del_h1	0010	del_h2	1000	4.05665069828353	2.25708340906294e-11	0.03125
chr15	62200000	67200000	fastq0023_HPNE_T1	HCJY7AFX7_MIxT1XT3_24s001577-1-1_Jeong_lane1T1xiTRU3C87	CC	1	25	dup_h1	2010	dup_h2	1020	5.48680192637923	1.34276121208799	0.03125
chr15	73600000	75800000	fastq0023_HPNE_T1	HCJY7AFX7_MIxT1XT3_24s001577-1-1_Jeong_lane1T1xiTRU3C87	CC	1	10	dup_h1	2010	dup_h2	1020	4.83437826454819	1.36796019156745	0.03125
chr15	79400000	84400000	fastq0023_HPNE_T1	HCJY7AFX7_MIxT1XT3_24s001577-1-1_Jeong_lane1T1xiTRU3C22	CC	1	24	del_h1	0010	del_h2	1000	5.64796734235629	3.6999310459862e-07	0.03125
chr15	87800000	91200000	fastq0023_HPNE_T1	HCJY7AFX7_MIxT1XT3_24s001577-1-1_Jeong_lane1T1xiTRU3C16	WC	1	17	inv_hom	0101	idup_h2	1011	4.10498972819409	2.70774595500349	0.03125
chr15	87800000	91200000	fastq0023_HPNE_T1	HCJY7AFX7_MIxT1XT3_24s001577-1-1_Jeong_lane1T1xiTRU3C75	CC	1	17	dup_h1	2010	dup_h2	1020	7.17212767706589	2.76523829250238	0.03125
chr15	87800000	91200000	fastq0023_HPNE_T1	HCJY7AFX7_MIxT1XT3_24s001577-1-1_Jeong_lane1T1xiTRU3C87	CC	1	17	dup_h2	1020	dup_h1	2010	4.67303600062657	2.77993915197718	0.0625
chr15	87800000	91200000	fastq0023_HPNE_T1	HCJY7AFX7_MIxT1XT3_24s001577-1-1_Jeong_lane1T1xiTRU3C91	WW	1	17	dup_h2	1020	complex	0030	5.0338285212143	2.37943096380574	0.0625
chr15	93800000	98000000	fastq0023_HPNE_T1	HCJY7AFX7_MIxT1XT3_24s001577-1-1_Jeong_lane1T1xiTRU3C19	CC	1	21	inv_h1	0110	complex	1100	15.5361112342894	2.17396190236022	0.03125
chr15	93800000	98000000	fastq0023_HPNE_T1	HCJY7AFX7_MIxT1XT3_24s001577-1-1_Jeong_lane1T1xiTRU3C22	CC	1	21	del_h2	1000	ref_hom	1010	4.03844599729068	4.03844599729068	0.03125
chr15	98000000	101600000	fastq0023_HPNE_T1	HCJY7AFX7_MIxT1XT3_24s001577-1-1_Jeong_lane1T1xiTRU3C19	CC	1	18	inv_h1	0110	inv_h2	1001	9.88487096068502	0.00105971334801236	0.03125
chr16	0	5600000	fastq0023_HPNE_T1	HCJY7AFX7_MIxT1XT3_24s001577-1-1_Jeong_lane1T1xiTRU3C17	CW	1	28	complex	0030	complex	0120	17.9373061733173	1.26689534468293	0.09375
chr16	0	5600000	fastq0023_HPNE_T1	HCJY7AFX7_MIxT1XT3_24s001577-1-1_Jeong_lane1T1xiTRU3C33	WW	1	28	idup_h2	1011	idup_h1	1110	16.3125538263191	1.46283063085728	0.03125
chr16	0	5600000	fastq0023_HPNE_T1	HCJY7AFX7_MIxT1XT3_24s001577-1-1_Jeong_lane1T1xiTRU3C52	WW	1	28	dup_h1	2010	dup_h2	1020	4.79468739654622	1.78679728528056	0.0625
chr16	0	5600000	fastq0023_HPNE_T1	HCJY7AFX7_MIxT1XT3_24s001577-1-1_Jeong_lane1T1xiTRU3C59	WC	1	28	complex	0030	complex	0120	16.8323716880801	0.487965811159478	0.09375
chr16	0	5600000	fastq0023_HPNE_T1	HCJY7AFX7_MIxT1XT3_24s001577-1-1_Jeong_lane1T1xiTRU3C69	CW	1	28	dup_hom	2020	dup_h1	2010	9.30337085502128	3.75961816711274	0.125
chr16	0	5600000	fastq0023_HPNE_T1	HCJY7AFX7_MIxT1XT3_24s001577-1-1_Jeong_lane1T1xiTRU3C75	CC	1	28	dup_h1	2010	dup_h2	1020	14.3773303836805	3.17309164640045	0.0625
chr16	0	5600000	fastq0023_HPNE_T1	HCJY7AFX7_MIxT1XT3_24s001577-1-1_Jeong_lane1T1xiTRU3C76	CW	1	28	complex	3000	complex	4000	19.114699913876	2.96047958573204	0.09375
chr16	0	5600000	fastq0023_HPNE_T1	HCJY7AFX7_MIxT1XT3_24s001577-1-1_Jeong_lane1T1xiTRU3C81	WC	1	28	dup_hom	2020	dup_h1	2010	8.29863398450751	4.46813130987928	0.125
chr16	0	5600000	fastq0023_HPNE_T1	HCJY7AFX7_MIxT1XT3_24s001577-1-1_Jeong_lane1T1xiTRU3C86	CW	1	28	dup_h2	1020	ref_hom	1010	6.3651091508957	6.3651091508957	0.09375
chr16	0	5600000	fastq0023_HPNE_T1	HCJY7AFX7_MIxT1XT3_24s001577-1-1_Jeong_lane1T1xiTRU3C87	CC	1	28	dup_h2	1020	dup_h1	2010	10.490689324737	0.985791436959222	0.09375
chr16	0	5600000	fastq0023_HPNE_T1	HCJY7AFX7_MIxT1XT3_24s001577-1-1_Jeong_lane1T1xiTRU3C90	WC	1	28	dup_h2	1020	dup_hom	2020	8.04766420507827	0.659119743379192	0.09375
chr16	0	5600000	fastq0023_HPNE_T1	HCJY7AFX7_MIxT1XT3_24s001577-1-1_Jeong_lane1T1xiTRU3C91	WC	1	28	dup_hom	2020	dup_h1	2010	8.52132736560039	3.20785881369141	0.125
chr16	0	5600000	fastq0023_HPNE_T1	HCJY7AFX7_MIxT1XT3_24s001577-1-1_Jeong_lane1T1xiTRU3C95	CW	1	28	dup_hom	2020	dup_h2	1020	8.69089939458885	2.34265824612058	0.125
chr16	5600000	10600000	fastq0023_HPNE_T1	HCJY7AFX7_MIxT1XT3_24s001577-1-1_Jeong_lane1T1xiTRU3C17	CW	1	25	inv_h1	0110	complex	0020	16.978272299992	1.39560148891376	0.09375
chr16	5600000	10600000	fastq0023_HPNE_T1	HCJY7AFX7_MIxT1XT3_24s001577-1-1_Jeong_lane1T1xiTRU3C33	WW	1	25	inv_h1	0110	idup_h1	1110	22.1481718398626	4.62461854685689	0.09375
chr16	5600000	10600000	fastq0023_HPNE_T1	HCJY7AFX7_MIxT1XT3_24s001577-1-1_Jeong_lane1T1xiTRU3C59	WC	1	25	inv_h1	0110	complex	0020	22.9959143903586	6.09489370279635	0.09375
chr16	10600000	12800000	fastq0023_HPNE_T1	HCJY7AFX7_MIxT1XT3_24s001577-1-1_Jeong_lane1T1xiTRU3C33	WW	1	11	complex	0111	complex	1111	27.6536139684277	2.28961408252796	0.03125
chr16	10600000	12800000	fastq0023_HPNE_T1	HCJY7AFX7_MIxT1XT3_24s001577-1-1_Jeong_lane1T1xiTRU3C59	WC	1	11	inv_h1	0110	complex	0030	15.3474969661784	1.59718778168419	0.03125
chr16	10600000	12800000	fastq0023_HPNE_T1	HCJY7AFX7_MIxT1XT3_24s001577-1-1_Jeong_lane1T1xiTRU3C87	CC	1	11	dup_h1	2010	dup_h2	1020	6.15237124814055	1.34763203726336	0.03125
chr16	12800000	14200000	fastq0023_HPNE_T1	HCJY7AFX7_MIxT1XT3_24s001577-1-1_Jeong_lane1T1xiTRU3C59	WC	1	7	inv_h1	0110	del_h1	0010	8.18610436654993	0.471145755255192	0.03125
chr16	15000000	15200000	fastq0023_HPNE_T1	HCJY7AFX7_MIxT1XT3_24s001577-1-1_Jeong_lane1T1xiTRU3C55	WW	1	1	inv_hom	0101	inv_h2	1001	4.12257796363102	0.756649988478268	0.09375
chr16	15000000	15200000	fastq0023_HPNE_T1	HCJY7AFX7_MIxT1XT3_24s001577-1-1_Jeong_lane1T1xiTRU3C85	WW	1	1	inv_hom	0101	inv_h2	1001	6.11991693683829	1.15532506349513	0.09375
chr16	15000000	15200000	fastq0023_HPNE_T1	HCJY7AFX7_MIxT1XT3_24s001577-1-1_Jeong_lane1T1xiTRU3C87	CC	1	1	inv_hom	0101	inv_h2	1001	7.51437448523672	1.01754980440847	0.09375
chr16	15200000	15400000	fastq0023_HPNE_T1	HCJY7AFX7_MIxT1XT3_24s001577-1-1_Jeong_lane1T1xiTRU3C83	CC	1	1	inv_hom	0101	inv_h1	0110	6.4064968696764	2.04660878421966	0.03125
chr16	21400000	21800000	fastq0023_HPNE_T1	HCJY7AFX7_MIxT1XT3_24s001577-1-1_Jeong_lane1T1xiTRU3C27	CC	1	2	inv_hom	0101	inv_h1	0110	11.2015350026245	2.372530078726	0.3125
chr16	21400000	21800000	fastq0023_HPNE_T1	HCJY7AFX7_MIxT1XT3_24s001577-1-1_Jeong_lane1T1xiTRU3C30	CC	1	2	inv_hom	0101	inv_h1	0110	5.98496677338601	1.92628626794441	0.3125
chr16	21400000	21800000	fastq0023_HPNE_T1	HCJY7AFX7_MIxT1XT3_24s001577-1-1_Jeong_lane1T1xiTRU3C31	WW	1	2	inv_h2	1001	inv_hom	0101	8.14928411757208	1.11228322681651	0.03125
chr16	21400000	21800000	fastq0023_HPNE_T1	HCJY7AFX7_MIxT1XT3_24s001577-1-1_Jeong_lane1T1xiTRU3C33	WW	1	2	inv_hom	0101	inv_h1	0110	6.6827224238867	1.28143372496018	0.3125
chr16	21400000	21800000	fastq0023_HPNE_T1	HCJY7AFX7_MIxT1XT3_24s001577-1-1_Jeong_lane1T1xiTRU3C52	WW	1	2	inv_hom	0101	complex	0201	9.93535822592993	4.32766080980282	0.3125
chr16	21400000	21800000	fastq0023_HPNE_T1	HCJY7AFX7_MIxT1XT3_24s001577-1-1_Jeong_lane1T1xiTRU3C55	WW	1	2	inv_hom	0101	inv_h1	0110	9.48315932814654	3.28395012585736	0.3125
chr16	21400000	21800000	fastq0023_HPNE_T1	HCJY7AFX7_MIxT1XT3_24s001577-1-1_Jeong_lane1T1xiTRU3C61	CC	1	2	inv_hom	0101	inv_h1	0110	5.97264849486664	2.87860925999916	0.3125
chr16	21400000	21800000	fastq0023_HPNE_T1	HCJY7AFX7_MIxT1XT3_24s001577-1-1_Jeong_lane1T1xiTRU3C75	CC	1	2	inv_h1	0110	inv_hom	0101	9.2036845213968	2.6400335756243	0.03125
chr16	21400000	21800000	fastq0023_HPNE_T1	HCJY7AFX7_MIxT1XT3_24s001577-1-1_Jeong_lane1T1xiTRU3C83	CC	1	2	inv_hom	0101	inv_h1	0110	4.84234913406101	0.45001049609414	0.3125
chr16	21400000	21800000	fastq0023_HPNE_T1	HCJY7AFX7_MIxT1XT3_24s001577-1-1_Jeong_lane1T1xiTRU3C84	CC	1	2	inv_hom	0101	inv_h1	0110	8.12403670314908	1.59194377703976	0.3125
chr16	21400000	21800000	fastq0023_HPNE_T1	HCJY7AFX7_MIxT1XT3_24s001577-1-1_Jeong_lane1T1xiTRU3C85	WW	1	2	inv_hom	0101	inv_h1	0110	7.19228870300849	0.311292285026333	0.3125
chr16	21400000	21800000	fastq0023_HPNE_T1	HCJY7AFX7_MIxT1XT3_24s001577-1-1_Jeong_lane1T1xiTRU3C87	CC	1	2	inv_hom	0101	inv_h1	0110	16.9607194121094	2.1409602207992	0.3125
chr16	21800000	22600000	fastq0023_HPNE_T1	HCJY7AFX7_MIxT1XT3_24s001577-1-1_Jeong_lane1T1xiTRU3C15	CW	1	4	del_h2	1000	inv_h2	1001	5.9558561131303	3.44104407967973	0.03125
chr16	21800000	22600000	fastq0023_HPNE_T1	HCJY7AFX7_MIxT1XT3_24s001577-1-1_Jeong_lane1T1xiTRU3C17	CW	1	4	del_h1	0010	inv_h1	0110	4.82115672795069	1.46155276997519	0.5
chr16	21800000	22600000	fastq0023_HPNE_T1	HCJY7AFX7_MIxT1XT3_24s001577-1-1_Jeong_lane1T1xiTRU3C19	WC	1	4	del_h1	0010	inv_h1	0110	7.5476199426611	2.44211523926506	0.5
chr16	21800000	22600000	fastq0023_HPNE_T1	HCJY7AFX7_MIxT1XT3_24s001577-1-1_Jeong_lane1T1xiTRU3C20	WW	1	4	inv_hom	0101	inv_h1	0110	8.79152064277688	0.500573281703812	0.25
chr16	21800000	22600000	fastq0023_HPNE_T1	HCJY7AFX7_MIxT1XT3_24s001577-1-1_Jeong_lane1T1xiTRU3C21	WC	1	4	del_h1	0010	inv_h1	0110	4.81314518898868	2.23162517335211	0.5
chr16	21800000	22600000	fastq0023_HPNE_T1	HCJY7AFX7_MIxT1XT3_24s001577-1-1_Jeong_lane1T1xiTRU3C22	CW	1	4	del_h1	0010	inv_h1	0110	7.03842177288342	0.997906822781716	0.5
chr16	21800000	22600000	fastq0023_HPNE_T1	HCJY7AFX7_MIxT1XT3_24s001577-1-1_Jeong_lane1T1xiTRU3C25	CW	1	4	del_h1	0010	inv_h1	0110	7.55076881783713	1.73549060845005	0.5
chr16	21800000	22600000	fastq0023_HPNE_T1	HCJY7AFX7_MIxT1XT3_24s001577-1-1_Jeong_lane1T1xiTRU3C26	CW	1	4	del_h1	0010	inv_h1	0110	7.08265908338332	2.08118590785998	0.5
chr16	21800000	22600000	fastq0023_HPNE_T1	HCJY7AFX7_MIxT1XT3_24s001577-1-1_Jeong_lane1T1xiTRU3C27	CC	1	4	complex	0100	inv_hom	0101	9.55961376799264	0.258559122345732	0.09375
chr16	21800000	22600000	fastq0023_HPNE_T1	HCJY7AFX7_MIxT1XT3_24s001577-1-1_Jeong_lane1T1xiTRU3C30	CC	1	4	inv_hom	0101	inv_h1	0110	11.7034835462976	1.72667955054815	0.25
chr16	21800000	22600000	fastq0023_HPNE_T1	HCJY7AFX7_MIxT1XT3_24s001577-1-1_Jeong_lane1T1xiTRU3C31	WW	1	4	inv_hom	0101	complex	0100	14.6736081124046	1.27194616546296	0.25
chr16	21800000	22600000	fastq0023_HPNE_T1	HCJY7AFX7_MIxT1XT3_24s001577-1-1_Jeong_lane1T1xiTRU3C33	WW	1	4	inv_h1	0110	del_h1	0010	7.00262778079401	0.727745281187042	0.0625
chr16	21800000	22600000	fastq0023_HPNE_T1	HCJY7AFX7_MIxT1XT3_24s001577-1-1_Jeong_lane1T1xiTRU3C52	WW	1	4	inv_hom	0101	inv_h1	0110	10.1551900838918	1.03381650070372	0.25
chr16	21800000	22600000	fastq0023_HPNE_T1	HCJY7AFX7_MIxT1XT3_24s001577-1-1_Jeong_lane1T1xiTRU3C55	WW	1	4	inv_hom	0101	inv_h1	0110	14.2202576812563	1.83478024648476	0.25
chr16	21800000	22600000	fastq0023_HPNE_T1	HCJY7AFX7_MIxT1XT3_24s001577-1-1_Jeong_lane1T1xiTRU3C59	WC	1	4	del_h1	0010	inv_h1	0110	7.63983197794885	1.79859031334425	0.5
chr16	21800000	22600000	fastq0023_HPNE_T1	HCJY7AFX7_MIxT1XT3_24s001577-1-1_Jeong_lane1T1xiTRU3C61	CC	1	4	inv_hom	0101	complex	0100	12.1353913780871	1.30252121134717	0.25
chr16	21800000	22600000	fastq0023_HPNE_T1	HCJY7AFX7_MIxT1XT3_24s001577-1-1_Jeong_lane1T1xiTRU3C62	CW	1	4	del_h1	0010	inv_h1	0110	6.2817450647875	0.892784541275396	0.5
chr16	21800000	22600000	fastq0023_HPNE_T1	HCJY7AFX7_MIxT1XT3_24s001577-1-1_Jeong_lane1T1xiTRU3C69	CW	1	4	del_h1	0010	inv_h1	0110	7.94630378098109	0.670328132027596	0.5
chr16	21800000	22600000	fastq0023_HPNE_T1	HCJY7AFX7_MIxT1XT3_24s001577-1-1_Jeong_lane1T1xiTRU3C75	CC	1	4	inv_hom	0101	complex	0100	19.0879677916679	1.31912235111901	0.25
chr16	21800000	22600000	fastq0023_HPNE_T1	HCJY7AFX7_MIxT1XT3_24s001577-1-1_Jeong_lane1T1xiTRU3C76	CW	1	4	del_h1	0010	inv_h1	0110	8.45090682441275	2.05851198883911	0.5
chr16	21800000	22600000	fastq0023_HPNE_T1	HCJY7AFX7_MIxT1XT3_24s001577-1-1_Jeong_lane1T1xiTRU3C81	WC	1	4	del_h1	0010	inv_h1	0110	14.0315628006156	2.44398146732225	0.5
chr16	21800000	22600000	fastq0023_HPNE_T1	HCJY7AFX7_MIxT1XT3_24s001577-1-1_Jeong_lane1T1xiTRU3C83	CC	1	4	inv_h1	0110	inv_hom	0101	10.4480570197609	1.29446780929601	0.0625
chr16	21800000	22600000	fastq0023_HPNE_T1	HCJY7AFX7_MIxT1XT3_24s001577-1-1_Jeong_lane1T1xiTRU3C84	CC	1	4	complex	0100	inv_hom	0101	18.694740640014	0.724342063910461	0.09375
chr16	21800000	22600000	fastq0023_HPNE_T1	HCJY7AFX7_MIxT1XT3_24s001577-1-1_Jeong_lane1T1xiTRU3C85	WW	1	4	complex	0100	inv_hom	0101	18.4458128934047	0.422531199382965	0.09375
chr16	21800000	22600000	fastq0023_HPNE_T1	HCJY7AFX7_MIxT1XT3_24s001577-1-1_Jeong_lane1T1xiTRU3C86	CW	1	4	del_h1	0010	inv_h1	0110	5.4557119490473	3.27537226939405	0.5
chr16	21800000	22600000	fastq0023_HPNE_T1	HCJY7AFX7_MIxT1XT3_24s001577-1-1_Jeong_lane1T1xiTRU3C87	CC	1	4	inv_hom	0101	complex	0100	19.1056311218328	1.40514997288592	0.25
chr16	21800000	22600000	fastq0023_HPNE_T1	HCJY7AFX7_MIxT1XT3_24s001577-1-1_Jeong_lane1T1xiTRU3C89	CW	1	4	del_h1	0010	inv_h1	0110	12.1423130743468	3.0302801786514	0.5
chr16	21800000	22600000	fastq0023_HPNE_T1	HCJY7AFX7_MIxT1XT3_24s001577-1-1_Jeong_lane1T1xiTRU3C90	WC	1	4	del_h1	0010	inv_h1	0110	10.6369007289022	3.32282092036105	0.5
chr16	21800000	22600000	fastq0023_HPNE_T1	HCJY7AFX7_MIxT1XT3_24s001577-1-1_Jeong_lane1T1xiTRU3C91	WC	1	4	del_h1	0010	inv_h1	0110	6.11426702029648	0.668757829483795	0.5
chr16	21800000	22600000	fastq0023_HPNE_T1	HCJY7AFX7_MIxT1XT3_24s001577-1-1_Jeong_lane1T1xiTRU3C95	CW	1	4	del_h1	0010	inv_h1	0110	6.19079365776684	1.92096866105233	0.5
chr16	22600000	28400000	fastq0023_HPNE_T1	HCJY7AFX7_MIxT1XT3_24s001577-1-1_Jeong_lane1T1xiTRU3C75	CC	1	29	dup_h2	1020	dup_h1	2010	5.1746976835012	0.0676498609507306	0.03125
chr16	28800000	31600000	fastq0023_HPNE_T1	HCJY7AFX7_MIxT1XT3_24s001577-1-1_Jeong_lane1T1xiTRU3C75	CC	1	13	dup_h2	1020	dup_h1	2010	7.00793772049227	2.82494756411975	0.0625
chr16	28800000	31600000	fastq0023_HPNE_T1	HCJY7AFX7_MIxT1XT3_24s001577-1-1_Jeong_lane1T1xiTRU3C87	CC	1	13	dup_h2	1020	dup_h1	2010	6.31954970604454	0.052358841879963	0.0625
chr16	28800000	31600000	fastq0023_HPNE_T1	HCJY7AFX7_MIxT1XT3_24s001577-1-1_Jeong_lane1T1xiTRU3C91	WC	1	13	dup_hom	2020	dup_h2	1020	4.18262566485473	0.551210281136028	0.03125
chr16	34600000	35000000	fastq0023_HPNE_T1	HCJY7AFX7_MIxT1XT3_24s001577-1-1_Jeong_lane1T1xiTRU3C20	WW	1	2	inv_hom	0101	inv_h1	0110	5.6213762895544	2.85527567627427	0.40625
chr16	34600000	35000000	fastq0023_HPNE_T1	HCJY7AFX7_MIxT1XT3_24s001577-1-1_Jeong_lane1T1xiTRU3C27	CC	1	2	inv_hom	0101	complex	0200	12.5958387477037	4.74692660136842	0.40625
chr16	34600000	35000000	fastq0023_HPNE_T1	HCJY7AFX7_MIxT1XT3_24s001577-1-1_Jeong_lane1T1xiTRU3C30	CC	1	2	inv_hom	0101	inv_h1	0110	7.54370000334317	3.64954763184963	0.40625
chr16	34600000	35000000	fastq0023_HPNE_T1	HCJY7AFX7_MIxT1XT3_24s001577-1-1_Jeong_lane1T1xiTRU3C31	WW	1	2	inv_hom	0101	complex	0100	9.18931192251735	3.98419765585315	0.40625
chr16	34600000	35000000	fastq0023_HPNE_T1	HCJY7AFX7_MIxT1XT3_24s001577-1-1_Jeong_lane1T1xiTRU3C33	WW	1	2	inv_hom	0101	inv_h1	0110	5.02462946312365	0.861901221165535	0.40625
chr16	34600000	35000000	fastq0023_HPNE_T1	HCJY7AFX7_MIxT1XT3_24s001577-1-1_Jeong_lane1T1xiTRU3C52	WW	1	2	inv_hom	0101	del_hom	0000	5.73460728533	2.61024533549447	0.40625
chr16	34600000	35000000	fastq0023_HPNE_T1	HCJY7AFX7_MIxT1XT3_24s001577-1-1_Jeong_lane1T1xiTRU3C55	WW	1	2	inv_hom	0101	complex	0100	12.1762088608896	4.69910030393524	0.40625
chr16	34600000	35000000	fastq0023_HPNE_T1	HCJY7AFX7_MIxT1XT3_24s001577-1-1_Jeong_lane1T1xiTRU3C61	CC	1	2	inv_hom	0101	inv_h1	0110	7.20949558306144	3.47777248198766	0.40625
chr16	34600000	35000000	fastq0023_HPNE_T1	HCJY7AFX7_MIxT1XT3_24s001577-1-1_Jeong_lane1T1xiTRU3C75	CC	1	2	inv_hom	0101	complex	0001	15.9242601942867	3.59751888520706	0.40625
chr16	34600000	35000000	fastq0023_HPNE_T1	HCJY7AFX7_MIxT1XT3_24s001577-1-1_Jeong_lane1T1xiTRU3C76	CW	1	2	del_hom	0000	del_h1	0010	5.84687059026645	0.26457508613686	0.03125
chr16	34600000	35000000	fastq0023_HPNE_T1	HCJY7AFX7_MIxT1XT3_24s001577-1-1_Jeong_lane1T1xiTRU3C83	CC	1	2	inv_hom	0101	complex	0100	9.75594491093266	3.5998349100413	0.40625
chr16	34600000	35000000	fastq0023_HPNE_T1	HCJY7AFX7_MIxT1XT3_24s001577-1-1_Jeong_lane1T1xiTRU3C84	CC	1	2	inv_hom	0101	del_hom	0000	7.65240026011424	0.0837847400158731	0.40625
chr16	34600000	35000000	fastq0023_HPNE_T1	HCJY7AFX7_MIxT1XT3_24s001577-1-1_Jeong_lane1T1xiTRU3C85	WW	1	2	inv_hom	0101	complex	0100	16.3215000231405	3.89432279206204	0.40625
chr16	34600000	35000000	fastq0023_HPNE_T1	HCJY7AFX7_MIxT1XT3_24s001577-1-1_Jeong_lane1T1xiTRU3C87	CC	1	2	inv_hom	0101	complex	0100	19.0213745390947	2.66667041023575	0.40625
chr16	35000000	36200000	fastq0023_HPNE_T1	HCJY7AFX7_MIxT1XT3_24s001577-1-1_Jeong_lane1T1xiTRU3C20	WW	1	6	inv_hom	0101	complex	0201	31.3766387095067	6.76229653867112	0.40625
chr16	35000000	36200000	fastq0023_HPNE_T1	HCJY7AFX7_MIxT1XT3_24s001577-1-1_Jeong_lane1T1xiTRU3C27	CC	1	6	inv_hom	0101	complex	0200	19.6869203953682	4.81323847040264	0.40625
chr16	35000000	36200000	fastq0023_HPNE_T1	HCJY7AFX7_MIxT1XT3_24s001577-1-1_Jeong_lane1T1xiTRU3C30	CC	1	6	inv_hom	0101	complex	0200	19.5012106434161	4.81323845530891	0.40625
chr16	35000000	36200000	fastq0023_HPNE_T1	HCJY7AFX7_MIxT1XT3_24s001577-1-1_Jeong_lane1T1xiTRU3C31	WW	1	6	inv_hom	0101	complex	0200	19.681488096481	4.81323846255955	0.40625
chr16	35000000	36200000	fastq0023_HPNE_T1	HCJY7AFX7_MIxT1XT3_24s001577-1-1_Jeong_lane1T1xiTRU3C33	WW	1	6	inv_hom	0101	complex	0200	19.6743269804107	4.81323845190382	0.40625
chr16	35000000	36200000	fastq0023_HPNE_T1	HCJY7AFX7_MIxT1XT3_24s001577-1-1_Jeong_lane1T1xiTRU3C52	WW	1	6	inv_hom	0101	complex	0200	16.4858621131084	4.19068276687756	0.40625
chr16	35000000	36200000	fastq0023_HPNE_T1	HCJY7AFX7_MIxT1XT3_24s001577-1-1_Jeong_lane1T1xiTRU3C55	WW	1	6	inv_hom	0101	complex	0201	28.6604717958203	6.08865763500895	0.40625
chr16	35000000	36200000	fastq0023_HPNE_T1	HCJY7AFX7_MIxT1XT3_24s001577-1-1_Jeong_lane1T1xiTRU3C61	CC	1	6	inv_hom	0101	complex	0200	19.6598586625613	4.81323843243847	0.40625
chr16	35000000	36200000	fastq0023_HPNE_T1	HCJY7AFX7_MIxT1XT3_24s001577-1-1_Jeong_lane1T1xiTRU3C75	CC	1	6	inv_hom	0101	complex	0200	19.6846552144114	4.8132384670889	0.40625
chr16	35000000	36200000	fastq0023_HPNE_T1	HCJY7AFX7_MIxT1XT3_24s001577-1-1_Jeong_lane1T1xiTRU3C83	CC	1	6	inv_hom	0101	complex	0200	19.6844457188785	4.81323846679804	0.40625
chr16	35000000	36200000	fastq0023_HPNE_T1	HCJY7AFX7_MIxT1XT3_24s001577-1-1_Jeong_lane1T1xiTRU3C84	CC	1	6	inv_hom	0101	complex	0200	19.6784410018435	4.81323845797123	0.40625
chr16	35000000	36200000	fastq0023_HPNE_T1	HCJY7AFX7_MIxT1XT3_24s001577-1-1_Jeong_lane1T1xiTRU3C85	WW	1	6	inv_hom	0101	complex	0200	19.6936951625354	4.81323848025182	0.40625
chr16	35000000	36200000	fastq0023_HPNE_T1	HCJY7AFX7_MIxT1XT3_24s001577-1-1_Jeong_lane1T1xiTRU3C87	CC	1	6	inv_hom	0101	complex	0200	19.6952269157312	4.81323848247041	0.40625
chr16	48000000	51000000	fastq0023_HPNE_T1	HCJY7AFX7_MIxT1XT3_24s001577-1-1_Jeong_lane1T1xiTRU3C25	CW	1	15	dup_h2	1020	dup_hom	2020	6.89742568577553	1.97100519758999	0.0625
chr16	48000000	51000000	fastq0023_HPNE_T1	HCJY7AFX7_MIxT1XT3_24s001577-1-1_Jeong_lane1T1xiTRU3C87	CC	1	15	dup_h2	1020	dup_h1	2010	4.83203159638909	1.31041018966438	0.0625
chr16	58800000	65400000	fastq0023_HPNE_T1	HCJY7AFX7_MIxT1XT3_24s001577-1-1_Jeong_lane1T1xiTRU3C25	CW	1	33	inv_hom	0101	complex	0011	4.98155287483105	4.60516576769373	0.03125
chr16	66400000	67800000	fastq0023_HPNE_T1	HCJY7AFX7_MIxT1XT3_24s001577-1-1_Jeong_lane1T1xiTRU3C75	WC	1	7	complex	1030	dup_h2	1020	13.2253680418524	2.81554588341502	0.03125
chr16	67800000	70800000	fastq0023_HPNE_T1	HCJY7AFX7_MIxT1XT3_24s001577-1-1_Jeong_lane1T1xiTRU3C75	WC	1	15	complex	1030	complex	1120	11.9557717130278	0.686763919248129	0.03125
chr16	67800000	70800000	fastq0023_HPNE_T1	HCJY7AFX7_MIxT1XT3_24s001577-1-1_Jeong_lane1T1xiTRU3C85	WW	1	15	dup_h1	2010	dup_h2	1020	4.24813356334351	2.7302965491521	0.03125
chr16	67800000	70800000	fastq0023_HPNE_T1	HCJY7AFX7_MIxT1XT3_24s001577-1-1_Jeong_lane1T1xiTRU3C90	WW	1	15	dup_h2	1020	dup_h1	2010	4.73218882172209	0.04229217308768	0.03125
chr16	71200000	72200000	fastq0023_HPNE_T1	HCJY7AFX7_MIxT1XT3_24s001577-1-1_Jeong_lane1T1xiTRU3C75	WC	1	5	dup_h2	1020	complex	1030	8.73205809472049	2.28717013109982	0.03125
chr16	72800000	74400000	fastq0023_HPNE_T1	HCJY7AFX7_MIxT1XT3_24s001577-1-1_Jeong_lane1T1xiTRU3C75	WC	1	8	dup_h2	1020	idup_h1	1110	10.8561261172484	2.22854483795452	0.03125
chr16	72800000	74400000	fastq0023_HPNE_T1	HCJY7AFX7_MIxT1XT3_24s001577-1-1_Jeong_lane1T1xiTRU3C84	CC	1	8	complex	0011	idup_h2	1011	8.01388485759248	0.325527242922718	0.03125
chr16	74400000	75600000	fastq0023_HPNE_T1	HCJY7AFX7_MIxT1XT3_24s001577-1-1_Jeong_lane1T1xiTRU3C75	WC	1	6	complex	1300	complex	1210	12.6619984689455	0.338161451124728	0.03125
chr16	74400000	75600000	fastq0023_HPNE_T1	HCJY7AFX7_MIxT1XT3_24s001577-1-1_Jeong_lane1T1xiTRU3C84	CC	1	6	inv_h2	1001	inv_h1	0110	5.68430520984074	0.0218025912302267	0.03125
chr16	75600000	77400000	fastq0023_HPNE_T1	HCJY7AFX7_MIxT1XT3_24s001577-1-1_Jeong_lane1T1xiTRU3C75	WC	1	9	dup_h2	1020	idup_h1	1110	7.66466142086137	3.36073080440111	0.03125
chr16	75600000	77400000	fastq0023_HPNE_T1	HCJY7AFX7_MIxT1XT3_24s001577-1-1_Jeong_lane1T1xiTRU3C84	CC	1	9	inv_h1	0110	inv_h2	1001	6.72592426457425	0.447252343342931	0.03125
chr16	77400000	83800000	fastq0023_HPNE_T1	HCJY7AFX7_MIxT1XT3_24s001577-1-1_Jeong_lane1T1xiTRU3C25	CW	1	32	dup_h1	2010	idup_h2	1011	9.58972898739702	3.16531672620277	0.03125
chr16	77400000	83800000	fastq0023_HPNE_T1	HCJY7AFX7_MIxT1XT3_24s001577-1-1_Jeong_lane1T1xiTRU3C84	CC	1	32	inv_h1	0110	complex	0011	18.7354188802489	6.33999501354119	0.03125
chr16	83800000	90338345	fastq0023_HPNE_T1	HCJY7AFX7_MIxT1XT3_24s001577-1-1_Jeong_lane1T1xiTRU3C15	CW	1	32	inv_h2	1001	complex	2000	16.5664087298601	3.40020236806337	0.0625
chr16	83800000	90338345	fastq0023_HPNE_T1	HCJY7AFX7_MIxT1XT3_24s001577-1-1_Jeong_lane1T1xiTRU3C21	WC	1	32	dup_h2	1020	idup_h1	1110	5.15897106402725	1.72293827318921	0.21875
chr16	83800000	90338345	fastq0023_HPNE_T1	HCJY7AFX7_MIxT1XT3_24s001577-1-1_Jeong_lane1T1xiTRU3C25	CW	1	32	dup_h1	2010	idup_h2	1011	10.4813913042747	2.14198064352365	0.03125
chr16	83800000	90338345	fastq0023_HPNE_T1	HCJY7AFX7_MIxT1XT3_24s001577-1-1_Jeong_lane1T1xiTRU3C55	WW	1	32	dup_h2	1020	dup_h1	2010	4.19728668899853	0.081317682040269	0.21875
chr16	83800000	90338345	fastq0023_HPNE_T1	HCJY7AFX7_MIxT1XT3_24s001577-1-1_Jeong_lane1T1xiTRU3C59	CC	1	32	dup_h2	1020	dup_h1	2010	5.49270864981051	0.0813176820402695	0.21875
chr16	83800000	90338345	fastq0023_HPNE_T1	HCJY7AFX7_MIxT1XT3_24s001577-1-1_Jeong_lane1T1xiTRU3C75	CC	1	32	dup_h2	1020	dup_h1	2010	13.5109708015409	0.0813176820402695	0.21875
chr16	83800000	90338345	fastq0023_HPNE_T1	HCJY7AFX7_MIxT1XT3_24s001577-1-1_Jeong_lane1T1xiTRU3C76	CW	1	32	dup_hom	2020	complex	0022	16.4279628208477	4.65341218978089	0.03125
chr16	83800000	90338345	fastq0023_HPNE_T1	HCJY7AFX7_MIxT1XT3_24s001577-1-1_Jeong_lane1T1xiTRU3C84	CC	1	32	inv_h2	1001	idup_h1	1110	15.5355631103586	0.222686919943673	0.0625
chr16	83800000	90338345	fastq0023_HPNE_T1	HCJY7AFX7_MIxT1XT3_24s001577-1-1_Jeong_lane1T1xiTRU3C85	WW	1	32	dup_h2	1020	dup_h1	2010	6.07585046634394	0.081317682040269	0.21875
chr16	83800000	90338345	fastq0023_HPNE_T1	HCJY7AFX7_MIxT1XT3_24s001577-1-1_Jeong_lane1T1xiTRU3C87	CC	1	32	dup_h2	1020	dup_h1	2010	12.3307074032818	0.0813176820402695	0.21875
chr16	83800000	90338345	fastq0023_HPNE_T1	HCJY7AFX7_MIxT1XT3_24s001577-1-1_Jeong_lane1T1xiTRU3C90	WW	1	32	dup_h2	1020	dup_h1	2010	8.33154284269309	0.081317682040269	0.21875
chr17	200000	1600000	fastq0023_HPNE_T1	HCJY7AFX7_MIxT1XT3_24s001577-1-1_Jeong_lane1T1xiTRU3C17	WC	1	7	complex	0030	inv_h1	0110	10.1210327579905	0.231675843733564	0.03125
chr17	200000	1600000	fastq0023_HPNE_T1	HCJY7AFX7_MIxT1XT3_24s001577-1-1_Jeong_lane1T1xiTRU3C19	CC	1	7	idup_h2	1011	idup_h1	1110	4.63496471522911	0.134479258270013	0.0625
chr17	200000	1600000	fastq0023_HPNE_T1	HCJY7AFX7_MIxT1XT3_24s001577-1-1_Jeong_lane1T1xiTRU3C33	CC	1	7	idup_h2	1011	idup_h1	1110	9.5783073806757	0.134479258270012	0.0625
chr17	200000	1600000	fastq0023_HPNE_T1	HCJY7AFX7_MIxT1XT3_24s001577-1-1_Jeong_lane1T1xiTRU3C76	WW	1	7	idup_h1	1110	complex	2200	23.6502592005331	0.538634643245709	0.03125
chr17	1600000	1800000	fastq0023_HPNE_T1	HCJY7AFX7_MIxT1XT3_24s001577-1-1_Jeong_lane1T1xiTRU3C95	CC	1	1	idup_h2	1011	inv_h2	1001	6.01815940408362	0.646808770609423	0.03125
chr17	2000000	3600000	fastq0023_HPNE_T1	HCJY7AFX7_MIxT1XT3_24s001577-1-1_Jeong_lane1T1xiTRU3C17	WC	1	8	inv_h1	0110	del_h1	0010	11.1669951647081	2.09834451001414	0.09375
chr17	2000000	3600000	fastq0023_HPNE_T1	HCJY7AFX7_MIxT1XT3_24s001577-1-1_Jeong_lane1T1xiTRU3C33	CC	1	8	inv_h1	0110	idup_h2	1011	9.03500390569681	0.147563838473949	0.09375
chr17	2000000	3600000	fastq0023_HPNE_T1	HCJY7AFX7_MIxT1XT3_24s001577-1-1_Jeong_lane1T1xiTRU3C76	WW	1	8	inv_h1	0110	idup_h2	1011	11.8045706373741	0.852899222978261	0.09375
chr17	3600000	5600000	fastq0023_HPNE_T1	HCJY7AFX7_MIxT1XT3_24s001577-1-1_Jeong_lane1T1xiTRU3C17	WC	1	10	complex	0030	inv_h1	0110	7.77081704224478	1.25763062028805	0.03125
chr17	3600000	5600000	fastq0023_HPNE_T1	HCJY7AFX7_MIxT1XT3_24s001577-1-1_Jeong_lane1T1xiTRU3C18	WW	1	10	idup_h2	1011	idup_h1	1110	5.96575899493597	0.25717034258774	0.0625
chr17	3600000	5600000	fastq0023_HPNE_T1	HCJY7AFX7_MIxT1XT3_24s001577-1-1_Jeong_lane1T1xiTRU3C33	CC	1	10	idup_h2	1011	idup_h1	1110	12.1783299859594	0.257170342587741	0.0625
chr17	3600000	5600000	fastq0023_HPNE_T1	HCJY7AFX7_MIxT1XT3_24s001577-1-1_Jeong_lane1T1xiTRU3C75	WW	1	10	dup_h1	2010	dup_h2	1020	5.86344529850215	1.42765180860892	0.0625
chr17	3600000	5600000	fastq0023_HPNE_T1	HCJY7AFX7_MIxT1XT3_24s001577-1-1_Jeong_lane1T1xiTRU3C87	CC	1	10	dup_h1	2010	dup_h2	1020	4.65895600670438	0.041357447489029	0.0625
chr17	5600000	11600000	fastq0023_HPNE_T1	HCJY7AFX7_MIxT1XT3_24s001577-1-1_Jeong_lane1T1xiTRU3C15	WC	1	30	inv_hom	0101	idup_h1	1110	4.65765365847686	2.13679691593707	0.03125
chr17	5600000	11600000	fastq0023_HPNE_T1	HCJY7AFX7_MIxT1XT3_24s001577-1-1_Jeong_lane1T1xiTRU3C17	WC	1	30	inv_h1	0110	complex	0200	26.7188190032026	2.3606009350968	0.03125
chr17	5600000	11600000	fastq0023_HPNE_T1	HCJY7AFX7_MIxT1XT3_24s001577-1-1_Jeong_lane1T1xiTRU3C18	WW	1	30	idup_h2	1011	idup_h1	1110	15.9781852422319	0.401806361478269	0.03125
chr17	5600000	11600000	fastq0023_HPNE_T1	HCJY7AFX7_MIxT1XT3_24s001577-1-1_Jeong_lane1T1xiTRU3C25	WW	1	30	del_h1	0010	del_h2	1000	8.26249649199925	5.99146458967799	0.0625
chr17	5600000	11600000	fastq0023_HPNE_T1	HCJY7AFX7_MIxT1XT3_24s001577-1-1_Jeong_lane1T1xiTRU3C52	WC	1	30	complex	2100	dup_h1	2010	4.33250242730509	0.744165453324866	0.03125
chr17	5600000	11600000	fastq0023_HPNE_T1	HCJY7AFX7_MIxT1XT3_24s001577-1-1_Jeong_lane1T1xiTRU3C75	WW	1	30	dup_h1	2010	dup_h2	1020	8.94313755113721	2.96387521004235	0.09375
chr17	5600000	11600000	fastq0023_HPNE_T1	HCJY7AFX7_MIxT1XT3_24s001577-1-1_Jeong_lane1T1xiTRU3C81	WW	1	30	dup_h2	1020	dup_h1	2010	5.77175304588027	1.88815505387727	0.03125
chr17	5600000	11600000	fastq0023_HPNE_T1	HCJY7AFX7_MIxT1XT3_24s001577-1-1_Jeong_lane1T1xiTRU3C87	CC	1	30	dup_h1	2010	dup_h2	1020	5.01011038198627	0.191286487802568	0.09375
chr17	5600000	11600000	fastq0023_HPNE_T1	HCJY7AFX7_MIxT1XT3_24s001577-1-1_Jeong_lane1T1xiTRU3C90	CC	1	30	del_h1	0010	ref_hom	1010	5.81734601124684	5.81734601124684	0.0625
chr17	5600000	11600000	fastq0023_HPNE_T1	HCJY7AFX7_MIxT1XT3_24s001577-1-1_Jeong_lane1T1xiTRU3C91	WW	1	30	dup_h1	2010	dup_h2	1020	5.96726144555361	0.191286487802567	0.09375
chr17	11600000	16800000	fastq0023_HPNE_T1	HCJY7AFX7_MIxT1XT3_24s001577-1-1_Jeong_lane1T1xiTRU3C17	WC	1	26	inv_h1	0110	complex	0020	16.0603898312865	3.10471097100047	0.0625
chr17	11600000	16800000	fastq0023_HPNE_T1	HCJY7AFX7_MIxT1XT3_24s001577-1-1_Jeong_lane1T1xiTRU3C18	WW	1	26	inv_h1	0110	complex	1100	21.3457792429662	3.29396336087433	0.0625
chr17	11600000	16800000	fastq0023_HPNE_T1	HCJY7AFX7_MIxT1XT3_24s001577-1-1_Jeong_lane1T1xiTRU3C55	CC	1	26	del_h1	0010	del_h2	1000	4.96601645763925	7.40255955200553e-06	0.0625
chr17	11600000	16800000	fastq0023_HPNE_T1	HCJY7AFX7_MIxT1XT3_24s001577-1-1_Jeong_lane1T1xiTRU3C90	CC	1	26	del_h1	0010	del_h2	1000	12.5578648190079	7.40255955200553e-06	0.0625
chr17	16800000	18400000	fastq0023_HPNE_T1	HCJY7AFX7_MIxT1XT3_24s001577-1-1_Jeong_lane1T1xiTRU3C15	WC	1	8	inv_h1	0110	del_h1	0010	9.81474715521864	3.77634628360257	0.625
chr17	16800000	18400000	fastq0023_HPNE_T1	HCJY7AFX7_MIxT1XT3_24s001577-1-1_Jeong_lane1T1xiTRU3C16	WW	1	8	inv_h1	0110	inv_h2	1001	5.31702576536265	1.50695339870807	0.625
chr17	16800000	18400000	fastq0023_HPNE_T1	HCJY7AFX7_MIxT1XT3_24s001577-1-1_Jeong_lane1T1xiTRU3C19	CC	1	8	inv_h1	0110	inv_h2	1001	8.15766797848476	1.50695339870807	0.625
chr17	16800000	18400000	fastq0023_HPNE_T1	HCJY7AFX7_MIxT1XT3_24s001577-1-1_Jeong_lane1T1xiTRU3C20	WW	1	8	inv_h1	0110	inv_h2	1001	8.47273198802578	1.50695339870807	0.625
chr17	16800000	18400000	fastq0023_HPNE_T1	HCJY7AFX7_MIxT1XT3_24s001577-1-1_Jeong_lane1T1xiTRU3C21	WW	1	8	inv_h1	0110	idup_h1	1110	7.52779188519522	0.837298762703004	0.625
chr17	16800000	18400000	fastq0023_HPNE_T1	HCJY7AFX7_MIxT1XT3_24s001577-1-1_Jeong_lane1T1xiTRU3C22	CW	1	8	inv_h2	1001	del_h2	1000	7.02121140834148	3.08492983498097	0.0625
chr17	16800000	18400000	fastq0023_HPNE_T1	HCJY7AFX7_MIxT1XT3_24s001577-1-1_Jeong_lane1T1xiTRU3C26	WC	1	8	inv_h1	0110	complex	0120	10.384517250169	3.17166783098994	0.625
chr17	16800000	18400000	fastq0023_HPNE_T1	HCJY7AFX7_MIxT1XT3_24s001577-1-1_Jeong_lane1T1xiTRU3C27	CW	1	8	inv_h1	0110	complex	0030	14.9763813352461	1.18582038199873	0.625
chr17	16800000	18400000	fastq0023_HPNE_T1	HCJY7AFX7_MIxT1XT3_24s001577-1-1_Jeong_lane1T1xiTRU3C30	CW	1	8	inv_h1	0110	del_h1	0010	12.031822929984	2.10429702418758	0.625
chr17	16800000	18400000	fastq0023_HPNE_T1	HCJY7AFX7_MIxT1XT3_24s001577-1-1_Jeong_lane1T1xiTRU3C31	CW	1	8	inv_h1	0110	complex	0120	10.6517470597063	2.94039675608452	0.625
chr17	16800000	18400000	fastq0023_HPNE_T1	HCJY7AFX7_MIxT1XT3_24s001577-1-1_Jeong_lane1T1xiTRU3C33	CC	1	8	inv_h1	0110	inv_h2	1001	12.3328699045775	1.50695339870807	0.625
chr17	16800000	18400000	fastq0023_HPNE_T1	HCJY7AFX7_MIxT1XT3_24s001577-1-1_Jeong_lane1T1xiTRU3C52	WC	1	8	inv_h1	0110	complex	0120	10.0791592979817	3.28254003850065	0.625
chr17	16800000	18400000	fastq0023_HPNE_T1	HCJY7AFX7_MIxT1XT3_24s001577-1-1_Jeong_lane1T1xiTRU3C59	CW	1	8	inv_h1	0110	complex	0120	13.3465567773676	1.74472103825348	0.625
chr17	16800000	18400000	fastq0023_HPNE_T1	HCJY7AFX7_MIxT1XT3_24s001577-1-1_Jeong_lane1T1xiTRU3C61	WW	1	8	inv_h1	0110	inv_h2	1001	6.76525225946164	1.50695339870807	0.625
chr17	16800000	18400000	fastq0023_HPNE_T1	HCJY7AFX7_MIxT1XT3_24s001577-1-1_Jeong_lane1T1xiTRU3C62	WC	1	8	inv_h1	0110	complex	0120	11.0241442306003	3.3476750327876	0.625
chr17	16800000	18400000	fastq0023_HPNE_T1	HCJY7AFX7_MIxT1XT3_24s001577-1-1_Jeong_lane1T1xiTRU3C69	WC	1	8	inv_h1	0110	complex	0120	10.7138582715121	1.99104307601635	0.625
chr17	16800000	18400000	fastq0023_HPNE_T1	HCJY7AFX7_MIxT1XT3_24s001577-1-1_Jeong_lane1T1xiTRU3C75	WW	1	8	complex	0220	idup_h1	1110	15.8238587617248	0.590587011706799	0.09375
chr17	16800000	18400000	fastq0023_HPNE_T1	HCJY7AFX7_MIxT1XT3_24s001577-1-1_Jeong_lane1T1xiTRU3C76	CW	1	8	complex	0120	complex	0210	17.0968859590758	0.00454806014547149	0.09375
chr17	16800000	18400000	fastq0023_HPNE_T1	HCJY7AFX7_MIxT1XT3_24s001577-1-1_Jeong_lane1T1xiTRU3C81	WW	1	8	inv_h1	0110	idup_h1	1110	15.672337119958	0.657169058325313	0.625
chr17	16800000	18400000	fastq0023_HPNE_T1	HCJY7AFX7_MIxT1XT3_24s001577-1-1_Jeong_lane1T1xiTRU3C83	CC	1	8	inv_h1	0110	idup_h1	1110	9.64115898621407	1.3902408545451	0.625
chr17	16800000	18400000	fastq0023_HPNE_T1	HCJY7AFX7_MIxT1XT3_24s001577-1-1_Jeong_lane1T1xiTRU3C84	CW	1	8	complex	0030	complex	0040	19.3690887723065	0.41426490942544	0.09375
chr17	16800000	18400000	fastq0023_HPNE_T1	HCJY7AFX7_MIxT1XT3_24s001577-1-1_Jeong_lane1T1xiTRU3C85	CC	1	8	inv_h1	0110	idup_h1	1110	18.8656025581317	0.235729236467598	0.625
chr17	16800000	18400000	fastq0023_HPNE_T1	HCJY7AFX7_MIxT1XT3_24s001577-1-1_Jeong_lane1T1xiTRU3C86	CC	1	8	inv_h1	0110	idup_h1	1110	14.5081989022663	0.468475481553951	0.625
chr17	16800000	18400000	fastq0023_HPNE_T1	HCJY7AFX7_MIxT1XT3_24s001577-1-1_Jeong_lane1T1xiTRU3C87	CC	1	8	idup_h1	1110	idup_h2	1011	15.9420724533434	0.195206221133621	0.0625
chr17	16800000	18400000	fastq0023_HPNE_T1	HCJY7AFX7_MIxT1XT3_24s001577-1-1_Jeong_lane1T1xiTRU3C89	CC	1	8	inv_h1	0110	idup_h1	1110	13.0788866820788	1.42274770498083	0.625
chr17	16800000	18400000	fastq0023_HPNE_T1	HCJY7AFX7_MIxT1XT3_24s001577-1-1_Jeong_lane1T1xiTRU3C91	WW	1	8	idup_h1	1110	idup_h2	1011	11.2708275727989	0.195206221133621	0.0625
chr17	16800000	18400000	fastq0023_HPNE_T1	HCJY7AFX7_MIxT1XT3_24s001577-1-1_Jeong_lane1T1xiTRU3C95	CC	1	8	inv_h2	1001	idup_h1	1110	11.1851788763335	1.26950592754687	0.0625
chr17	27000000	36400000	fastq0023_HPNE_T1	HCJY7AFX7_MIxT1XT3_24s001577-1-1_Jeong_lane1T1xiTRU3C22	CW	1	46	inv_hom	0101	complex	0102	10.8796317468161	10.344677852285	0.03125
chr17	27000000	36400000	fastq0023_HPNE_T1	HCJY7AFX7_MIxT1XT3_24s001577-1-1_Jeong_lane1T1xiTRU3C55	CC	1	46	inv_h1	0110	complex	1100	24.502303285068	6.15498292438419	0.03125
chr17	27000000	36400000	fastq0023_HPNE_T1	HCJY7AFX7_MIxT1XT3_24s001577-1-1_Jeong_lane1T1xiTRU3C75	WW	1	46	dup_h2	1020	dup_h1	2010	7.2073099953507	0.34964984755789	0.03125
chr17	27000000	36400000	fastq0023_HPNE_T1	HCJY7AFX7_MIxT1XT3_24s001577-1-1_Jeong_lane1T1xiTRU3C87	CC	1	46	dup_h1	2010	dup_h2	1020	7.81787460241873	5.88867477748162	0.03125
chr17	38400000	40600000	fastq0023_HPNE_T1	HCJY7AFX7_MIxT1XT3_24s001577-1-1_Jeong_lane1T1xiTRU3C30	CW	1	11	inv_hom	0101	idup_h2	1011	4.4597385072187	1.0015090917092	0.03125
chr17	38400000	40600000	fastq0023_HPNE_T1	HCJY7AFX7_MIxT1XT3_24s001577-1-1_Jeong_lane1T1xiTRU3C75	WW	1	11	dup_h1	2010	dup_h2	1020	5.86355278696217	0.120187531107671	0.0625
chr17	38400000	40600000	fastq0023_HPNE_T1	HCJY7AFX7_MIxT1XT3_24s001577-1-1_Jeong_lane1T1xiTRU3C76	CW	1	11	dup_hom	2020	dup_h1	2010	4.12144749811842	1.2833031014755	0.03125
chr17	38400000	40600000	fastq0023_HPNE_T1	HCJY7AFX7_MIxT1XT3_24s001577-1-1_Jeong_lane1T1xiTRU3C95	CC	1	11	dup_h1	2010	dup_h2	1020	4.9374904803538	0.120187531107671	0.0625
chr17	41400000	43000000	fastq0023_HPNE_T1	HCJY7AFX7_MIxT1XT3_24s001577-1-1_Jeong_lane1T1xiTRU3C76	CW	1	8	dup_hom	2020	dup_h2	1020	5.36437909960804	0.449010279397688	0.03125
chr17	41400000	43000000	fastq0023_HPNE_T1	HCJY7AFX7_MIxT1XT3_24s001577-1-1_Jeong_lane1T1xiTRU3C87	CC	1	8	dup_h2	1020	dup_h1	2010	6.44810740300026	1.42971484084652	0.03125
chr17	43000000	43400000	fastq0023_HPNE_T1	HCJY7AFX7_MIxT1XT3_24s001577-1-1_Jeong_lane1T1xiTRU3C85	CC	1	2	idup_h2	1011	inv_h2	1001	6.35150760927106	1.58601632317333	0.03125
chr17	43400000	45800000	fastq0023_HPNE_T1	HCJY7AFX7_MIxT1XT3_24s001577-1-1_Jeong_lane1T1xiTRU3C76	CW	1	11	dup_hom	2020	dup_h2	1020	5.8688933789131	1.29720622880486	0.03125
chr17	43400000	45800000	fastq0023_HPNE_T1	HCJY7AFX7_MIxT1XT3_24s001577-1-1_Jeong_lane1T1xiTRU3C86	CC	1	11	dup_h2	1020	dup_h1	2010	4.01032275516508	1.35457236813357	0.0625
chr17	43400000	45800000	fastq0023_HPNE_T1	HCJY7AFX7_MIxT1XT3_24s001577-1-1_Jeong_lane1T1xiTRU3C87	CC	1	11	dup_h2	1020	dup_h1	2010	5.73733588214656	1.35457236813357	0.0625
chr17	46600000	50800000	fastq0023_HPNE_T1	HCJY7AFX7_MIxT1XT3_24s001577-1-1_Jeong_lane1T1xiTRU3C76	CW	1	21	dup_h2	1020	idup_h1	1110	5.50457830316573	4.6794246069242	0.03125
chr17	46600000	50800000	fastq0023_HPNE_T1	HCJY7AFX7_MIxT1XT3_24s001577-1-1_Jeong_lane1T1xiTRU3C95	CC	1	21	dup_h1	2010	dup_h2	1020	5.93360438810752	0.0296676846165287	0.03125
chr17	63400000	66800000	fastq0023_HPNE_T1	HCJY7AFX7_MIxT1XT3_24s001577-1-1_Jeong_lane1T1xiTRU3C52	WC	1	17	inv_hom	0101	ref_hom	1010	4.07981137642351	4.07981137642351	0.03125
chr17	66800000	68600000	fastq0023_HPNE_T1	HCJY7AFX7_MIxT1XT3_24s001577-1-1_Jeong_lane1T1xiTRU3C22	CW	1	9	inv_hom	0101	idup_h1	1110	6.70130060520292	5.27979061169649	0.03125
chr17	72200000	74200000	fastq0023_HPNE_T1	HCJY7AFX7_MIxT1XT3_24s001577-1-1_Jeong_lane1T1xiTRU3C59	WW	1	10	idup_h1	1110	idup_h2	1011	7.59179292013854	0.775887710942265	0.03125
chr17	74800000	83257441	fastq0023_HPNE_T1	HCJY7AFX7_MIxT1XT3_24s001577-1-1_Jeong_lane1T1xiTRU3C16	WW	1	41	dup_h2	1020	dup_h1	2010	4.28837038227338	0.00885206926206816	0.46875
chr17	74800000	83257441	fastq0023_HPNE_T1	HCJY7AFX7_MIxT1XT3_24s001577-1-1_Jeong_lane1T1xiTRU3C18	CC	1	41	dup_h2	1020	dup_h1	2010	5.61611479148488	0.00885206926206816	0.46875
chr17	74800000	83257441	fastq0023_HPNE_T1	HCJY7AFX7_MIxT1XT3_24s001577-1-1_Jeong_lane1T1xiTRU3C19	CC	1	41	dup_h2	1020	dup_h1	2010	6.61764303761946	0.00885206926206816	0.46875
chr17	74800000	83257441	fastq0023_HPNE_T1	HCJY7AFX7_MIxT1XT3_24s001577-1-1_Jeong_lane1T1xiTRU3C21	WW	1	41	dup_h2	1020	dup_h1	2010	8.14720626328089	0.00885206926206861	0.46875
chr17	74800000	83257441	fastq0023_HPNE_T1	HCJY7AFX7_MIxT1XT3_24s001577-1-1_Jeong_lane1T1xiTRU3C25	CW	1	41	inv_h1	0110	complex	0030	17.0977151511896	2.50239059689432	0.03125
chr17	74800000	83257441	fastq0023_HPNE_T1	HCJY7AFX7_MIxT1XT3_24s001577-1-1_Jeong_lane1T1xiTRU3C33	CC	1	41	dup_h2	1020	dup_h1	2010	6.73967655880176	0.00885206926206816	0.46875
chr17	74800000	83257441	fastq0023_HPNE_T1	HCJY7AFX7_MIxT1XT3_24s001577-1-1_Jeong_lane1T1xiTRU3C52	WC	1	41	dup_hom	2020	dup_h2	1020	5.89730868940949	0.37580626101898	0.15625
chr17	74800000	83257441	fastq0023_HPNE_T1	HCJY7AFX7_MIxT1XT3_24s001577-1-1_Jeong_lane1T1xiTRU3C55	CC	1	41	dup_h2	1020	dup_h1	2010	4.96040826461487	0.00885206926206816	0.46875
chr17	74800000	83257441	fastq0023_HPNE_T1	HCJY7AFX7_MIxT1XT3_24s001577-1-1_Jeong_lane1T1xiTRU3C59	WW	1	41	complex	1111	complex	2200	15.970741429509	0	0.03125
chr17	74800000	83257441	fastq0023_HPNE_T1	HCJY7AFX7_MIxT1XT3_24s001577-1-1_Jeong_lane1T1xiTRU3C69	WC	1	41	dup_hom	2020	complex	2200	13.1357797130951	4.32753688391418	0.15625
chr17	74800000	83257441	fastq0023_HPNE_T1	HCJY7AFX7_MIxT1XT3_24s001577-1-1_Jeong_lane1T1xiTRU3C75	WW	1	41	dup_h2	1020	dup_h1	2010	18.7601878713361	0.00885206926206816	0.46875
chr17	74800000	83257441	fastq0023_HPNE_T1	HCJY7AFX7_MIxT1XT3_24s001577-1-1_Jeong_lane1T1xiTRU3C76	CW	1	41	dup_hom	2020	complex	2200	17.8318997667461	4.32753688967216	0.15625
chr17	74800000	83257441	fastq0023_HPNE_T1	HCJY7AFX7_MIxT1XT3_24s001577-1-1_Jeong_lane1T1xiTRU3C81	WW	1	41	dup_h2	1020	dup_h1	2010	14.2977879125075	0.00885206926206816	0.46875
chr17	74800000	83257441	fastq0023_HPNE_T1	HCJY7AFX7_MIxT1XT3_24s001577-1-1_Jeong_lane1T1xiTRU3C83	CC	1	41	dup_h2	1020	dup_h1	2010	6.71822363074322	0.00885206926206861	0.46875
chr17	74800000	83257441	fastq0023_HPNE_T1	HCJY7AFX7_MIxT1XT3_24s001577-1-1_Jeong_lane1T1xiTRU3C84	WW	1	41	dup_h2	1020	dup_h1	2010	9.82272484855308	0.00885206926206772	0.46875
chr17	74800000	83257441	fastq0023_HPNE_T1	HCJY7AFX7_MIxT1XT3_24s001577-1-1_Jeong_lane1T1xiTRU3C85	CC	1	41	dup_h2	1020	dup_h1	2010	11.9429660761757	0.00885206926206772	0.46875
chr17	74800000	83257441	fastq0023_HPNE_T1	HCJY7AFX7_MIxT1XT3_24s001577-1-1_Jeong_lane1T1xiTRU3C86	CC	1	41	dup_h2	1020	dup_h1	2010	12.7188068538485	0.00885206926206816	0.46875
chr17	74800000	83257441	fastq0023_HPNE_T1	HCJY7AFX7_MIxT1XT3_24s001577-1-1_Jeong_lane1T1xiTRU3C87	CC	1	41	dup_h2	1020	dup_h1	2010	18.8109127668054	0.00885206926206816	0.46875
chr17	74800000	83257441	fastq0023_HPNE_T1	HCJY7AFX7_MIxT1XT3_24s001577-1-1_Jeong_lane1T1xiTRU3C89	CC	1	41	dup_h2	1020	dup_h1	2010	10.0200515130553	0.00885206926206861	0.46875
chr17	74800000	83257441	fastq0023_HPNE_T1	HCJY7AFX7_MIxT1XT3_24s001577-1-1_Jeong_lane1T1xiTRU3C90	CW	1	41	dup_hom	2020	dup_h2	1020	11.2954663132867	1.52352780955394	0.15625
chr17	74800000	83257441	fastq0023_HPNE_T1	HCJY7AFX7_MIxT1XT3_24s001577-1-1_Jeong_lane1T1xiTRU3C91	CW	1	41	dup_hom	2020	complex	1111	17.7561921800071	4.32753688736293	0.15625
chr17	74800000	83257441	fastq0023_HPNE_T1	HCJY7AFX7_MIxT1XT3_24s001577-1-1_Jeong_lane1T1xiTRU3C95	CC	1	41	dup_h2	1020	dup_h1	2010	17.4294993536059	0.00885206926206816	0.46875
chr18	0	1200000	fastq0023_HPNE_T1	HCJY7AFX7_MIxT1XT3_24s001577-1-1_Jeong_lane1T1xiTRU3C15	WC	1	5	complex	1111	idup_h2	1011	4.21325022687654	1.39224360851518	0.09375
chr18	0	1200000	fastq0023_HPNE_T1	HCJY7AFX7_MIxT1XT3_24s001577-1-1_Jeong_lane1T1xiTRU3C18	CW	1	5	inv_hom	0101	complex	1101	12.1652679081451	3.16586088953426	0.09375
chr18	0	1200000	fastq0023_HPNE_T1	HCJY7AFX7_MIxT1XT3_24s001577-1-1_Jeong_lane1T1xiTRU3C19	WW	1	5	idup_h1	1110	inv_h1	0110	5.49093217102865	0.130773415935156	0.03125
chr18	0	1200000	fastq0023_HPNE_T1	HCJY7AFX7_MIxT1XT3_24s001577-1-1_Jeong_lane1T1xiTRU3C20	CC	1	5	idup_h2	1011	inv_h2	1001	4.89283070768243	2.73251205067079	0.09375
chr18	0	1200000	fastq0023_HPNE_T1	HCJY7AFX7_MIxT1XT3_24s001577-1-1_Jeong_lane1T1xiTRU3C31	CW	1	5	inv_hom	0101	complex	0201	9.16953562049041	5.33375984861768	0.09375
chr18	0	1200000	fastq0023_HPNE_T1	HCJY7AFX7_MIxT1XT3_24s001577-1-1_Jeong_lane1T1xiTRU3C52	WW	1	5	del_h1	0010	inv_h1	0110	6.25681774161558	0.397522757028064	0.03125
chr18	0	1200000	fastq0023_HPNE_T1	HCJY7AFX7_MIxT1XT3_24s001577-1-1_Jeong_lane1T1xiTRU3C69	CW	1	5	complex	1111	idup_h2	1011	5.17710530374071	2.48600528339208	0.09375
chr18	0	1200000	fastq0023_HPNE_T1	HCJY7AFX7_MIxT1XT3_24s001577-1-1_Jeong_lane1T1xiTRU3C76	CW	1	5	idup_h2	1011	complex	1111	10.3205616744022	4.30084110962095	0.09375
chr18	0	1200000	fastq0023_HPNE_T1	HCJY7AFX7_MIxT1XT3_24s001577-1-1_Jeong_lane1T1xiTRU3C81	WW	1	5	del_h2	1000	ref_hom	1010	9.21237459931278	9.21237459931278	0.03125
chr18	0	1200000	fastq0023_HPNE_T1	HCJY7AFX7_MIxT1XT3_24s001577-1-1_Jeong_lane1T1xiTRU3C84	WC	1	5	idup_h2	1011	complex	0011	15.4213250520721	4.78988383567136	0.09375
chr18	0	1200000	fastq0023_HPNE_T1	HCJY7AFX7_MIxT1XT3_24s001577-1-1_Jeong_lane1T1xiTRU3C87	CC	1	5	complex	1111	complex	0111	20.9318053020336	1.01451254966058	0.09375
chr18	0	1200000	fastq0023_HPNE_T1	HCJY7AFX7_MIxT1XT3_24s001577-1-1_Jeong_lane1T1xiTRU3C89	CC	1	5	inv_hom	0101	complex	0112	16.3847259915437	1.17154522346799	0.09375
chr18	2800000	4000000	fastq0023_HPNE_T1	HCJY7AFX7_MIxT1XT3_24s001577-1-1_Jeong_lane1T1xiTRU3C76	CW	1	6	dup_hom	2020	dup_h2	1020	7.27642467364267	3.20586761388983	0.03125
chr18	7000000	8400000	fastq0023_HPNE_T1	HCJY7AFX7_MIxT1XT3_24s001577-1-1_Jeong_lane1T1xiTRU3C76	CW	1	7	dup_hom	2020	dup_h2	1020	5.20868677581516	2.18295467814432	0.03125
chr18	8400000	9200000	fastq0023_HPNE_T1	HCJY7AFX7_MIxT1XT3_24s001577-1-1_Jeong_lane1T1xiTRU3C76	CW	1	4	dup_hom	2020	complex	1021	16.0246009561203	6.41694766702715	0.03125
chr18	9400000	9800000	fastq0023_HPNE_T1	HCJY7AFX7_MIxT1XT3_24s001577-1-1_Jeong_lane1T1xiTRU3C76	CW	1	2	dup_hom	2020	dup_h1	2010	8.07135748618915	2.82285783207935	0.03125
chr18	9400000	9800000	fastq0023_HPNE_T1	HCJY7AFX7_MIxT1XT3_24s001577-1-1_Jeong_lane1T1xiTRU3C91	CW	1	2	inv_hom	0101	idup_h1	1110	6.32255913962936	0.781796385954292	0.03125
chr18	9800000	11000000	fastq0023_HPNE_T1	HCJY7AFX7_MIxT1XT3_24s001577-1-1_Jeong_lane1T1xiTRU3C76	CW	1	6	dup_hom	2020	complex	2110	16.6176716873085	8.95250040572486	0.03125
chr18	11200000	12200000	fastq0023_HPNE_T1	HCJY7AFX7_MIxT1XT3_24s001577-1-1_Jeong_lane1T1xiTRU3C76	CW	1	5	del_hom	0000	del_h2	1000	16.8513684748536	7.7792504268	0.03125
chr18	14400000	15400000	fastq0023_HPNE_T1	HCJY7AFX7_MIxT1XT3_24s001577-1-1_Jeong_lane1T1xiTRU3C76	CW	1	5	del_h2	1000	inv_h2	1001	12.5025607807693	5.07669925580187	0.03125
chr18	26800000	31400000	fastq0023_HPNE_T1	HCJY7AFX7_MIxT1XT3_24s001577-1-1_Jeong_lane1T1xiTRU3C19	WC	1	23	inv_hom	0101	ref_hom	1010	4.41256180685556	4.41256180685556	0.0625
chr18	26800000	31400000	fastq0023_HPNE_T1	HCJY7AFX7_MIxT1XT3_24s001577-1-1_Jeong_lane1T1xiTRU3C87	CW	1	23	inv_hom	0101	ref_hom	1010	4.41256180679679	4.41256180679679	0.0625
chr18	32200000	34800000	fastq0023_HPNE_T1	HCJY7AFX7_MIxT1XT3_24s001577-1-1_Jeong_lane1T1xiTRU3C91	CW	1	13	inv_hom	0101	ref_hom	1010	6.72847734425152	6.72847734425152	0.03125
chr18	39000000	44600000	fastq0023_HPNE_T1	HCJY7AFX7_MIxT1XT3_24s001577-1-1_Jeong_lane1T1xiTRU3C19	WC	1	28	inv_hom	0101	complex	0011	10.4219291526223	4.60516587909404	0.03125
chr18	44600000	51600000	fastq0023_HPNE_T1	HCJY7AFX7_MIxT1XT3_24s001577-1-1_Jeong_lane1T1xiTRU3C31	CW	1	35	inv_hom	0101	complex	1100	4.83312323763431	4.60516581865958	0.03125
chr18	44600000	51600000	fastq0023_HPNE_T1	HCJY7AFX7_MIxT1XT3_24s001577-1-1_Jeong_lane1T1xiTRU3C90	WW	1	35	dup_h1	2010	dup_h2	1020	4.2609664352285	1.36465004813243	0.03125
chr18	64400000	69800000	fastq0023_HPNE_T1	HCJY7AFX7_MIxT1XT3_24s001577-1-1_Jeong_lane1T1xiTRU3C21	CC	1	27	del_h2	1000	del_h1	0010	7.56404530882822	5.99146681252582	0.09375
chr18	64400000	69800000	fastq0023_HPNE_T1	HCJY7AFX7_MIxT1XT3_24s001577-1-1_Jeong_lane1T1xiTRU3C59	WW	1	27	del_h2	1000	del_h1	0010	6.74083089114094	2.26541783643341e-06	0.09375
chr18	64400000	69800000	fastq0023_HPNE_T1	HCJY7AFX7_MIxT1XT3_24s001577-1-1_Jeong_lane1T1xiTRU3C81	WW	1	27	del_h2	1000	del_h1	0010	5.64309402218524	2.26541783643341e-06	0.09375
chr18	64400000	69800000	fastq0023_HPNE_T1	HCJY7AFX7_MIxT1XT3_24s001577-1-1_Jeong_lane1T1xiTRU3C87	CW	1	27	inv_hom	0101	ref_hom	1010	4.06115335495316	4.06115335495316	0.03125
chr18	73800000	78200000	fastq0023_HPNE_T1	HCJY7AFX7_MIxT1XT3_24s001577-1-1_Jeong_lane1T1xiTRU3C21	CC	1	22	del_h2	1000	del_h1	0010	6.67451957500412	5.46243006382952e-09	0.03125
chr18	73800000	78200000	fastq0023_HPNE_T1	HCJY7AFX7_MIxT1XT3_24s001577-1-1_Jeong_lane1T1xiTRU3C87	CW	1	22	inv_hom	0101	ref_hom	1010	10.1696668381687	10.1696668381687	0.0625
chr18	73800000	78200000	fastq0023_HPNE_T1	HCJY7AFX7_MIxT1XT3_24s001577-1-1_Jeong_lane1T1xiTRU3C91	CW	1	22	inv_hom	0101	ref_hom	1010	4.17820229172205	4.17820229172205	0.0625
chr19	0	5800000	fastq0023_HPNE_T1	HCJY7AFX7_MIxT1XT3_24s001577-1-1_Jeong_lane1T1xiTRU3C19	CC	1	28	dup_h1	2010	dup_h2	1020	4.56783149624638	0.0230969659563263	0.09375
chr19	0	5800000	fastq0023_HPNE_T1	HCJY7AFX7_MIxT1XT3_24s001577-1-1_Jeong_lane1T1xiTRU3C20	CW	1	28	inv_h2	1001	complex	3000	17.2512726701893	1.01700987475205	0.03125
chr19	0	5800000	fastq0023_HPNE_T1	HCJY7AFX7_MIxT1XT3_24s001577-1-1_Jeong_lane1T1xiTRU3C52	WC	1	28	complex	2200	complex	2110	5.62992519541526	1.33721398978923	0.125
chr19	0	5800000	fastq0023_HPNE_T1	HCJY7AFX7_MIxT1XT3_24s001577-1-1_Jeong_lane1T1xiTRU3C59	CW	1	28	dup_hom	2020	dup_h1	2010	6.73965827977642	3.14507981267659	0.1875
chr19	0	5800000	fastq0023_HPNE_T1	HCJY7AFX7_MIxT1XT3_24s001577-1-1_Jeong_lane1T1xiTRU3C69	WC	1	28	dup_hom	2020	dup_h1	2010	12.0477830884409	3.58909075812113	0.1875
chr19	0	5800000	fastq0023_HPNE_T1	HCJY7AFX7_MIxT1XT3_24s001577-1-1_Jeong_lane1T1xiTRU3C75	WW	1	28	dup_h2	1020	dup_h1	2010	16.0254657438914	2.74949175628345	0.03125
chr19	0	5800000	fastq0023_HPNE_T1	HCJY7AFX7_MIxT1XT3_24s001577-1-1_Jeong_lane1T1xiTRU3C76	WW	1	28	dup_h1	2010	complex	3000	18.7200877814672	0.17028647803275	0.09375
chr19	0	5800000	fastq0023_HPNE_T1	HCJY7AFX7_MIxT1XT3_24s001577-1-1_Jeong_lane1T1xiTRU3C81	CW	1	28	dup_hom	2020	dup_h2	1020	12.7752384032591	4.14296522136736	0.1875
chr19	0	5800000	fastq0023_HPNE_T1	HCJY7AFX7_MIxT1XT3_24s001577-1-1_Jeong_lane1T1xiTRU3C85	CW	1	28	complex	1002	inv_h2	1001	29.4023293478049	2.69509457777006	0.125
chr19	0	5800000	fastq0023_HPNE_T1	HCJY7AFX7_MIxT1XT3_24s001577-1-1_Jeong_lane1T1xiTRU3C86	WW	1	28	complex	3000	dup_h1	2010	12.0709317412397	0.219175934037896	0.125
chr19	0	5800000	fastq0023_HPNE_T1	HCJY7AFX7_MIxT1XT3_24s001577-1-1_Jeong_lane1T1xiTRU3C87	WC	1	28	dup_hom	2020	dup_h2	1020	11.6270381927142	3.12987911339116	0.1875
chr19	0	5800000	fastq0023_HPNE_T1	HCJY7AFX7_MIxT1XT3_24s001577-1-1_Jeong_lane1T1xiTRU3C89	CC	1	28	dup_h1	2010	dup_h2	1020	8.67335187285598	2.79568568819611	0.09375
chr19	0	5800000	fastq0023_HPNE_T1	HCJY7AFX7_MIxT1XT3_24s001577-1-1_Jeong_lane1T1xiTRU3C90	WC	1	28	dup_hom	2020	dup_h2	1020	9.61514061474088	4.41974263204014	0.1875
chr19	0	5800000	fastq0023_HPNE_T1	HCJY7AFX7_MIxT1XT3_24s001577-1-1_Jeong_lane1T1xiTRU3C91	WC	1	28	complex	1021	idup_h2	1011	12.8882100044659	1.60350993200094	0.125
chr19	0	5800000	fastq0023_HPNE_T1	HCJY7AFX7_MIxT1XT3_24s001577-1-1_Jeong_lane1T1xiTRU3C95	WC	1	28	dup_hom	2020	dup_h2	1020	8.17870982958617	2.4040306638756	0.1875
chr19	5800000	9000000	fastq0023_HPNE_T1	HCJY7AFX7_MIxT1XT3_24s001577-1-1_Jeong_lane1T1xiTRU3C75	WW	1	16	dup_h1	2010	dup_hom	2020	11.9524929245557	2.14375718159051	0.03125
chr19	5800000	9000000	fastq0023_HPNE_T1	HCJY7AFX7_MIxT1XT3_24s001577-1-1_Jeong_lane1T1xiTRU3C76	WW	1	16	dup_h2	1020	dup_h1	2010	7.68622484451383	1.59027041261704	0.125
chr19	5800000	9000000	fastq0023_HPNE_T1	HCJY7AFX7_MIxT1XT3_24s001577-1-1_Jeong_lane1T1xiTRU3C84	WW	1	16	dup_h2	1020	dup_h1	2010	5.10413129400786	1.59027041261704	0.125
chr19	5800000	9000000	fastq0023_HPNE_T1	HCJY7AFX7_MIxT1XT3_24s001577-1-1_Jeong_lane1T1xiTRU3C85	CW	1	16	complex	3000	complex	2000	13.9084590699317	1.15780437444784	0.03125
chr19	5800000	9000000	fastq0023_HPNE_T1	HCJY7AFX7_MIxT1XT3_24s001577-1-1_Jeong_lane1T1xiTRU3C86	WW	1	16	dup_h2	1020	complex	0030	8.84520995647919	1.94770050724694	0.125
chr19	5800000	9000000	fastq0023_HPNE_T1	HCJY7AFX7_MIxT1XT3_24s001577-1-1_Jeong_lane1T1xiTRU3C87	WC	1	16	dup_hom	2020	dup_h2	1020	8.58821051853779	3.05240785091689	0.0625
chr19	5800000	9000000	fastq0023_HPNE_T1	HCJY7AFX7_MIxT1XT3_24s001577-1-1_Jeong_lane1T1xiTRU3C91	WC	1	16	dup_h2	1020	idup_h1	1110	6.3102977528129	1.10606382141621	0.125
chr19	5800000	9000000	fastq0023_HPNE_T1	HCJY7AFX7_MIxT1XT3_24s001577-1-1_Jeong_lane1T1xiTRU3C95	WC	1	16	dup_hom	2020	dup_h1	2010	6.01900260882511	2.00186574796528	0.0625
chr19	9200000	10200000	fastq0023_HPNE_T1	HCJY7AFX7_MIxT1XT3_24s001577-1-1_Jeong_lane1T1xiTRU3C85	CW	1	5	complex	3000	inv_h2	1001	13.1450693565674	0.0197185801756827	0.03125
chr19	10200000	11200000	fastq0023_HPNE_T1	HCJY7AFX7_MIxT1XT3_24s001577-1-1_Jeong_lane1T1xiTRU3C75	WW	1	5	dup_h2	1020	dup_hom	2020	4.08412511414311	0.293385496171862	0.0625
chr19	10200000	11200000	fastq0023_HPNE_T1	HCJY7AFX7_MIxT1XT3_24s001577-1-1_Jeong_lane1T1xiTRU3C76	WW	1	5	dup_h2	1020	dup_hom	2020	4.29949180696495	0.914217609546881	0.0625
chr19	10200000	11200000	fastq0023_HPNE_T1	HCJY7AFX7_MIxT1XT3_24s001577-1-1_Jeong_lane1T1xiTRU3C85	CW	1	5	complex	3000	complex	4000	7.92014485349303	1.64899533632992	0.03125
chr19	10200000	11200000	fastq0023_HPNE_T1	HCJY7AFX7_MIxT1XT3_24s001577-1-1_Jeong_lane1T1xiTRU3C87	WC	1	5	dup_hom	2020	dup_h1	2010	7.41290493651078	3.23457289956446	0.03125
chr19	10200000	11200000	fastq0023_HPNE_T1	HCJY7AFX7_MIxT1XT3_24s001577-1-1_Jeong_lane1T1xiTRU3C91	WC	1	5	dup_h1	2010	dup_hom	2020	5.48976266466608	1.88433586128696	0.03125
chr19	11800000	12200000	fastq0023_HPNE_T1	HCJY7AFX7_MIxT1XT3_24s001577-1-1_Jeong_lane1T1xiTRU3C85	CW	1	2	inv_h2	1001	complex	3000	5.04708819858136	0.739990032094593	0.03125
chr19	12200000	14400000	fastq0023_HPNE_T1	HCJY7AFX7_MIxT1XT3_24s001577-1-1_Jeong_lane1T1xiTRU3C75	WW	1	11	dup_h2	1020	dup_h1	2010	5.65000778188494	1.38369190014776	0.03125
chr19	12200000	14400000	fastq0023_HPNE_T1	HCJY7AFX7_MIxT1XT3_24s001577-1-1_Jeong_lane1T1xiTRU3C76	WW	1	11	dup_h1	2010	dup_hom	2020	7.16525467113285	0.867907224501347	0.09375
chr19	12200000	14400000	fastq0023_HPNE_T1	HCJY7AFX7_MIxT1XT3_24s001577-1-1_Jeong_lane1T1xiTRU3C85	CW	1	11	complex	3000	complex	2001	16.0890135075948	2.60515436617171	0.03125
chr19	12200000	14400000	fastq0023_HPNE_T1	HCJY7AFX7_MIxT1XT3_24s001577-1-1_Jeong_lane1T1xiTRU3C86	WW	1	11	dup_h1	2010	dup_h2	1020	4.52935520395551	0.00260246097212846	0.09375
chr19	12200000	14400000	fastq0023_HPNE_T1	HCJY7AFX7_MIxT1XT3_24s001577-1-1_Jeong_lane1T1xiTRU3C87	WC	1	11	dup_h1	2010	dup_hom	2020	7.26122600507394	3.56552999258504	0.09375
chr19	12200000	14400000	fastq0023_HPNE_T1	HCJY7AFX7_MIxT1XT3_24s001577-1-1_Jeong_lane1T1xiTRU3C90	WC	1	11	dup_hom	2020	dup_h2	1020	5.57769209446415	1.79817931563615	0.03125
chr19	16000000	18600000	fastq0023_HPNE_T1	HCJY7AFX7_MIxT1XT3_24s001577-1-1_Jeong_lane1T1xiTRU3C69	WC	1	13	idup_h1	1110	dup_hom	2020	4.57548554752559	1.40425226114641	0.0625
chr19	16000000	18600000	fastq0023_HPNE_T1	HCJY7AFX7_MIxT1XT3_24s001577-1-1_Jeong_lane1T1xiTRU3C75	WW	1	13	dup_h2	1020	dup_h1	2010	5.91016734135928	1.27959196450814	0.0625
chr19	16000000	18600000	fastq0023_HPNE_T1	HCJY7AFX7_MIxT1XT3_24s001577-1-1_Jeong_lane1T1xiTRU3C76	WW	1	13	dup_h1	2010	dup_h2	1020	6.2349436121677	0.799849577171705	0.0625
chr19	16000000	18600000	fastq0023_HPNE_T1	HCJY7AFX7_MIxT1XT3_24s001577-1-1_Jeong_lane1T1xiTRU3C84	WW	1	13	dup_hom	2020	dup_h1	2010	7.61424615763515	0.456792718812763	0.09375
chr19	16000000	18600000	fastq0023_HPNE_T1	HCJY7AFX7_MIxT1XT3_24s001577-1-1_Jeong_lane1T1xiTRU3C86	WW	1	13	dup_h2	1020	dup_h1	2010	5.51583166956537	1.27959196450813	0.0625
chr19	16000000	18600000	fastq0023_HPNE_T1	HCJY7AFX7_MIxT1XT3_24s001577-1-1_Jeong_lane1T1xiTRU3C87	WC	1	13	idup_h1	1110	dup_h2	1020	6.992980517369	3.11654895565857	0.0625
chr19	16000000	18600000	fastq0023_HPNE_T1	HCJY7AFX7_MIxT1XT3_24s001577-1-1_Jeong_lane1T1xiTRU3C89	CC	1	13	dup_h1	2010	dup_h2	1020	4.43338333817002	0.106702396611759	0.0625
chr19	16000000	18600000	fastq0023_HPNE_T1	HCJY7AFX7_MIxT1XT3_24s001577-1-1_Jeong_lane1T1xiTRU3C90	WC	1	13	dup_hom	2020	dup_h1	2010	4.44291370508881	0.0598390653275276	0.09375
chr19	16000000	18600000	fastq0023_HPNE_T1	HCJY7AFX7_MIxT1XT3_24s001577-1-1_Jeong_lane1T1xiTRU3C91	WC	1	13	dup_hom	2020	dup_h1	2010	4.77684675360441	1.92257908378768	0.09375
chr19	18600000	19800000	fastq0023_HPNE_T1	HCJY7AFX7_MIxT1XT3_24s001577-1-1_Jeong_lane1T1xiTRU3C75	WW	1	6	dup_h2	1020	dup_hom	2020	6.30691606244049	0.0414489064935957	0.03125
chr19	19800000	24200000	fastq0023_HPNE_T1	HCJY7AFX7_MIxT1XT3_24s001577-1-1_Jeong_lane1T1xiTRU3C22	WC	1	22	complex	2000	complex	3000	15.9294889413609	0.501324079641714	0.03125
chr19	19800000	24200000	fastq0023_HPNE_T1	HCJY7AFX7_MIxT1XT3_24s001577-1-1_Jeong_lane1T1xiTRU3C83	CW	1	22	inv_hom	0101	complex	1100	8.11600098631191	4.60516583197033	0.03125
chr19	28000000	35000000	fastq0023_HPNE_T1	HCJY7AFX7_MIxT1XT3_24s001577-1-1_Jeong_lane1T1xiTRU3C22	WC	1	35	complex	3000	complex	2001	18.8117057548508	2.75669616115615	0.0625
chr19	28000000	35000000	fastq0023_HPNE_T1	HCJY7AFX7_MIxT1XT3_24s001577-1-1_Jeong_lane1T1xiTRU3C55	CW	1	35	complex	0011	idup_h2	1011	6.57133951234349	1.43477011941602	0.0625
chr19	28000000	35000000	fastq0023_HPNE_T1	HCJY7AFX7_MIxT1XT3_24s001577-1-1_Jeong_lane1T1xiTRU3C75	WW	1	35	dup_h2	1020	dup_h1	2010	12.6047851351676	7.46987252813374	0.09375
chr19	28000000	35000000	fastq0023_HPNE_T1	HCJY7AFX7_MIxT1XT3_24s001577-1-1_Jeong_lane1T1xiTRU3C76	WW	1	35	dup_h1	2010	dup_h2	1020	4.35075359501721	2.92733518026545	0.0625
chr19	28000000	35000000	fastq0023_HPNE_T1	HCJY7AFX7_MIxT1XT3_24s001577-1-1_Jeong_lane1T1xiTRU3C81	CW	1	35	dup_h1	2010	ref_hom	1010	4.43294587866545	4.43294587866545	0.0625
chr19	28000000	35000000	fastq0023_HPNE_T1	HCJY7AFX7_MIxT1XT3_24s001577-1-1_Jeong_lane1T1xiTRU3C84	WW	1	35	dup_h2	1020	dup_h1	2010	4.75495504569006	3.31098944477406	0.09375
chr19	28000000	35000000	fastq0023_HPNE_T1	HCJY7AFX7_MIxT1XT3_24s001577-1-1_Jeong_lane1T1xiTRU3C86	WW	1	35	dup_h2	1020	dup_h1	2010	6.79492456902809	1.92469508365417	0.09375
chr19	38200000	43800000	fastq0023_HPNE_T1	HCJY7AFX7_MIxT1XT3_24s001577-1-1_Jeong_lane1T1xiTRU3C75	WW	1	28	dup_h2	1020	dup_h1	2010	11.6230935702343	2.30240533118999	0.09375
chr19	38200000	43800000	fastq0023_HPNE_T1	HCJY7AFX7_MIxT1XT3_24s001577-1-1_Jeong_lane1T1xiTRU3C76	WW	1	28	dup_h2	1020	dup_h1	2010	6.04823839824987	0.222963789510153	0.09375
chr19	38200000	43800000	fastq0023_HPNE_T1	HCJY7AFX7_MIxT1XT3_24s001577-1-1_Jeong_lane1T1xiTRU3C86	WW	1	28	dup_h2	1020	dup_h1	2010	5.83370955813577	1.60925815063004	0.09375
chr19	38200000	43800000	fastq0023_HPNE_T1	HCJY7AFX7_MIxT1XT3_24s001577-1-1_Jeong_lane1T1xiTRU3C95	WC	1	28	dup_h1	2010	dup_hom	2020	4.13315861249853	2.28060941838122	0.03125
chr19	44600000	45600000	fastq0023_HPNE_T1	HCJY7AFX7_MIxT1XT3_24s001577-1-1_Jeong_lane1T1xiTRU3C87	WC	1	5	dup_hom	2020	dup_h2	1020	4.59300224845841	1.62360452248723	0.03125
chr19	45600000	50800000	fastq0023_HPNE_T1	HCJY7AFX7_MIxT1XT3_24s001577-1-1_Jeong_lane1T1xiTRU3C19	CW	1	26	dup_hom	2020	dup_h1	2010	5.76161053606611	2.83008439212202	0.09375
chr19	45600000	50800000	fastq0023_HPNE_T1	HCJY7AFX7_MIxT1XT3_24s001577-1-1_Jeong_lane1T1xiTRU3C20	CW	1	26	complex	1100	idup_h1	1110	6.30990698504951	1.35170836562491	0.03125
chr19	45600000	50800000	fastq0023_HPNE_T1	HCJY7AFX7_MIxT1XT3_24s001577-1-1_Jeong_lane1T1xiTRU3C75	WW	1	26	dup_h2	1020	dup_h1	2010	11.5167227672207	1.29224295997966	0.0625
chr19	45600000	50800000	fastq0023_HPNE_T1	HCJY7AFX7_MIxT1XT3_24s001577-1-1_Jeong_lane1T1xiTRU3C76	WW	1	26	dup_h1	2010	dup_h2	1020	9.02369845380942	2.17349294282007	0.03125
chr19	45600000	50800000	fastq0023_HPNE_T1	HCJY7AFX7_MIxT1XT3_24s001577-1-1_Jeong_lane1T1xiTRU3C86	WW	1	26	dup_h2	1020	dup_h1	2010	9.36293802575022	1.29224295997966	0.0625
chr19	45600000	50800000	fastq0023_HPNE_T1	HCJY7AFX7_MIxT1XT3_24s001577-1-1_Jeong_lane1T1xiTRU3C87	WC	1	26	dup_hom	2020	dup_h1	2010	13.1447833311538	5.66203101985103	0.09375
chr19	45600000	50800000	fastq0023_HPNE_T1	HCJY7AFX7_MIxT1XT3_24s001577-1-1_Jeong_lane1T1xiTRU3C90	WC	1	26	idup_h2	1011	complex	1111	7.91170811086686	1.69975846733293	0.03125
chr19	45600000	50800000	fastq0023_HPNE_T1	HCJY7AFX7_MIxT1XT3_24s001577-1-1_Jeong_lane1T1xiTRU3C91	WC	1	26	dup_hom	2020	dup_h1	2010	10.2702602016083	4.96198987381354	0.09375
chr19	50800000	53400000	fastq0023_HPNE_T1	HCJY7AFX7_MIxT1XT3_24s001577-1-1_Jeong_lane1T1xiTRU3C18	CW	1	13	inv_hom	0101	idup_h1	1110	4.30605111135923	3.44946373206878	0.03125
chr19	50800000	53400000	fastq0023_HPNE_T1	HCJY7AFX7_MIxT1XT3_24s001577-1-1_Jeong_lane1T1xiTRU3C25	CW	1	13	inv_h2	1001	complex	2000	15.4286119950023	0.70294745105819	0.03125
chr19	50800000	53400000	fastq0023_HPNE_T1	HCJY7AFX7_MIxT1XT3_24s001577-1-1_Jeong_lane1T1xiTRU3C75	WW	1	13	dup_h1	2010	dup_h2	1020	4.12233296161059	0.941151880374124	0.03125
chr19	53800000	55400000	fastq0023_HPNE_T1	HCJY7AFX7_MIxT1XT3_24s001577-1-1_Jeong_lane1T1xiTRU3C25	CW	1	8	inv_h2	1001	complex	2000	11.5611003164472	4.02795408366297	0.03125
chr19	53800000	55400000	fastq0023_HPNE_T1	HCJY7AFX7_MIxT1XT3_24s001577-1-1_Jeong_lane1T1xiTRU3C30	CW	1	8	inv_hom	0101	idup_h1	1110	4.51373911076433	1.7023012027518	0.03125
chr19	53800000	55400000	fastq0023_HPNE_T1	HCJY7AFX7_MIxT1XT3_24s001577-1-1_Jeong_lane1T1xiTRU3C61	CC	1	8	idup_h1	1110	idup_h2	1011	5.04892899334623	0.058480503866031	0.03125
chr19	53800000	55400000	fastq0023_HPNE_T1	HCJY7AFX7_MIxT1XT3_24s001577-1-1_Jeong_lane1T1xiTRU3C75	WW	1	8	dup_h1	2010	dup_h2	1020	5.27747552120507	1.36787885950896	0.0625
chr19	53800000	55400000	fastq0023_HPNE_T1	HCJY7AFX7_MIxT1XT3_24s001577-1-1_Jeong_lane1T1xiTRU3C81	CW	1	8	dup_hom	2020	dup_h1	2010	4.6648589995354	0.965117256419239	0.0625
chr19	53800000	55400000	fastq0023_HPNE_T1	HCJY7AFX7_MIxT1XT3_24s001577-1-1_Jeong_lane1T1xiTRU3C86	WW	1	8	dup_h1	2010	dup_h2	1020	4.34744794196313	1.36787885950896	0.0625
chr19	53800000	55400000	fastq0023_HPNE_T1	HCJY7AFX7_MIxT1XT3_24s001577-1-1_Jeong_lane1T1xiTRU3C90	WC	1	8	idup_h2	1011	dup_h1	2010	4.9815975573533	3.42171129117176	0.0625
chr19	53800000	55400000	fastq0023_HPNE_T1	HCJY7AFX7_MIxT1XT3_24s001577-1-1_Jeong_lane1T1xiTRU3C91	WC	1	8	dup_hom	2020	dup_h2	1020	4.79413553990695	1.64499205169382	0.0625
chr19	53800000	55400000	fastq0023_HPNE_T1	HCJY7AFX7_MIxT1XT3_24s001577-1-1_Jeong_lane1T1xiTRU3C95	WC	1	8	idup_h2	1011	complex	0022	4.91720365569462	0.456897961089217	0.0625
chr19	55400000	57600000	fastq0023_HPNE_T1	HCJY7AFX7_MIxT1XT3_24s001577-1-1_Jeong_lane1T1xiTRU3C25	CW	1	11	inv_h2	1001	complex	2000	15.2879548710213	2.26096563458253	0.0625
chr19	55400000	57600000	fastq0023_HPNE_T1	HCJY7AFX7_MIxT1XT3_24s001577-1-1_Jeong_lane1T1xiTRU3C61	CC	1	11	inv_h2	1001	idup_h1	1110	7.46281563475302	0.327564610464343	0.0625
chr2	0	3800000	fastq0023_HPNE_T1	HCJY7AFX7_MIxT1XT3_24s001577-1-1_Jeong_lane1T1xiTRU3C15	CC	1	19	inv_h1	0110	complex	0011	13.8215631644882	2.06099536863911	0.03125
chr2	0	3800000	fastq0023_HPNE_T1	HCJY7AFX7_MIxT1XT3_24s001577-1-1_Jeong_lane1T1xiTRU3C27	CC	1	19	dup_h1	2010	dup_h2	1020	5.06932452468991	1.34411932037129	0.03125
chr2	3800000	6200000	fastq0023_HPNE_T1	HCJY7AFX7_MIxT1XT3_24s001577-1-1_Jeong_lane1T1xiTRU3C15	CC	1	12	inv_h1	0110	inv_h2	1001	5.87161624133702	0.00275481606823291	0.03125
chr2	3800000	6200000	fastq0023_HPNE_T1	HCJY7AFX7_MIxT1XT3_24s001577-1-1_Jeong_lane1T1xiTRU3C90	CC	1	12	del_h1	0010	del_h2	1000	9.03261909654155	7.1941415011878e-05	0.03125
chr2	6200000	9000000	fastq0023_HPNE_T1	HCJY7AFX7_MIxT1XT3_24s001577-1-1_Jeong_lane1T1xiTRU3C15	CC	1	14	inv_h1	0110	idup_h1	1110	12.2779751933189	0.869096059744502	0.03125
chr2	6200000	9000000	fastq0023_HPNE_T1	HCJY7AFX7_MIxT1XT3_24s001577-1-1_Jeong_lane1T1xiTRU3C27	CC	1	14	dup_hom	2020	dup_h2	1020	5.5014612307005	0.0281206157453928	0.03125
chr2	6200000	9000000	fastq0023_HPNE_T1	HCJY7AFX7_MIxT1XT3_24s001577-1-1_Jeong_lane1T1xiTRU3C90	CC	1	14	del_h1	0010	del_h2	1000	11.4161430764213	5.31644613799287e-05	0.03125
chr2	9200000	12200000	fastq0023_HPNE_T1	HCJY7AFX7_MIxT1XT3_24s001577-1-1_Jeong_lane1T1xiTRU3C15	CC	1	15	inv_h1	0110	complex	1100	16.201837916801	2.68091623988543	0.03125
chr2	9200000	12200000	fastq0023_HPNE_T1	HCJY7AFX7_MIxT1XT3_24s001577-1-1_Jeong_lane1T1xiTRU3C27	CC	1	15	dup_h2	1020	dup_h1	2010	4.26669495580677	1.29759659916195	0.03125
chr2	12200000	15600000	fastq0023_HPNE_T1	HCJY7AFX7_MIxT1XT3_24s001577-1-1_Jeong_lane1T1xiTRU3C15	CC	1	17	inv_h1	0110	inv_h2	1001	8.7792506452581	0.000905668968939288	0.03125
chr2	12200000	15600000	fastq0023_HPNE_T1	HCJY7AFX7_MIxT1XT3_24s001577-1-1_Jeong_lane1T1xiTRU3C69	WW	1	17	del_h2	1000	del_h1	0010	7.23033380819987	0.000369877671193564	0.0625
chr2	12200000	15600000	fastq0023_HPNE_T1	HCJY7AFX7_MIxT1XT3_24s001577-1-1_Jeong_lane1T1xiTRU3C90	CC	1	17	del_h2	1000	del_h1	0010	15.3164568597641	0.000369877671193564	0.0625
chr2	16800000	19600000	fastq0023_HPNE_T1	HCJY7AFX7_MIxT1XT3_24s001577-1-1_Jeong_lane1T1xiTRU3C15	CC	1	14	inv_h1	0110	inv_h2	1001	9.21286436149371	0.0114363360902594	0.03125
chr2	16800000	19600000	fastq0023_HPNE_T1	HCJY7AFX7_MIxT1XT3_24s001577-1-1_Jeong_lane1T1xiTRU3C69	WW	1	14	del_h1	0010	del_h2	1000	5.29701307445219	0.000822906456122485	0.0625
chr2	16800000	19600000	fastq0023_HPNE_T1	HCJY7AFX7_MIxT1XT3_24s001577-1-1_Jeong_lane1T1xiTRU3C90	CC	1	14	del_h1	0010	del_h2	1000	15.4489943837882	0.000822906456122485	0.0625
chr2	19600000	21600000	fastq0023_HPNE_T1	HCJY7AFX7_MIxT1XT3_24s001577-1-1_Jeong_lane1T1xiTRU3C90	CC	1	10	del_h2	1000	del_h1	0010	4.45072760969858	3.46469051457632e-05	0.03125
chr2	21600000	22800000	fastq0023_HPNE_T1	HCJY7AFX7_MIxT1XT3_24s001577-1-1_Jeong_lane1T1xiTRU3C90	CC	1	6	del_h2	1000	del_h1	0010	6.39981087073156	7.67749509704707e-05	0.03125
chr2	22800000	31400000	fastq0023_HPNE_T1	HCJY7AFX7_MIxT1XT3_24s001577-1-1_Jeong_lane1T1xiTRU3C27	CC	1	43	dup_h2	1020	dup_h1	2010	9.25118048717567	1.38420392785873	0.03125
chr2	31400000	36400000	fastq0023_HPNE_T1	HCJY7AFX7_MIxT1XT3_24s001577-1-1_Jeong_lane1T1xiTRU3C17	CW	1	25	inv_hom	0101	ref_hom	1010	4.38465232496448	4.38465232496448	0.03125
chr2	36400000	40200000	fastq0023_HPNE_T1	HCJY7AFX7_MIxT1XT3_24s001577-1-1_Jeong_lane1T1xiTRU3C22	CW	1	19	inv_hom	0101	idup_h2	1011	4.32056373687217	0.980148840733006	0.03125
chr2	40200000	41800000	fastq0023_HPNE_T1	HCJY7AFX7_MIxT1XT3_24s001577-1-1_Jeong_lane1T1xiTRU3C75	CC	1	8	del_h2	1000	ref_hom	1010	4.39850826227943	4.39850826227943	0.03125
chr2	49200000	53400000	fastq0023_HPNE_T1	HCJY7AFX7_MIxT1XT3_24s001577-1-1_Jeong_lane1T1xiTRU3C52	WW	1	21	del_h1	0010	del_h2	1000	4.65532191615712	0.000192608462653787	0.09375
chr2	49200000	53400000	fastq0023_HPNE_T1	HCJY7AFX7_MIxT1XT3_24s001577-1-1_Jeong_lane1T1xiTRU3C76	WW	1	21	del_h1	0010	ref_hom	1010	4.19015163111064	4.19015163111064	0.09375
chr2	49200000	53400000	fastq0023_HPNE_T1	HCJY7AFX7_MIxT1XT3_24s001577-1-1_Jeong_lane1T1xiTRU3C87	CC	1	21	del_h1	0010	del_h2	1000	9.04726987228902	0.000192608462653787	0.09375
chr2	49200000	53400000	fastq0023_HPNE_T1	HCJY7AFX7_MIxT1XT3_24s001577-1-1_Jeong_lane1T1xiTRU3C89	CC	1	21	del_h2	1000	ref_hom	1010	4.41956025398694	4.41956025398694	0.0625
chr2	49200000	53400000	fastq0023_HPNE_T1	HCJY7AFX7_MIxT1XT3_24s001577-1-1_Jeong_lane1T1xiTRU3C91	CC	1	21	del_h2	1000	del_h1	0010	9.03453572121279	5.99127193864533	0.0625
chr2	55600000	59800000	fastq0023_HPNE_T1	HCJY7AFX7_MIxT1XT3_24s001577-1-1_Jeong_lane1T1xiTRU3C87	CC	1	21	del_h2	1000	del_h1	0010	6.04105921305083	5.99150631829034	0.03125
chr2	59800000	62600000	fastq0023_HPNE_T1	HCJY7AFX7_MIxT1XT3_24s001577-1-1_Jeong_lane1T1xiTRU3C17	CW	1	14	inv_hom	0101	idup_h1	1110	4.07707668964297	3.71766923078886	0.03125
chr2	72800000	75000000	fastq0023_HPNE_T1	HCJY7AFX7_MIxT1XT3_24s001577-1-1_Jeong_lane1T1xiTRU3C90	WC	1	11	dup_h1	2010	idup_h2	1011	4.11753648128601	1.98415002841629	0.03125
chr2	75000000	79800000	fastq0023_HPNE_T1	HCJY7AFX7_MIxT1XT3_24s001577-1-1_Jeong_lane1T1xiTRU3C16	WC	1	24	inv_hom	0101	idup_h1	1110	4.41213955847237	4.15720771988594	0.03125
chr2	80600000	84800000	fastq0023_HPNE_T1	HCJY7AFX7_MIxT1XT3_24s001577-1-1_Jeong_lane1T1xiTRU3C17	CW	1	21	inv_hom	0101	ref_hom	1010	4.17285997012369	4.17285997012369	0.03125
chr2	80600000	84800000	fastq0023_HPNE_T1	HCJY7AFX7_MIxT1XT3_24s001577-1-1_Jeong_lane1T1xiTRU3C87	CC	1	21	del_h1	0010	ref_hom	1010	4.5866214941239	4.5866214941239	0.03125
chr2	84800000	86400000	fastq0023_HPNE_T1	HCJY7AFX7_MIxT1XT3_24s001577-1-1_Jeong_lane1T1xiTRU3C26	CW	1	8	inv_h2	1001	complex	3000	9.52488677425074	0.729676620841879	0.03125
chr2	84800000	86400000	fastq0023_HPNE_T1	HCJY7AFX7_MIxT1XT3_24s001577-1-1_Jeong_lane1T1xiTRU3C90	WC	1	8	dup_hom	2020	dup_h1	2010	10.175772827974	4.44616966109641	0.03125
chr2	95400000	95600000	fastq0023_HPNE_T1	HCJY7AFX7_MIxT1XT3_24s001577-1-1_Jeong_lane1T1xiTRU3C76	WW	1	1	inv_h1	0110	inv_hom	0101	4.72340682660831	0.854368920069184	0.03125
chr2	95800000	96000000	fastq0023_HPNE_T1	HCJY7AFX7_MIxT1XT3_24s001577-1-1_Jeong_lane1T1xiTRU3C81	WC	1	1	inv_h2	1001	del_h2	1000	4.72792025696007	1.85437559915859	0.125
chr2	95800000	96000000	fastq0023_HPNE_T1	HCJY7AFX7_MIxT1XT3_24s001577-1-1_Jeong_lane1T1xiTRU3C86	WW	1	1	inv_h2	1001	inv_h1	0110	5.02083005275273	0.947601439085377	0.125
chr2	95800000	96000000	fastq0023_HPNE_T1	HCJY7AFX7_MIxT1XT3_24s001577-1-1_Jeong_lane1T1xiTRU3C87	CC	1	1	inv_h2	1001	inv_h1	0110	4.99395981784075	0.947601439085377	0.125
chr2	95800000	96000000	fastq0023_HPNE_T1	HCJY7AFX7_MIxT1XT3_24s001577-1-1_Jeong_lane1T1xiTRU3C89	CC	1	1	inv_h2	1001	inv_h1	0110	4.13091623797042	0.947601439085378	0.125
chr2	97000000	102200000	fastq0023_HPNE_T1	HCJY7AFX7_MIxT1XT3_24s001577-1-1_Jeong_lane1T1xiTRU3C17	CW	1	24	inv_hom	0101	ref_hom	1010	4.17383163076539	4.17383163076539	0.09375
chr2	97000000	102200000	fastq0023_HPNE_T1	HCJY7AFX7_MIxT1XT3_24s001577-1-1_Jeong_lane1T1xiTRU3C22	CW	1	24	inv_hom	0101	ref_hom	1010	4.17383170466796	4.17383170466796	0.09375
chr2	97000000	102200000	fastq0023_HPNE_T1	HCJY7AFX7_MIxT1XT3_24s001577-1-1_Jeong_lane1T1xiTRU3C81	WC	1	24	inv_hom	0101	ref_hom	1010	4.17383162940509	4.17383162940509	0.09375
chr2	110600000	115200000	fastq0023_HPNE_T1	HCJY7AFX7_MIxT1XT3_24s001577-1-1_Jeong_lane1T1xiTRU3C59	CW	1	23	inv_hom	0101	ref_hom	1010	4.16991055413712	4.16991055413712	0.03125
chr2	126600000	131200000	fastq0023_HPNE_T1	HCJY7AFX7_MIxT1XT3_24s001577-1-1_Jeong_lane1T1xiTRU3C91	CC	1	22	dup_h2	1020	dup_h1	2010	6.1880131276211	1.468831365522	0.03125
chr2	136600000	148400000	fastq0023_HPNE_T1	HCJY7AFX7_MIxT1XT3_24s001577-1-1_Jeong_lane1T1xiTRU3C69	CW	1	59	inv_hom	0101	complex	1100	11.2126127204421	4.60516591485023	0.03125
chr2	136600000	148400000	fastq0023_HPNE_T1	HCJY7AFX7_MIxT1XT3_24s001577-1-1_Jeong_lane1T1xiTRU3C81	CC	1	59	del_h2	1000	del_h1	0010	10.3946281816121	5.99146454605749	0.0625
chr2	136600000	148400000	fastq0023_HPNE_T1	HCJY7AFX7_MIxT1XT3_24s001577-1-1_Jeong_lane1T1xiTRU3C85	CC	1	59	del_h2	1000	ref_hom	1010	4.93583393874816	4.93583393874816	0.0625
chr2	136600000	148400000	fastq0023_HPNE_T1	HCJY7AFX7_MIxT1XT3_24s001577-1-1_Jeong_lane1T1xiTRU3C87	CC	1	59	del_h1	0010	del_h2	1000	14.8182901535591	1.05048947318664e-09	0.03125
chr2	148400000	149200000	fastq0023_HPNE_T1	HCJY7AFX7_MIxT1XT3_24s001577-1-1_Jeong_lane1T1xiTRU3C17	CW	1	4	inv_h1	0110	inv_hom	0101	4.09753079766528	1.25024215656579	0.03125
chr2	153800000	157600000	fastq0023_HPNE_T1	HCJY7AFX7_MIxT1XT3_24s001577-1-1_Jeong_lane1T1xiTRU3C52	WW	1	19	del_h2	1000	ref_hom	1010	4.98595119185716	4.98595119185716	0.0625
chr2	153800000	157600000	fastq0023_HPNE_T1	HCJY7AFX7_MIxT1XT3_24s001577-1-1_Jeong_lane1T1xiTRU3C87	CC	1	19	del_h2	1000	ref_hom	1010	5.27778316176611	5.27778316176611	0.0625
chr2	161600000	167800000	fastq0023_HPNE_T1	HCJY7AFX7_MIxT1XT3_24s001577-1-1_Jeong_lane1T1xiTRU3C81	CC	1	31	del_h1	0010	ref_hom	1010	4.60704033272323	4.60704033272323	0.09375
chr2	161600000	167800000	fastq0023_HPNE_T1	HCJY7AFX7_MIxT1XT3_24s001577-1-1_Jeong_lane1T1xiTRU3C84	CC	1	31	del_h1	0010	del_h2	1000	7.5209932050514	5.99144669595185	0.09375
chr2	161600000	167800000	fastq0023_HPNE_T1	HCJY7AFX7_MIxT1XT3_24s001577-1-1_Jeong_lane1T1xiTRU3C89	CC	1	31	del_h2	1000	ref_hom	1010	5.65241727259387	5.65241727259387	0.03125
chr2	161600000	167800000	fastq0023_HPNE_T1	HCJY7AFX7_MIxT1XT3_24s001577-1-1_Jeong_lane1T1xiTRU3C91	CC	1	31	del_h1	0010	del_h2	1000	11.0749663907371	2.99571442239786	0.09375
chr2	167800000	178400000	fastq0023_HPNE_T1	HCJY7AFX7_MIxT1XT3_24s001577-1-1_Jeong_lane1T1xiTRU3C17	CW	1	53	inv_hom	0101	complex	0011	5.20972297475443	4.60516590581816	0.03125
chr2	178400000	188800000	fastq0023_HPNE_T1	HCJY7AFX7_MIxT1XT3_24s001577-1-1_Jeong_lane1T1xiTRU3C26	CC	1	52	del_h2	1000	ref_hom	1010	4.21627241296681	4.21627241296681	0.0625
chr2	178400000	188800000	fastq0023_HPNE_T1	HCJY7AFX7_MIxT1XT3_24s001577-1-1_Jeong_lane1T1xiTRU3C61	WW	1	52	del_h2	1000	del_h1	0010	6.78889366957	5.99146443281011	0.0625
chr2	178400000	188800000	fastq0023_HPNE_T1	HCJY7AFX7_MIxT1XT3_24s001577-1-1_Jeong_lane1T1xiTRU3C83	WW	1	52	del_h1	0010	ref_hom	1010	4.77389712275416	4.77389712275416	0.125
chr2	178400000	188800000	fastq0023_HPNE_T1	HCJY7AFX7_MIxT1XT3_24s001577-1-1_Jeong_lane1T1xiTRU3C85	CC	1	52	del_h1	0010	del_h2	1000	4.03356403060777	1.14297872944036e-07	0.125
chr2	178400000	188800000	fastq0023_HPNE_T1	HCJY7AFX7_MIxT1XT3_24s001577-1-1_Jeong_lane1T1xiTRU3C87	CC	1	52	del_h1	0010	del_h2	1000	5.76494800230485	1.14297873388125e-07	0.125
chr2	178400000	188800000	fastq0023_HPNE_T1	HCJY7AFX7_MIxT1XT3_24s001577-1-1_Jeong_lane1T1xiTRU3C91	CC	1	52	del_h1	0010	del_h2	1000	17.4989350454443	11.9829292085138	0.125
chr2	192000000	195000000	fastq0023_HPNE_T1	HCJY7AFX7_MIxT1XT3_24s001577-1-1_Jeong_lane1T1xiTRU3C52	WW	1	15	del_h1	0010	del_h2	1000	5.01507637740101	0.00102587216326366	0.15625
chr2	192000000	195000000	fastq0023_HPNE_T1	HCJY7AFX7_MIxT1XT3_24s001577-1-1_Jeong_lane1T1xiTRU3C81	CC	1	15	del_h1	0010	del_h2	1000	10.7427778826196	0.00102587216326322	0.15625
chr2	192000000	195000000	fastq0023_HPNE_T1	HCJY7AFX7_MIxT1XT3_24s001577-1-1_Jeong_lane1T1xiTRU3C84	CC	1	15	del_h1	0010	del_h2	1000	5.66251178776488	0.00102587216326322	0.15625
chr2	192000000	195000000	fastq0023_HPNE_T1	HCJY7AFX7_MIxT1XT3_24s001577-1-1_Jeong_lane1T1xiTRU3C85	CC	1	15	del_h1	0010	del_h2	1000	7.05922556046643	0.00102587216326366	0.15625
chr2	192000000	195000000	fastq0023_HPNE_T1	HCJY7AFX7_MIxT1XT3_24s001577-1-1_Jeong_lane1T1xiTRU3C87	CC	1	15	del_h1	0010	del_h2	1000	15.2851740929147	0.00102587216326366	0.15625
chr2	208400000	215000000	fastq0023_HPNE_T1	HCJY7AFX7_MIxT1XT3_24s001577-1-1_Jeong_lane1T1xiTRU3C18	WC	1	33	inv_hom	0101	ref_hom	1010	4.58346333941122	4.58346333941122	0.03125
chr2	208400000	215000000	fastq0023_HPNE_T1	HCJY7AFX7_MIxT1XT3_24s001577-1-1_Jeong_lane1T1xiTRU3C52	WW	1	33	del_h1	0010	del_h2	1000	4.96974854144183	3.9431928436473e-05	0.1875
chr2	208400000	215000000	fastq0023_HPNE_T1	HCJY7AFX7_MIxT1XT3_24s001577-1-1_Jeong_lane1T1xiTRU3C61	WW	1	33	del_h1	0010	del_h2	1000	5.49977435030173	3.9431928436473e-05	0.1875
chr2	208400000	215000000	fastq0023_HPNE_T1	HCJY7AFX7_MIxT1XT3_24s001577-1-1_Jeong_lane1T1xiTRU3C62	CC	1	33	del_h1	0010	del_h2	1000	5.74778278910836	3.9431928436473e-05	0.1875
chr2	208400000	215000000	fastq0023_HPNE_T1	HCJY7AFX7_MIxT1XT3_24s001577-1-1_Jeong_lane1T1xiTRU3C87	CC	1	33	del_h1	0010	del_h2	1000	10.9312152853486	3.94319284366951e-05	0.1875
chr2	208400000	215000000	fastq0023_HPNE_T1	HCJY7AFX7_MIxT1XT3_24s001577-1-1_Jeong_lane1T1xiTRU3C89	CC	1	33	del_h1	0010	del_h2	1000	6.4778840321506	3.9431928436473e-05	0.1875
chr2	208400000	215000000	fastq0023_HPNE_T1	HCJY7AFX7_MIxT1XT3_24s001577-1-1_Jeong_lane1T1xiTRU3C91	CC	1	33	del_h1	0010	del_h2	1000	9.72260114164932	3.94319284366951e-05	0.1875
chr2	220000000	230400000	fastq0023_HPNE_T1	HCJY7AFX7_MIxT1XT3_24s001577-1-1_Jeong_lane1T1xiTRU3C15	CW	1	52	inv_hom	0101	complex	0011	4.64483785424733	4.60516591481188	0.0625
chr2	220000000	230400000	fastq0023_HPNE_T1	HCJY7AFX7_MIxT1XT3_24s001577-1-1_Jeong_lane1T1xiTRU3C25	WC	1	52	inv_hom	0101	complex	0011	4.64483785424714	4.60516591485011	0.0625
chr2	230400000	239000000	fastq0023_HPNE_T1	HCJY7AFX7_MIxT1XT3_24s001577-1-1_Jeong_lane1T1xiTRU3C18	WC	1	43	inv_hom	0101	complex	0011	5.04010645687438	4.60516533864352	0.0625
chr2	230400000	239000000	fastq0023_HPNE_T1	HCJY7AFX7_MIxT1XT3_24s001577-1-1_Jeong_lane1T1xiTRU3C86	WC	1	43	inv_hom	0101	complex	0011	11.031571001085	4.60516591232649	0.0625
chr2	230400000	239000000	fastq0023_HPNE_T1	HCJY7AFX7_MIxT1XT3_24s001577-1-1_Jeong_lane1T1xiTRU3C91	CC	1	43	dup_h2	1020	dup_h1	2010	4.99708377084286	0.0811895300883663	0.0625
chr2	230400000	239000000	fastq0023_HPNE_T1	HCJY7AFX7_MIxT1XT3_24s001577-1-1_Jeong_lane1T1xiTRU3C95	WW	1	43	dup_h2	1020	dup_h1	2010	4.74159216480853	2.85377825232815	0.0625
chr2	239000000	242193529	fastq0023_HPNE_T1	HCJY7AFX7_MIxT1XT3_24s001577-1-1_Jeong_lane1T1xiTRU3C59	CW	1	16	dup_hom	2020	dup_h2	1020	4.1286258261351	1.69552032267352	0.1875
chr2	239000000	242193529	fastq0023_HPNE_T1	HCJY7AFX7_MIxT1XT3_24s001577-1-1_Jeong_lane1T1xiTRU3C69	CW	1	16	dup_hom	2020	dup_h2	1020	5.48123056176801	1.40910915194951	0.1875
chr2	239000000	242193529	fastq0023_HPNE_T1	HCJY7AFX7_MIxT1XT3_24s001577-1-1_Jeong_lane1T1xiTRU3C75	CW	1	16	dup_hom	2020	dup_h2	1020	10.0516692072509	1.63306842162828	0.1875
chr2	239000000	242193529	fastq0023_HPNE_T1	HCJY7AFX7_MIxT1XT3_24s001577-1-1_Jeong_lane1T1xiTRU3C76	CW	1	16	dup_hom	2020	dup_h2	1020	4.93495418369209	1.09713141622847	0.1875
chr2	239000000	242193529	fastq0023_HPNE_T1	HCJY7AFX7_MIxT1XT3_24s001577-1-1_Jeong_lane1T1xiTRU3C81	CC	1	16	dup_h2	1020	dup_h1	2010	4.3789781844477	0.00214942572565624	0.125
chr2	239000000	242193529	fastq0023_HPNE_T1	HCJY7AFX7_MIxT1XT3_24s001577-1-1_Jeong_lane1T1xiTRU3C84	CC	1	16	dup_h2	1020	dup_h1	2010	4.10072906306008	0.00214942572565624	0.125
chr2	239000000	242193529	fastq0023_HPNE_T1	HCJY7AFX7_MIxT1XT3_24s001577-1-1_Jeong_lane1T1xiTRU3C86	WC	1	16	dup_hom	2020	dup_h2	1020	4.44173896155566	1.08407871537685	0.1875
chr2	239000000	242193529	fastq0023_HPNE_T1	HCJY7AFX7_MIxT1XT3_24s001577-1-1_Jeong_lane1T1xiTRU3C87	CC	1	16	dup_h2	1020	dup_h1	2010	6.73866170913566	0.00214942572565624	0.125
chr2	239000000	242193529	fastq0023_HPNE_T1	HCJY7AFX7_MIxT1XT3_24s001577-1-1_Jeong_lane1T1xiTRU3C90	WC	1	16	dup_hom	2020	dup_h2	1020	7.51693230652214	3.61979981657701	0.1875
chr2	239000000	242193529	fastq0023_HPNE_T1	HCJY7AFX7_MIxT1XT3_24s001577-1-1_Jeong_lane1T1xiTRU3C95	WW	1	16	dup_h2	1020	dup_h1	2010	4.5131323103952	0.00214942572565624	0.125
chr20	200000	3600000	fastq0023_HPNE_T1	HCJY7AFX7_MIxT1XT3_24s001577-1-1_Jeong_lane1T1xiTRU3C52	WW	1	17	idup_h2	1011	idup_h1	1110	9.91925697555345	0.533507900333194	0.0625
chr20	200000	3600000	fastq0023_HPNE_T1	HCJY7AFX7_MIxT1XT3_24s001577-1-1_Jeong_lane1T1xiTRU3C75	CC	1	17	inv_h1	0110	idup_h2	1011	13.2974218064245	0.101119556203688	0.03125
chr20	200000	3600000	fastq0023_HPNE_T1	HCJY7AFX7_MIxT1XT3_24s001577-1-1_Jeong_lane1T1xiTRU3C91	CC	1	17	idup_h2	1011	idup_h1	1110	14.3241000442329	0.533507900333194	0.0625
chr20	3600000	3800000	fastq0023_HPNE_T1	HCJY7AFX7_MIxT1XT3_24s001577-1-1_Jeong_lane1T1xiTRU3C75	CC	1	1	inv_h1	0110	idup_h1	1110	7.87878747804999	0.667961610519132	0.03125
chr20	3800000	6400000	fastq0023_HPNE_T1	HCJY7AFX7_MIxT1XT3_24s001577-1-1_Jeong_lane1T1xiTRU3C52	WW	1	13	inv_h1	0110	inv_h2	1001	4.03263526537547	0.0002853978295283	0.0625
chr20	3800000	6400000	fastq0023_HPNE_T1	HCJY7AFX7_MIxT1XT3_24s001577-1-1_Jeong_lane1T1xiTRU3C75	CC	1	13	inv_h1	0110	idup_h1	1110	32.1016647707531	4.92545034317258	0.0625
chr20	3800000	6400000	fastq0023_HPNE_T1	HCJY7AFX7_MIxT1XT3_24s001577-1-1_Jeong_lane1T1xiTRU3C91	CC	1	13	idup_h2	1011	idup_h1	1110	14.4731017265362	0.00991169235185385	0.03125
chr20	6400000	12000000	fastq0023_HPNE_T1	HCJY7AFX7_MIxT1XT3_24s001577-1-1_Jeong_lane1T1xiTRU3C52	WW	1	28	inv_h2	1001	complex	1100	14.6087241743973	2.17894582736983	0.0625
chr20	6400000	12000000	fastq0023_HPNE_T1	HCJY7AFX7_MIxT1XT3_24s001577-1-1_Jeong_lane1T1xiTRU3C75	CC	1	28	inv_h2	1001	complex	0011	20.6078033755516	2.17894582813759	0.0625
chr20	6400000	12000000	fastq0023_HPNE_T1	HCJY7AFX7_MIxT1XT3_24s001577-1-1_Jeong_lane1T1xiTRU3C91	CC	1	28	idup_h1	1110	complex	2100	16.8593338056895	3.27031654124928	0.03125
chr20	12000000	14600000	fastq0023_HPNE_T1	HCJY7AFX7_MIxT1XT3_24s001577-1-1_Jeong_lane1T1xiTRU3C52	WW	1	13	complex	1100	idup_h1	1110	11.6202923224608	2.05007177494025	0.03125
chr20	12000000	14600000	fastq0023_HPNE_T1	HCJY7AFX7_MIxT1XT3_24s001577-1-1_Jeong_lane1T1xiTRU3C91	CC	1	13	inv_h1	0110	idup_h1	1110	9.43712725360829	0.503124461429287	0.03125
chr20	14600000	17400000	fastq0023_HPNE_T1	HCJY7AFX7_MIxT1XT3_24s001577-1-1_Jeong_lane1T1xiTRU3C21	CW	1	14	complex	0020	del_h1	0010	17.090177706158	1.22368877358184	0.03125
chr20	14600000	17400000	fastq0023_HPNE_T1	HCJY7AFX7_MIxT1XT3_24s001577-1-1_Jeong_lane1T1xiTRU3C91	CC	1	14	idup_h2	1011	idup_h1	1110	12.7803842886935	0.30761817705861	0.03125
chr20	17400000	24400000	fastq0023_HPNE_T1	HCJY7AFX7_MIxT1XT3_24s001577-1-1_Jeong_lane1T1xiTRU3C21	CW	1	35	complex	0020	inv_h1	0110	14.4330199379251	0.470652599066788	0.03125
chr20	17400000	24400000	fastq0023_HPNE_T1	HCJY7AFX7_MIxT1XT3_24s001577-1-1_Jeong_lane1T1xiTRU3C30	CW	1	35	inv_hom	0101	idup_h2	1011	5.11307376400342	3.92812920374493	0.03125
chr20	17400000	24400000	fastq0023_HPNE_T1	HCJY7AFX7_MIxT1XT3_24s001577-1-1_Jeong_lane1T1xiTRU3C91	CC	1	35	idup_h2	1011	idup_h1	1110	17.1306337413183	3.2148995807995	0.03125
chr20	24400000	25800000	fastq0023_HPNE_T1	HCJY7AFX7_MIxT1XT3_24s001577-1-1_Jeong_lane1T1xiTRU3C21	CW	1	7	complex	0030	complex	0040	5.60163139436305	0.946057716555424	0.0625
chr20	24400000	25800000	fastq0023_HPNE_T1	HCJY7AFX7_MIxT1XT3_24s001577-1-1_Jeong_lane1T1xiTRU3C91	CC	1	7	complex	1111	complex	0121	17.8625882073873	0.330149580084882	0.0625
chr20	25800000	26000000	fastq0023_HPNE_T1	HCJY7AFX7_MIxT1XT3_24s001577-1-1_Jeong_lane1T1xiTRU3C52	WW	1	1	inv_hom	0101	inv_h2	1001	4.2667885621985	0.8184719964281	0.03125
chr20	28600000	29200000	fastq0023_HPNE_T1	HCJY7AFX7_MIxT1XT3_24s001577-1-1_Jeong_lane1T1xiTRU3C16	WW	1	3	inv_h2	1001	idup_h2	1011	7.89366284330938	0.678164517201248	0.03125
chr20	28600000	29200000	fastq0023_HPNE_T1	HCJY7AFX7_MIxT1XT3_24s001577-1-1_Jeong_lane1T1xiTRU3C19	CC	1	3	inv_hom	0101	inv_h2	1001	6.74200427610811	0.01125407309544	0.21875
chr20	28600000	29200000	fastq0023_HPNE_T1	HCJY7AFX7_MIxT1XT3_24s001577-1-1_Jeong_lane1T1xiTRU3C25	WW	1	3	idup_h1	1110	complex	1200	6.18955878030506	0.490115444687731	0.03125
chr20	28600000	29200000	fastq0023_HPNE_T1	HCJY7AFX7_MIxT1XT3_24s001577-1-1_Jeong_lane1T1xiTRU3C27	WW	1	3	complex	1200	idup_h1	1110	6.64138122663926	0.0578204013710053	0.03125
chr20	28600000	29200000	fastq0023_HPNE_T1	HCJY7AFX7_MIxT1XT3_24s001577-1-1_Jeong_lane1T1xiTRU3C31	WW	1	3	inv_hom	0101	complex	0111	9.623215725774	0.820241712109393	0.21875
chr20	28600000	29200000	fastq0023_HPNE_T1	HCJY7AFX7_MIxT1XT3_24s001577-1-1_Jeong_lane1T1xiTRU3C52	WW	1	3	inv_hom	0101	inv_h1	0110	7.84725867504188	1.04628018566055	0.21875
chr20	28600000	29200000	fastq0023_HPNE_T1	HCJY7AFX7_MIxT1XT3_24s001577-1-1_Jeong_lane1T1xiTRU3C59	CC	1	3	inv_hom	0101	inv_h2	1001	11.8307714876652	4.5350326486199	0.21875
chr20	28600000	29200000	fastq0023_HPNE_T1	HCJY7AFX7_MIxT1XT3_24s001577-1-1_Jeong_lane1T1xiTRU3C75	CC	1	3	inv_h1	0110	idup_h1	1110	7.36628027601164	0.878715416842219	0.03125
chr20	28600000	29200000	fastq0023_HPNE_T1	HCJY7AFX7_MIxT1XT3_24s001577-1-1_Jeong_lane1T1xiTRU3C86	WW	1	3	inv_hom	0101	inv_h2	1001	16.234772100605	0.439010399463443	0.21875
chr20	28600000	29200000	fastq0023_HPNE_T1	HCJY7AFX7_MIxT1XT3_24s001577-1-1_Jeong_lane1T1xiTRU3C87	CC	1	3	inv_hom	0101	complex	0111	31.4283781127846	3.84873495900829	0.21875
chr20	28600000	29200000	fastq0023_HPNE_T1	HCJY7AFX7_MIxT1XT3_24s001577-1-1_Jeong_lane1T1xiTRU3C91	CC	1	3	inv_hom	0101	inv_h1	0110	23.6514000737131	5.13982443783965	0.21875
chr20	29200000	29800000	fastq0023_HPNE_T1	HCJY7AFX7_MIxT1XT3_24s001577-1-1_Jeong_lane1T1xiTRU3C18	CW	1	3	idup_h1	1110	dup_h2	1020	4.68474029776512	4.53575424898159	0.09375
chr20	29200000	29800000	fastq0023_HPNE_T1	HCJY7AFX7_MIxT1XT3_24s001577-1-1_Jeong_lane1T1xiTRU3C19	CC	1	3	idup_h1	1110	complex	2100	7.13341008798944	3.31548842975573	0.09375
chr20	29200000	29800000	fastq0023_HPNE_T1	HCJY7AFX7_MIxT1XT3_24s001577-1-1_Jeong_lane1T1xiTRU3C75	CC	1	3	idup_h1	1110	complex	2110	8.68091845669788	5.5792304868519	0.09375
chr20	29200000	29800000	fastq0023_HPNE_T1	HCJY7AFX7_MIxT1XT3_24s001577-1-1_Jeong_lane1T1xiTRU3C87	CC	1	3	idup_h2	1011	inv_h2	1001	8.95524799922633	2.36622657754758	0.03125
chr20	30200000	30400000	fastq0023_HPNE_T1	HCJY7AFX7_MIxT1XT3_24s001577-1-1_Jeong_lane1T1xiTRU3C16	WW	1	1	inv_hom	0101	inv_h2	1001	5.37725367897436	2.11514889450359	0.34375
chr20	30200000	30400000	fastq0023_HPNE_T1	HCJY7AFX7_MIxT1XT3_24s001577-1-1_Jeong_lane1T1xiTRU3C19	CC	1	1	inv_hom	0101	inv_h2	1001	6.41215799947634	2.54444830423931	0.34375
chr20	30200000	30400000	fastq0023_HPNE_T1	HCJY7AFX7_MIxT1XT3_24s001577-1-1_Jeong_lane1T1xiTRU3C25	WW	1	1	inv_hom	0101	inv_h2	1001	5.48609138374247	2.1165429480097	0.34375
chr20	30200000	30400000	fastq0023_HPNE_T1	HCJY7AFX7_MIxT1XT3_24s001577-1-1_Jeong_lane1T1xiTRU3C27	WW	1	1	inv_hom	0101	inv_h2	1001	9.02615984758856	3.69130738171463	0.34375
chr20	30200000	30400000	fastq0023_HPNE_T1	HCJY7AFX7_MIxT1XT3_24s001577-1-1_Jeong_lane1T1xiTRU3C31	WW	1	1	inv_hom	0101	inv_h2	1001	6.47141730447608	2.53313622619857	0.34375
chr20	30200000	30400000	fastq0023_HPNE_T1	HCJY7AFX7_MIxT1XT3_24s001577-1-1_Jeong_lane1T1xiTRU3C52	WW	1	1	inv_hom	0101	inv_h2	1001	4.32374962390183	1.62562805384016	0.34375
chr20	30200000	30400000	fastq0023_HPNE_T1	HCJY7AFX7_MIxT1XT3_24s001577-1-1_Jeong_lane1T1xiTRU3C59	CC	1	1	inv_hom	0101	inv_h2	1001	6.7015674104867	2.67463623260279	0.34375
chr20	30200000	30400000	fastq0023_HPNE_T1	HCJY7AFX7_MIxT1XT3_24s001577-1-1_Jeong_lane1T1xiTRU3C75	CC	1	1	inv_hom	0101	inv_h2	1001	11.2511372013615	4.44183794867775	0.34375
chr20	30200000	30400000	fastq0023_HPNE_T1	HCJY7AFX7_MIxT1XT3_24s001577-1-1_Jeong_lane1T1xiTRU3C86	WW	1	1	inv_hom	0101	inv_h2	1001	7.22836176204757	1.6634663397298	0.34375
chr20	30200000	30400000	fastq0023_HPNE_T1	HCJY7AFX7_MIxT1XT3_24s001577-1-1_Jeong_lane1T1xiTRU3C87	CC	1	1	inv_hom	0101	inv_h2	1001	11.7193432821783	3.46137333751676	0.34375
chr20	30200000	30400000	fastq0023_HPNE_T1	HCJY7AFX7_MIxT1XT3_24s001577-1-1_Jeong_lane1T1xiTRU3C91	CC	1	1	inv_hom	0101	inv_h2	1001	8.51544641958543	2.36632781968835	0.34375
chr20	30400000	31400000	fastq0023_HPNE_T1	HCJY7AFX7_MIxT1XT3_24s001577-1-1_Jeong_lane1T1xiTRU3C75	CC	1	4	idup_h2	1011	complex	1021	8.14807435328552	3.36501243394384	0.03125
chr20	31400000	39400000	fastq0023_HPNE_T1	HCJY7AFX7_MIxT1XT3_24s001577-1-1_Jeong_lane1T1xiTRU3C21	CW	1	40	complex	0030	inv_h1	0110	7.10931043450057	1.08548567743838	0.0625
chr20	31400000	39400000	fastq0023_HPNE_T1	HCJY7AFX7_MIxT1XT3_24s001577-1-1_Jeong_lane1T1xiTRU3C75	CC	1	40	dup_h2	1020	dup_h1	2010	15.09634199581	2.72128863067549	0.0625
chr20	31400000	39400000	fastq0023_HPNE_T1	HCJY7AFX7_MIxT1XT3_24s001577-1-1_Jeong_lane1T1xiTRU3C76	WC	1	40	dup_h2	1020	dup_hom	2020	9.86256324626999	6.69508681128641	0.0625
chr20	31400000	39400000	fastq0023_HPNE_T1	HCJY7AFX7_MIxT1XT3_24s001577-1-1_Jeong_lane1T1xiTRU3C86	WW	1	40	dup_h1	2010	dup_h2	1020	5.25741318176994	2.82388881380407	0.0625
chr20	31400000	39400000	fastq0023_HPNE_T1	HCJY7AFX7_MIxT1XT3_24s001577-1-1_Jeong_lane1T1xiTRU3C87	CC	1	40	dup_h1	2010	dup_h2	1020	13.9193705585516	1.43759445268419	0.0625
chr20	31400000	39400000	fastq0023_HPNE_T1	HCJY7AFX7_MIxT1XT3_24s001577-1-1_Jeong_lane1T1xiTRU3C90	CW	1	40	complex	0031	complex	1030	15.2982529213621	2.57948372264059	0.0625
chr20	31400000	39400000	fastq0023_HPNE_T1	HCJY7AFX7_MIxT1XT3_24s001577-1-1_Jeong_lane1T1xiTRU3C91	CC	1	40	dup_hom	2020	complex	1030	13.5984786798693	5.8268559497586	0.03125
chr20	39400000	44200000	fastq0023_HPNE_T1	HCJY7AFX7_MIxT1XT3_24s001577-1-1_Jeong_lane1T1xiTRU3C21	CW	1	24	inv_h1	0110	complex	0020	15.3657578571225	1.21512695699387	0.03125
chr20	39400000	44200000	fastq0023_HPNE_T1	HCJY7AFX7_MIxT1XT3_24s001577-1-1_Jeong_lane1T1xiTRU3C87	CC	1	24	dup_h1	2010	complex	3000	4.40131417827072	0.629651580124373	0.0625
chr20	39400000	44200000	fastq0023_HPNE_T1	HCJY7AFX7_MIxT1XT3_24s001577-1-1_Jeong_lane1T1xiTRU3C90	CW	1	24	dup_h2	1020	dup_hom	2020	11.7988597524022	0.244228499971311	0.03125
chr20	39400000	44200000	fastq0023_HPNE_T1	HCJY7AFX7_MIxT1XT3_24s001577-1-1_Jeong_lane1T1xiTRU3C91	CC	1	24	dup_h1	2010	dup_hom	2020	11.6137038372824	1.0971160059461	0.0625
chr20	44200000	45800000	fastq0023_HPNE_T1	HCJY7AFX7_MIxT1XT3_24s001577-1-1_Jeong_lane1T1xiTRU3C90	CW	1	8	dup_h2	1020	dup_hom	2020	4.29433284167227	0.874641941928489	0.03125
chr20	45800000	46400000	fastq0023_HPNE_T1	HCJY7AFX7_MIxT1XT3_24s001577-1-1_Jeong_lane1T1xiTRU3C91	CC	1	3	dup_hom	2020	dup_h1	2010	4.97729689517921	1.70483002738462	0.03125
chr20	47600000	49000000	fastq0023_HPNE_T1	HCJY7AFX7_MIxT1XT3_24s001577-1-1_Jeong_lane1T1xiTRU3C59	CC	1	7	idup_h2	1011	idup_h1	1110	6.3350212471718	0.100509224656531	0.03125
chr20	47600000	49000000	fastq0023_HPNE_T1	HCJY7AFX7_MIxT1XT3_24s001577-1-1_Jeong_lane1T1xiTRU3C87	CC	1	7	dup_h1	2010	dup_hom	2020	5.65308743854985	2.63521418871796	0.03125
chr20	47600000	49000000	fastq0023_HPNE_T1	HCJY7AFX7_MIxT1XT3_24s001577-1-1_Jeong_lane1T1xiTRU3C90	CW	1	7	dup_h2	1020	dup_hom	2020	7.14524956820089	1.29156732328059	0.03125
chr20	47600000	49000000	fastq0023_HPNE_T1	HCJY7AFX7_MIxT1XT3_24s001577-1-1_Jeong_lane1T1xiTRU3C91	CC	1	7	dup_hom	2020	dup_h1	2010	6.70988751963154	0.0908237163098677	0.03125
chr20	49200000	49800000	fastq0023_HPNE_T1	HCJY7AFX7_MIxT1XT3_24s001577-1-1_Jeong_lane1T1xiTRU3C90	CW	1	3	dup_hom	2020	dup_h2	1020	4.17556375703935	1.028381059545	0.03125
chr20	49800000	51600000	fastq0023_HPNE_T1	HCJY7AFX7_MIxT1XT3_24s001577-1-1_Jeong_lane1T1xiTRU3C59	CC	1	9	idup_h2	1011	complex	0022	13.63650625442	2.85508216596656	0.03125
chr20	49800000	51600000	fastq0023_HPNE_T1	HCJY7AFX7_MIxT1XT3_24s001577-1-1_Jeong_lane1T1xiTRU3C61	CW	1	9	inv_hom	0101	idup_h2	1011	4.29737184383634	2.05432042363586	0.03125
chr20	49800000	51600000	fastq0023_HPNE_T1	HCJY7AFX7_MIxT1XT3_24s001577-1-1_Jeong_lane1T1xiTRU3C75	CC	1	9	dup_h2	1020	dup_h1	2010	4.09081395085633	1.37906581789684	0.0625
chr20	49800000	51600000	fastq0023_HPNE_T1	HCJY7AFX7_MIxT1XT3_24s001577-1-1_Jeong_lane1T1xiTRU3C90	CW	1	9	dup_h2	1020	idup_h1	1110	5.61387213861562	1.63095548246819	0.0625
chr20	49800000	51600000	fastq0023_HPNE_T1	HCJY7AFX7_MIxT1XT3_24s001577-1-1_Jeong_lane1T1xiTRU3C91	CC	1	9	dup_hom	2020	dup_h1	2010	9.09039980533458	1.45264197793361	0.03125
chr20	51800000	54200000	fastq0023_HPNE_T1	HCJY7AFX7_MIxT1XT3_24s001577-1-1_Jeong_lane1T1xiTRU3C59	CC	1	12	idup_h2	1011	idup_h1	1110	8.76667589389022	0.308373776418953	0.03125
chr20	51800000	54200000	fastq0023_HPNE_T1	HCJY7AFX7_MIxT1XT3_24s001577-1-1_Jeong_lane1T1xiTRU3C91	CC	1	12	dup_h2	1020	dup_h1	2010	6.27162394051938	2.70772533871121	0.03125
chr20	56400000	61600000	fastq0023_HPNE_T1	HCJY7AFX7_MIxT1XT3_24s001577-1-1_Jeong_lane1T1xiTRU3C18	CW	1	26	inv_hom	0101	idup_h2	1011	4.74190949351121	3.3926449157018	0.03125
chr20	56400000	61600000	fastq0023_HPNE_T1	HCJY7AFX7_MIxT1XT3_24s001577-1-1_Jeong_lane1T1xiTRU3C59	CC	1	26	idup_h1	1110	complex	2110	17.5032608500655	4.02820442157398	0.0625
chr20	56400000	61600000	fastq0023_HPNE_T1	HCJY7AFX7_MIxT1XT3_24s001577-1-1_Jeong_lane1T1xiTRU3C75	CC	1	26	dup_h2	1020	dup_h1	2010	5.47506669720258	0.942154922843158	0.0625
chr20	56400000	61600000	fastq0023_HPNE_T1	HCJY7AFX7_MIxT1XT3_24s001577-1-1_Jeong_lane1T1xiTRU3C76	WC	1	26	idup_h1	1110	dup_h2	1020	4.77322586369158	2.37144902163094	0.0625
chr20	56400000	61600000	fastq0023_HPNE_T1	HCJY7AFX7_MIxT1XT3_24s001577-1-1_Jeong_lane1T1xiTRU3C86	WW	1	26	dup_h2	1020	dup_h1	2010	5.01090537901972	1.6353021034031	0.0625
chr20	56400000	61600000	fastq0023_HPNE_T1	HCJY7AFX7_MIxT1XT3_24s001577-1-1_Jeong_lane1T1xiTRU3C87	CC	1	26	dup_h1	2010	dup_h2	1020	9.88326758606411	1.13728661883668	0.03125
chr20	56400000	61600000	fastq0023_HPNE_T1	HCJY7AFX7_MIxT1XT3_24s001577-1-1_Jeong_lane1T1xiTRU3C90	WW	1	26	dup_hom	2020	dup_h2	1020	15.2100728789719	4.15418064834635	0.0625
chr20	56400000	61600000	fastq0023_HPNE_T1	HCJY7AFX7_MIxT1XT3_24s001577-1-1_Jeong_lane1T1xiTRU3C91	CC	1	26	dup_hom	2020	dup_h1	2010	15.1297550824594	1.27163050104795	0.0625
chr20	61600000	64200000	fastq0023_HPNE_T1	HCJY7AFX7_MIxT1XT3_24s001577-1-1_Jeong_lane1T1xiTRU3C18	CW	1	12	dup_hom	2020	dup_h1	2010	4.68507871361256	1.82506825590635	0.21875
chr20	61600000	64200000	fastq0023_HPNE_T1	HCJY7AFX7_MIxT1XT3_24s001577-1-1_Jeong_lane1T1xiTRU3C59	CC	1	12	complex	1021	idup_h1	1110	12.1415154461224	0.0157350989293139	0.03125
chr20	61600000	64200000	fastq0023_HPNE_T1	HCJY7AFX7_MIxT1XT3_24s001577-1-1_Jeong_lane1T1xiTRU3C69	CW	1	12	dup_hom	2020	dup_h1	2010	4.36333062112513	1.38339086908571	0.21875
chr20	61600000	64200000	fastq0023_HPNE_T1	HCJY7AFX7_MIxT1XT3_24s001577-1-1_Jeong_lane1T1xiTRU3C75	CC	1	12	dup_hom	2020	dup_h1	2010	11.1237811355768	1.36297962754561	0.21875
chr20	61600000	64200000	fastq0023_HPNE_T1	HCJY7AFX7_MIxT1XT3_24s001577-1-1_Jeong_lane1T1xiTRU3C76	WC	1	12	dup_hom	2020	dup_h2	1020	12.6713042183667	6.98988664267851	0.21875
chr20	61600000	64200000	fastq0023_HPNE_T1	HCJY7AFX7_MIxT1XT3_24s001577-1-1_Jeong_lane1T1xiTRU3C81	WC	1	12	dup_hom	2020	dup_h1	2010	5.55064619145315	2.63888205989275	0.21875
chr20	61600000	64200000	fastq0023_HPNE_T1	HCJY7AFX7_MIxT1XT3_24s001577-1-1_Jeong_lane1T1xiTRU3C86	WW	1	12	dup_h1	2010	dup_h2	1020	4.62871995443907	2.70681665947328	0.0625
chr20	61600000	64200000	fastq0023_HPNE_T1	HCJY7AFX7_MIxT1XT3_24s001577-1-1_Jeong_lane1T1xiTRU3C87	CC	1	12	dup_h1	2010	dup_h2	1020	6.57433428413946	2.70681665947328	0.0625
chr20	61600000	64200000	fastq0023_HPNE_T1	HCJY7AFX7_MIxT1XT3_24s001577-1-1_Jeong_lane1T1xiTRU3C90	WW	1	12	dup_hom	2020	complex	1030	15.8113009884984	4.22800169854956	0.21875
chr20	61600000	64200000	fastq0023_HPNE_T1	HCJY7AFX7_MIxT1XT3_24s001577-1-1_Jeong_lane1T1xiTRU3C91	CC	1	12	dup_hom	2020	complex	3010	17.965204977809	6.78182171760699	0.21875
chr21	9600000	10200000	fastq0023_HPNE_T1	HCJY7AFX7_MIxT1XT3_24s001577-1-1_Jeong_lane1T1xiTRU3C75	CC	1	3	inv_h1	0110	inv_h2	1001	5.51360471681179	0.0739079624289154	0.03125
chr21	13400000	14400000	fastq0023_HPNE_T1	HCJY7AFX7_MIxT1XT3_24s001577-1-1_Jeong_lane1T1xiTRU3C25	WC	1	4	del_h1	0010	inv_h1	0110	4.47540267120698	0.881185576680307	0.03125
chr21	13400000	14400000	fastq0023_HPNE_T1	HCJY7AFX7_MIxT1XT3_24s001577-1-1_Jeong_lane1T1xiTRU3C31	CW	1	4	del_h2	1000	inv_h2	1001	4.45069275974237	0.867934864912263	0.03125
chr21	13400000	14400000	fastq0023_HPNE_T1	HCJY7AFX7_MIxT1XT3_24s001577-1-1_Jeong_lane1T1xiTRU3C61	CW	1	4	inv_h2	1001	del_h2	1000	4.22004593045399	0.849547586551964	0.03125
chr21	14400000	17200000	fastq0023_HPNE_T1	HCJY7AFX7_MIxT1XT3_24s001577-1-1_Jeong_lane1T1xiTRU3C25	WC	1	14	inv_h1	0110	complex	0020	14.6682700512874	1.55257291593745	0.03125
chr21	14400000	17200000	fastq0023_HPNE_T1	HCJY7AFX7_MIxT1XT3_24s001577-1-1_Jeong_lane1T1xiTRU3C31	CW	1	14	inv_h2	1001	complex	2000	15.9952368085515	1.31270141601433	0.0625
chr21	14400000	17200000	fastq0023_HPNE_T1	HCJY7AFX7_MIxT1XT3_24s001577-1-1_Jeong_lane1T1xiTRU3C61	CW	1	14	inv_h2	1001	del_h2	1000	12.8914162952907	0.437188080915405	0.0625
chr21	17200000	18000000	fastq0023_HPNE_T1	HCJY7AFX7_MIxT1XT3_24s001577-1-1_Jeong_lane1T1xiTRU3C31	CW	1	4	del_h2	1000	inv_h2	1001	4.6017101391505	0.0600539614457727	0.03125
chr21	18000000	23800000	fastq0023_HPNE_T1	HCJY7AFX7_MIxT1XT3_24s001577-1-1_Jeong_lane1T1xiTRU3C25	WC	1	29	inv_h1	0110	complex	0020	16.1377094308978	1.711036601602	0.03125
chr21	18000000	23800000	fastq0023_HPNE_T1	HCJY7AFX7_MIxT1XT3_24s001577-1-1_Jeong_lane1T1xiTRU3C31	CW	1	29	inv_h2	1001	del_h2	1000	18.5521799516175	0.0494178225713524	0.03125
chr21	18000000	23800000	fastq0023_HPNE_T1	HCJY7AFX7_MIxT1XT3_24s001577-1-1_Jeong_lane1T1xiTRU3C61	CW	1	29	del_h2	1000	inv_h2	1001	18.3521191628409	3.29421903840928	0.0625
chr21	18000000	23800000	fastq0023_HPNE_T1	HCJY7AFX7_MIxT1XT3_24s001577-1-1_Jeong_lane1T1xiTRU3C75	CC	1	29	del_h1	0010	complex	0020	8.0726402630156	7.02494214096722	0.03125
chr21	18000000	23800000	fastq0023_HPNE_T1	HCJY7AFX7_MIxT1XT3_24s001577-1-1_Jeong_lane1T1xiTRU3C86	WC	1	29	inv_hom	0101	ref_hom	1010	4.48701165127244	4.48701165127244	0.03125
chr21	18000000	23800000	fastq0023_HPNE_T1	HCJY7AFX7_MIxT1XT3_24s001577-1-1_Jeong_lane1T1xiTRU3C90	CC	1	29	del_h2	1000	ref_hom	1010	4.13486035990247	4.13486035990247	0.0625
chr21	23800000	30800000	fastq0023_HPNE_T1	HCJY7AFX7_MIxT1XT3_24s001577-1-1_Jeong_lane1T1xiTRU3C25	WC	1	35	complex	0020	inv_h1	0110	15.3955511813675	1.14251549130733	0.03125
chr21	23800000	30800000	fastq0023_HPNE_T1	HCJY7AFX7_MIxT1XT3_24s001577-1-1_Jeong_lane1T1xiTRU3C31	CW	1	35	inv_h2	1001	complex	2000	15.6359056904638	2.78231993368133	0.03125
chr21	31200000	32600000	fastq0023_HPNE_T1	HCJY7AFX7_MIxT1XT3_24s001577-1-1_Jeong_lane1T1xiTRU3C25	WC	1	7	inv_h1	0110	complex	0030	8.76293089883633	1.22642814119898	0.03125
chr21	35600000	37800000	fastq0023_HPNE_T1	HCJY7AFX7_MIxT1XT3_24s001577-1-1_Jeong_lane1T1xiTRU3C62	CC	1	11	idup_h1	1110	inv_h1	0110	4.35161458271895	0.168353907618441	0.03125
chr21	39400000	40400000	fastq0023_HPNE_T1	HCJY7AFX7_MIxT1XT3_24s001577-1-1_Jeong_lane1T1xiTRU3C62	CC	1	5	idup_h1	1110	inv_h1	0110	6.02271420972417	1.52356773520181	0.03125
chr21	44400000	45000000	fastq0023_HPNE_T1	HCJY7AFX7_MIxT1XT3_24s001577-1-1_Jeong_lane1T1xiTRU3C62	CC	1	3	idup_h1	1110	inv_h1	0110	6.5681055526773	1.90705520730386	0.03125
chr21	44400000	45000000	fastq0023_HPNE_T1	HCJY7AFX7_MIxT1XT3_24s001577-1-1_Jeong_lane1T1xiTRU3C76	CC	1	3	idup_h2	1011	complex	0022	11.5630833853109	1.52624190719556	0.03125
chr21	45000000	46709983	fastq0023_HPNE_T1	HCJY7AFX7_MIxT1XT3_24s001577-1-1_Jeong_lane1T1xiTRU3C76	CC	1	9	idup_h1	1110	idup_h2	1011	14.123846304835	0.350518050618705	0.03125
chr22	11200000	11800000	fastq0023_HPNE_T1	HCJY7AFX7_MIxT1XT3_24s001577-1-1_Jeong_lane1T1xiTRU3C69	WC	1	3	inv_hom	0101	inv_h2	1001	5.27639504174268	0.545939395232114	0.09375
chr22	11200000	11800000	fastq0023_HPNE_T1	HCJY7AFX7_MIxT1XT3_24s001577-1-1_Jeong_lane1T1xiTRU3C75	CC	1	3	inv_hom	0101	inv_h1	0110	14.4309148637059	1.58393103211639	0.09375
chr22	11200000	11800000	fastq0023_HPNE_T1	HCJY7AFX7_MIxT1XT3_24s001577-1-1_Jeong_lane1T1xiTRU3C84	WW	1	3	inv_hom	0101	complex	0002	20.6867154526559	6.56886764480651	0.09375
chr22	11200000	11800000	fastq0023_HPNE_T1	HCJY7AFX7_MIxT1XT3_24s001577-1-1_Jeong_lane1T1xiTRU3C91	WW	1	3	inv_h2	1001	idup_h2	1011	5.95043140925923	3.77534040220681	0.03125
chr22	18800000	19000000	fastq0023_HPNE_T1	HCJY7AFX7_MIxT1XT3_24s001577-1-1_Jeong_lane1T1xiTRU3C26	CC	1	1	inv_h1	0110	idup_h1	1110	4.7816269227	0.0474620405372423	0.03125
chr22	18800000	19000000	fastq0023_HPNE_T1	HCJY7AFX7_MIxT1XT3_24s001577-1-1_Jeong_lane1T1xiTRU3C31	CC	1	1	idup_h2	1011	inv_h2	1001	6.08844559343622	0.407595916902852	0.0625
chr22	18800000	19000000	fastq0023_HPNE_T1	HCJY7AFX7_MIxT1XT3_24s001577-1-1_Jeong_lane1T1xiTRU3C85	CW	1	1	idup_h2	1011	inv_h2	1001	8.11499175107412	1.93877791352049	0.0625
chr22	18800000	19000000	fastq0023_HPNE_T1	HCJY7AFX7_MIxT1XT3_24s001577-1-1_Jeong_lane1T1xiTRU3C87	WC	1	1	idup_h1	1110	inv_hom	0101	4.29528683148518	2.84815335720369	0.03125
chr22	19000000	21400000	fastq0023_HPNE_T1	HCJY7AFX7_MIxT1XT3_24s001577-1-1_Jeong_lane1T1xiTRU3C75	CC	1	11	dup_hom	2020	dup_h2	1020	9.60513528006742	0.862186641234056	0.0625
chr22	19000000	21400000	fastq0023_HPNE_T1	HCJY7AFX7_MIxT1XT3_24s001577-1-1_Jeong_lane1T1xiTRU3C76	WC	1	11	dup_hom	2020	dup_h1	2010	7.91168669820511	2.68981108573775	0.0625
chr22	19000000	21400000	fastq0023_HPNE_T1	HCJY7AFX7_MIxT1XT3_24s001577-1-1_Jeong_lane1T1xiTRU3C83	WC	1	11	complex	0030	complex	0020	19.663867154638	2.80873681520721	0.03125
chr22	19000000	21400000	fastq0023_HPNE_T1	HCJY7AFX7_MIxT1XT3_24s001577-1-1_Jeong_lane1T1xiTRU3C90	CW	1	11	dup_h2	1020	dup_hom	2020	4.06368401341837	0.794712330718094	0.0625
chr22	19000000	21400000	fastq0023_HPNE_T1	HCJY7AFX7_MIxT1XT3_24s001577-1-1_Jeong_lane1T1xiTRU3C91	WW	1	11	dup_h2	1020	dup_h1	2010	5.90317730160447	1.40012455070444	0.0625
chr22	22800000	24000000	fastq0023_HPNE_T1	HCJY7AFX7_MIxT1XT3_24s001577-1-1_Jeong_lane1T1xiTRU3C83	WC	1	6	complex	0030	complex	0020	12.4011716309912	1.49720372299436	0.03125
chr22	22800000	24000000	fastq0023_HPNE_T1	HCJY7AFX7_MIxT1XT3_24s001577-1-1_Jeong_lane1T1xiTRU3C90	CW	1	6	idup_h1	1110	complex	1201	5.66074923251002	2.07805742281765	0.03125
chr22	24000000	28200000	fastq0023_HPNE_T1	HCJY7AFX7_MIxT1XT3_24s001577-1-1_Jeong_lane1T1xiTRU3C75	CC	1	21	dup_h1	2010	dup_h2	1020	7.18938880719075	0.0490187630508787	0.03125
chr22	24000000	28200000	fastq0023_HPNE_T1	HCJY7AFX7_MIxT1XT3_24s001577-1-1_Jeong_lane1T1xiTRU3C83	WC	1	21	complex	0020	complex	0030	15.7106660003037	1.30025846899922	0.03125
chr22	24000000	28200000	fastq0023_HPNE_T1	HCJY7AFX7_MIxT1XT3_24s001577-1-1_Jeong_lane1T1xiTRU3C86	CW	1	21	dup_h2	1020	dup_hom	2020	6.28973887399553	2.36581338598512	0.03125
chr22	24000000	28200000	fastq0023_HPNE_T1	HCJY7AFX7_MIxT1XT3_24s001577-1-1_Jeong_lane1T1xiTRU3C87	WC	1	21	idup_h1	1110	complex	2110	6.51377393072278	3.63604866212528	0.03125
chr22	24000000	28200000	fastq0023_HPNE_T1	HCJY7AFX7_MIxT1XT3_24s001577-1-1_Jeong_lane1T1xiTRU3C90	CW	1	21	inv_hom	0101	idup_h1	1110	4.20734754244066	1.19256154130778	0.03125
chr22	28600000	29600000	fastq0023_HPNE_T1	HCJY7AFX7_MIxT1XT3_24s001577-1-1_Jeong_lane1T1xiTRU3C83	WC	1	5	inv_h1	0110	complex	0030	5.32714080724034	0.329395889122649	0.03125
chr22	29600000	31600000	fastq0023_HPNE_T1	HCJY7AFX7_MIxT1XT3_24s001577-1-1_Jeong_lane1T1xiTRU3C90	CW	1	10	dup_h2	1020	dup_hom	2020	4.60881193996619	2.26950052124898	0.03125
chr22	31800000	36200000	fastq0023_HPNE_T1	HCJY7AFX7_MIxT1XT3_24s001577-1-1_Jeong_lane1T1xiTRU3C75	CC	1	22	dup_h2	1020	dup_h1	2010	4.51664249011392	1.63131393263377	0.03125
chr22	36200000	39000000	fastq0023_HPNE_T1	HCJY7AFX7_MIxT1XT3_24s001577-1-1_Jeong_lane1T1xiTRU3C19	CW	1	14	idup_h2	1011	inv_hom	0101	5.2427990320573	1.54291337979282	0.03125
chr22	36200000	39000000	fastq0023_HPNE_T1	HCJY7AFX7_MIxT1XT3_24s001577-1-1_Jeong_lane1T1xiTRU3C25	WC	1	14	inv_h2	1001	complex	3000	15.6862690439581	2.28837225321813	0.03125
chr22	36200000	39000000	fastq0023_HPNE_T1	HCJY7AFX7_MIxT1XT3_24s001577-1-1_Jeong_lane1T1xiTRU3C69	CC	1	14	dup_h2	1020	dup_hom	2020	4.60271307749835	0.927817021430647	0.03125
chr22	36200000	39000000	fastq0023_HPNE_T1	HCJY7AFX7_MIxT1XT3_24s001577-1-1_Jeong_lane1T1xiTRU3C75	CC	1	14	dup_h1	2010	dup_h2	1020	5.07467372569698	1.37451509687395	0.0625
chr22	36200000	39000000	fastq0023_HPNE_T1	HCJY7AFX7_MIxT1XT3_24s001577-1-1_Jeong_lane1T1xiTRU3C76	WC	1	14	dup_hom	2020	dup_h2	1020	6.76495896189641	3.43871610557224	0.15625
chr22	36200000	39000000	fastq0023_HPNE_T1	HCJY7AFX7_MIxT1XT3_24s001577-1-1_Jeong_lane1T1xiTRU3C81	WC	1	14	dup_hom	2020	dup_h2	1020	5.1175697547456	2.09920150409953	0.15625
chr22	36200000	39000000	fastq0023_HPNE_T1	HCJY7AFX7_MIxT1XT3_24s001577-1-1_Jeong_lane1T1xiTRU3C87	WC	1	14	dup_hom	2020	dup_h1	2010	8.40623066864336	3.91163403538397	0.15625
chr22	36200000	39000000	fastq0023_HPNE_T1	HCJY7AFX7_MIxT1XT3_24s001577-1-1_Jeong_lane1T1xiTRU3C90	CW	1	14	dup_hom	2020	dup_h1	2010	6.36030359754241	1.66067967051948	0.15625
chr22	36200000	39000000	fastq0023_HPNE_T1	HCJY7AFX7_MIxT1XT3_24s001577-1-1_Jeong_lane1T1xiTRU3C91	WW	1	14	dup_h1	2010	dup_hom	2020	6.80791082675774	2.35172065385166	0.0625
chr22	36200000	39000000	fastq0023_HPNE_T1	HCJY7AFX7_MIxT1XT3_24s001577-1-1_Jeong_lane1T1xiTRU3C95	WC	1	14	dup_hom	2020	dup_h2	1020	6.23658154332124	2.2611142189808	0.15625
chr22	39000000	39200000	fastq0023_HPNE_T1	HCJY7AFX7_MIxT1XT3_24s001577-1-1_Jeong_lane1T1xiTRU3C27	CW	1	1	inv_hom	0101	idup_h2	1011	4.30949620362383	0.996399065592803	0.03125
chr22	39200000	40200000	fastq0023_HPNE_T1	HCJY7AFX7_MIxT1XT3_24s001577-1-1_Jeong_lane1T1xiTRU3C25	WC	1	5	inv_h2	1001	del_h2	1000	5.35000979847758	1.40970629976595	0.03125
chr22	39200000	40200000	fastq0023_HPNE_T1	HCJY7AFX7_MIxT1XT3_24s001577-1-1_Jeong_lane1T1xiTRU3C83	WC	1	5	inv_h1	0110	complex	0030	8.34450293255156	1.03328867646747	0.03125
chr22	40200000	41000000	fastq0023_HPNE_T1	HCJY7AFX7_MIxT1XT3_24s001577-1-1_Jeong_lane1T1xiTRU3C25	WC	1	4	inv_h2	1001	del_h2	1000	4.08309817387895	0.786015909528485	0.03125
chr22	40200000	41000000	fastq0023_HPNE_T1	HCJY7AFX7_MIxT1XT3_24s001577-1-1_Jeong_lane1T1xiTRU3C83	WC	1	4	inv_h1	0110	del_h1	0010	6.14086677736518	0.999222578954733	0.03125
chr22	41400000	50818468	fastq0023_HPNE_T1	HCJY7AFX7_MIxT1XT3_24s001577-1-1_Jeong_lane1T1xiTRU3C16	CC	1	47	dup_h2	1020	dup_h1	2010	5.77920146395419	0.0259795950869743	0.28125
chr22	41400000	50818468	fastq0023_HPNE_T1	HCJY7AFX7_MIxT1XT3_24s001577-1-1_Jeong_lane1T1xiTRU3C21	CC	1	47	dup_h2	1020	dup_h1	2010	8.28271384359707	0.0259795950869743	0.28125
chr22	41400000	50818468	fastq0023_HPNE_T1	HCJY7AFX7_MIxT1XT3_24s001577-1-1_Jeong_lane1T1xiTRU3C22	CC	1	47	dup_h2	1020	dup_h1	2010	4.95165463521043	0.0259795950869743	0.28125
chr22	41400000	50818468	fastq0023_HPNE_T1	HCJY7AFX7_MIxT1XT3_24s001577-1-1_Jeong_lane1T1xiTRU3C25	WC	1	47	complex	3000	inv_h2	1001	16.6951904516033	4.8245877933787	0.0625
chr22	41400000	50818468	fastq0023_HPNE_T1	HCJY7AFX7_MIxT1XT3_24s001577-1-1_Jeong_lane1T1xiTRU3C26	CC	1	47	dup_h2	1020	dup_h1	2010	9.43771542183742	0.0259795950869743	0.28125
chr22	41400000	50818468	fastq0023_HPNE_T1	HCJY7AFX7_MIxT1XT3_24s001577-1-1_Jeong_lane1T1xiTRU3C52	WC	1	47	dup_hom	2020	dup_h1	2010	7.30953088358757	0.467194994826374	0.21875
chr22	41400000	50818468	fastq0023_HPNE_T1	HCJY7AFX7_MIxT1XT3_24s001577-1-1_Jeong_lane1T1xiTRU3C55	CW	1	47	dup_h1	2010	idup_h2	1011	5.07214793874838	3.17680259460295	0.03125
chr22	41400000	50818468	fastq0023_HPNE_T1	HCJY7AFX7_MIxT1XT3_24s001577-1-1_Jeong_lane1T1xiTRU3C59	WC	1	47	dup_hom	2020	dup_h1	2010	11.5029001373093	3.18621679827008	0.21875
chr22	41400000	50818468	fastq0023_HPNE_T1	HCJY7AFX7_MIxT1XT3_24s001577-1-1_Jeong_lane1T1xiTRU3C69	CC	1	47	dup_h2	1020	dup_h1	2010	13.4543740634687	0.0259795950869743	0.28125
chr22	41400000	50818468	fastq0023_HPNE_T1	HCJY7AFX7_MIxT1XT3_24s001577-1-1_Jeong_lane1T1xiTRU3C75	CC	1	47	dup_h2	1020	dup_h1	2010	19.3092647999126	0.0259795950869748	0.28125
chr22	41400000	50818468	fastq0023_HPNE_T1	HCJY7AFX7_MIxT1XT3_24s001577-1-1_Jeong_lane1T1xiTRU3C76	WC	1	47	dup_hom	2020	complex	2110	18.5874784788105	4.64066323360171	0.21875
chr22	41400000	50818468	fastq0023_HPNE_T1	HCJY7AFX7_MIxT1XT3_24s001577-1-1_Jeong_lane1T1xiTRU3C81	WC	1	47	dup_h2	1020	dup_hom	2020	8.28736154169664	2.3654535758049	0.28125
chr22	41400000	50818468	fastq0023_HPNE_T1	HCJY7AFX7_MIxT1XT3_24s001577-1-1_Jeong_lane1T1xiTRU3C83	WC	1	47	complex	0030	complex	0120	18.5558879685158	10.4248883862521	0.0625
chr22	41400000	50818468	fastq0023_HPNE_T1	HCJY7AFX7_MIxT1XT3_24s001577-1-1_Jeong_lane1T1xiTRU3C84	WW	1	47	dup_h2	1020	dup_h1	2010	7.03995218525512	0.0259795950869748	0.28125
chr22	41400000	50818468	fastq0023_HPNE_T1	HCJY7AFX7_MIxT1XT3_24s001577-1-1_Jeong_lane1T1xiTRU3C86	CW	1	47	dup_hom	2020	dup_h1	2010	12.6746761766224	3.95267143124147	0.21875
chr22	41400000	50818468	fastq0023_HPNE_T1	HCJY7AFX7_MIxT1XT3_24s001577-1-1_Jeong_lane1T1xiTRU3C87	WC	1	47	dup_hom	2020	dup_h2	1020	12.1479322970478	2.95189547437889	0.21875
chr22	41400000	50818468	fastq0023_HPNE_T1	HCJY7AFX7_MIxT1XT3_24s001577-1-1_Jeong_lane1T1xiTRU3C89	WC	1	47	dup_hom	2020	dup_h2	1020	8.27267297327066	0.167042976142121	0.21875
chr22	41400000	50818468	fastq0023_HPNE_T1	HCJY7AFX7_MIxT1XT3_24s001577-1-1_Jeong_lane1T1xiTRU3C90	CW	1	47	dup_hom	2020	complex	2110	18.4240747037052	4.64066323340478	0.21875
chr22	41400000	50818468	fastq0023_HPNE_T1	HCJY7AFX7_MIxT1XT3_24s001577-1-1_Jeong_lane1T1xiTRU3C91	WW	1	47	dup_h2	1020	dup_h1	2010	19.2184035455278	0.0259795950869748	0.28125
chr3	0	2800000	fastq0023_HPNE_T1	HCJY7AFX7_MIxT1XT3_24s001577-1-1_Jeong_lane1T1xiTRU3C18	WC	1	14	del_h2	1000	inv_h2	1001	13.1657644118462	1.3009088303112	0.09375
chr3	0	2800000	fastq0023_HPNE_T1	HCJY7AFX7_MIxT1XT3_24s001577-1-1_Jeong_lane1T1xiTRU3C76	CC	1	14	del_h2	1000	del_h1	0010	4.50607436817751	0.188849763470311	0.09375
chr3	0	2800000	fastq0023_HPNE_T1	HCJY7AFX7_MIxT1XT3_24s001577-1-1_Jeong_lane1T1xiTRU3C91	WW	1	14	del_h2	1000	del_h1	0010	4.42807913161375	0.188849763470311	0.09375
chr3	0	2800000	fastq0023_HPNE_T1	HCJY7AFX7_MIxT1XT3_24s001577-1-1_Jeong_lane1T1xiTRU3C95	CC	1	14	inv_h2	1001	inv_h1	0110	7.97507538649393	3.28377420870817	0.03125
chr3	2800000	6200000	fastq0023_HPNE_T1	HCJY7AFX7_MIxT1XT3_24s001577-1-1_Jeong_lane1T1xiTRU3C18	WC	1	17	inv_h2	1001	complex	2000	15.7802580882806	2.61058546022822	0.0625
chr3	2800000	6200000	fastq0023_HPNE_T1	HCJY7AFX7_MIxT1XT3_24s001577-1-1_Jeong_lane1T1xiTRU3C95	CC	1	17	inv_h2	1001	inv_h1	0110	15.1737785409377	1.90435135305413	0.0625
chr3	6200000	8400000	fastq0023_HPNE_T1	HCJY7AFX7_MIxT1XT3_24s001577-1-1_Jeong_lane1T1xiTRU3C18	WC	1	11	inv_h2	1001	del_h2	1000	9.24556768989013	0.164937745334069	0.03125
chr3	8400000	15400000	fastq0023_HPNE_T1	HCJY7AFX7_MIxT1XT3_24s001577-1-1_Jeong_lane1T1xiTRU3C18	WC	1	33	complex	3000	inv_h2	1001	13.7997586913191	0.0129206134237529	0.03125
chr3	8400000	15400000	fastq0023_HPNE_T1	HCJY7AFX7_MIxT1XT3_24s001577-1-1_Jeong_lane1T1xiTRU3C75	WW	1	33	dup_h2	1020	ref_hom	1010	4.28756836718845	4.28756836718845	0.03125
chr3	17400000	22600000	fastq0023_HPNE_T1	HCJY7AFX7_MIxT1XT3_24s001577-1-1_Jeong_lane1T1xiTRU3C75	WW	1	26	del_h1	0010	ref_hom	1010	6.28224976910992	6.28224976910992	0.0625
chr3	17400000	22600000	fastq0023_HPNE_T1	HCJY7AFX7_MIxT1XT3_24s001577-1-1_Jeong_lane1T1xiTRU3C76	CC	1	26	del_h1	0010	del_h2	1000	6.22868470084253	2.99572835099395	0.0625
chr3	28200000	31600000	fastq0023_HPNE_T1	HCJY7AFX7_MIxT1XT3_24s001577-1-1_Jeong_lane1T1xiTRU3C75	WW	1	17	del_h1	0010	del_h2	1000	8.70104285569177	5.99143787895241	0.03125
chr3	28200000	31600000	fastq0023_HPNE_T1	HCJY7AFX7_MIxT1XT3_24s001577-1-1_Jeong_lane1T1xiTRU3C91	WW	1	17	del_h2	1000	ref_hom	1010	4.26672431958826	4.26672431958826	0.03125
chr3	51600000	53200000	fastq0023_HPNE_T1	HCJY7AFX7_MIxT1XT3_24s001577-1-1_Jeong_lane1T1xiTRU3C76	CC	1	8	dup_hom	2020	dup_h2	1020	5.19958716508959	0.114135463814716	0.03125
chr3	75400000	75800000	fastq0023_HPNE_T1	HCJY7AFX7_MIxT1XT3_24s001577-1-1_Jeong_lane1T1xiTRU3C27	CW	1	2	inv_hom	0101	idup_h2	1011	4.42532222265196	1.26193428557318	0.03125
chr3	75400000	75800000	fastq0023_HPNE_T1	HCJY7AFX7_MIxT1XT3_24s001577-1-1_Jeong_lane1T1xiTRU3C52	CC	1	2	idup_h1	1110	inv_h1	0110	10.593531160029	1.60596464133447	0.15625
chr3	75400000	75800000	fastq0023_HPNE_T1	HCJY7AFX7_MIxT1XT3_24s001577-1-1_Jeong_lane1T1xiTRU3C75	WW	1	2	idup_h1	1110	inv_h1	0110	11.9060777742375	1.87615257104529	0.15625
chr3	75400000	75800000	fastq0023_HPNE_T1	HCJY7AFX7_MIxT1XT3_24s001577-1-1_Jeong_lane1T1xiTRU3C76	WC	1	2	complex	0111	complex	0112	6.47319990962032	0.817750565899761	0.03125
chr3	75400000	75800000	fastq0023_HPNE_T1	HCJY7AFX7_MIxT1XT3_24s001577-1-1_Jeong_lane1T1xiTRU3C85	WC	1	2	idup_h1	1110	complex	2200	13.3378752245483	0.562971547244494	0.15625
chr3	75400000	75800000	fastq0023_HPNE_T1	HCJY7AFX7_MIxT1XT3_24s001577-1-1_Jeong_lane1T1xiTRU3C89	WW	1	2	idup_h1	1110	inv_h1	0110	12.9023531048091	3.54869764327676	0.15625
chr3	75400000	75800000	fastq0023_HPNE_T1	HCJY7AFX7_MIxT1XT3_24s001577-1-1_Jeong_lane1T1xiTRU3C90	CW	1	2	idup_h1	1110	inv_hom	0101	4.54087390621916	0.115551637384009	0.15625
chr3	75800000	91200000	fastq0023_HPNE_T1	HCJY7AFX7_MIxT1XT3_24s001577-1-1_Jeong_lane1T1xiTRU3C75	WW	1	74	del_h1	0010	del_h2	1000	7.62858095999092	5.99146470887206	0.09375
chr3	75800000	91200000	fastq0023_HPNE_T1	HCJY7AFX7_MIxT1XT3_24s001577-1-1_Jeong_lane1T1xiTRU3C81	CC	1	74	del_h1	0010	del_h2	1000	12.6699785056398	11.98292925598	0.09375
chr3	75800000	91200000	fastq0023_HPNE_T1	HCJY7AFX7_MIxT1XT3_24s001577-1-1_Jeong_lane1T1xiTRU3C91	WW	1	74	del_h1	0010	del_h2	1000	10.4331349360329	1.61764081241245e-07	0.09375
chr3	109600000	111200000	fastq0023_HPNE_T1	HCJY7AFX7_MIxT1XT3_24s001577-1-1_Jeong_lane1T1xiTRU3C75	WW	1	8	del_h1	0010	del_h2	1000	4.87488541215707	0.00737153713651972	0.03125
chr3	111200000	114400000	fastq0023_HPNE_T1	HCJY7AFX7_MIxT1XT3_24s001577-1-1_Jeong_lane1T1xiTRU3C30	CW	1	16	inv_hom	0101	ref_hom	1010	4.50042186049456	4.50042186049456	0.03125
chr3	126800000	130000000	fastq0023_HPNE_T1	HCJY7AFX7_MIxT1XT3_24s001577-1-1_Jeong_lane1T1xiTRU3C20	WW	1	16	inv_h2	1001	idup_h1	1110	6.48138938632247	1.17851749797371	0.03125
chr3	130000000	132800000	fastq0023_HPNE_T1	HCJY7AFX7_MIxT1XT3_24s001577-1-1_Jeong_lane1T1xiTRU3C20	WW	1	14	inv_h1	0110	inv_h2	1001	4.28970189795724	0.00561066775096375	0.03125
chr3	144400000	148800000	fastq0023_HPNE_T1	HCJY7AFX7_MIxT1XT3_24s001577-1-1_Jeong_lane1T1xiTRU3C76	WC	1	22	inv_hom	0101	complex	0011	4.69759972920519	4.60516591463936	0.03125
chr3	144400000	148800000	fastq0023_HPNE_T1	HCJY7AFX7_MIxT1XT3_24s001577-1-1_Jeong_lane1T1xiTRU3C81	CC	1	22	del_h1	0010	del_h2	1000	7.67852890349882	5.99198502388875	0.0625
chr3	144400000	148800000	fastq0023_HPNE_T1	HCJY7AFX7_MIxT1XT3_24s001577-1-1_Jeong_lane1T1xiTRU3C89	WW	1	22	del_h1	0010	ref_hom	1010	6.9979180936664	6.9979180936664	0.0625
chr3	144400000	148800000	fastq0023_HPNE_T1	HCJY7AFX7_MIxT1XT3_24s001577-1-1_Jeong_lane1T1xiTRU3C90	CC	1	22	del_h2	1000	del_h1	0010	7.94977381016069	5.99094407032721	0.0625
chr3	144400000	148800000	fastq0023_HPNE_T1	HCJY7AFX7_MIxT1XT3_24s001577-1-1_Jeong_lane1T1xiTRU3C91	WW	1	22	del_h2	1000	del_h1	0010	8.55203079664486	5.99094407032721	0.0625
chr3	161600000	164800000	fastq0023_HPNE_T1	HCJY7AFX7_MIxT1XT3_24s001577-1-1_Jeong_lane1T1xiTRU3C75	WW	1	15	del_h1	0010	del_h2	1000	7.58010354676321	0.00131870250134947	0.0625
chr3	161600000	164800000	fastq0023_HPNE_T1	HCJY7AFX7_MIxT1XT3_24s001577-1-1_Jeong_lane1T1xiTRU3C81	CC	1	15	del_h1	0010	del_h2	1000	4.1022133250758	0.00131870250134947	0.0625
chr3	164800000	169400000	fastq0023_HPNE_T1	HCJY7AFX7_MIxT1XT3_24s001577-1-1_Jeong_lane1T1xiTRU3C19	WW	1	23	del_h1	0010	del_h2	1000	4.23195552779339	0.000133944550366305	0.125
chr3	164800000	169400000	fastq0023_HPNE_T1	HCJY7AFX7_MIxT1XT3_24s001577-1-1_Jeong_lane1T1xiTRU3C21	CC	1	23	del_h1	0010	del_h2	1000	4.32556552534855	0.000133944550366749	0.125
chr3	164800000	169400000	fastq0023_HPNE_T1	HCJY7AFX7_MIxT1XT3_24s001577-1-1_Jeong_lane1T1xiTRU3C52	CC	1	23	del_h2	1000	ref_hom	1010	4.03110945554164	4.03110945554164	0.09375
chr3	164800000	169400000	fastq0023_HPNE_T1	HCJY7AFX7_MIxT1XT3_24s001577-1-1_Jeong_lane1T1xiTRU3C75	WW	1	23	del_h2	1000	ref_hom	1010	8.04348405581412	8.04348405581412	0.09375
chr3	164800000	169400000	fastq0023_HPNE_T1	HCJY7AFX7_MIxT1XT3_24s001577-1-1_Jeong_lane1T1xiTRU3C81	CC	1	23	del_h1	0010	del_h2	1000	4.62536948941731	0.000133944550366749	0.125
chr3	164800000	169400000	fastq0023_HPNE_T1	HCJY7AFX7_MIxT1XT3_24s001577-1-1_Jeong_lane1T1xiTRU3C87	CC	1	23	del_h2	1000	del_h1	0010	7.00603589864744	2.99559832900362	0.09375
chr3	164800000	169400000	fastq0023_HPNE_T1	HCJY7AFX7_MIxT1XT3_24s001577-1-1_Jeong_lane1T1xiTRU3C90	CC	1	23	del_h1	0010	del_h2	1000	6.47991529637039	0.000133944550366749	0.125
chr3	172800000	176800000	fastq0023_HPNE_T1	HCJY7AFX7_MIxT1XT3_24s001577-1-1_Jeong_lane1T1xiTRU3C21	CC	1	20	del_h1	0010	del_h2	1000	4.80830933918376	0.000154790711664354	0.15625
chr3	172800000	176800000	fastq0023_HPNE_T1	HCJY7AFX7_MIxT1XT3_24s001577-1-1_Jeong_lane1T1xiTRU3C75	WW	1	20	del_h1	0010	del_h2	1000	4.57524914203322	0.000154790711664354	0.15625
chr3	172800000	176800000	fastq0023_HPNE_T1	HCJY7AFX7_MIxT1XT3_24s001577-1-1_Jeong_lane1T1xiTRU3C81	CC	1	20	del_h1	0010	del_h2	1000	6.43555419743465	0.000154790711664354	0.15625
chr3	172800000	176800000	fastq0023_HPNE_T1	HCJY7AFX7_MIxT1XT3_24s001577-1-1_Jeong_lane1T1xiTRU3C87	CC	1	20	del_h2	1000	del_h1	0010	6.59042507794158	5.99130975639632	0.0625
chr3	172800000	176800000	fastq0023_HPNE_T1	HCJY7AFX7_MIxT1XT3_24s001577-1-1_Jeong_lane1T1xiTRU3C89	WW	1	20	del_h2	1000	ref_hom	1010	7.29205589196169	7.29205589196169	0.0625
chr3	172800000	176800000	fastq0023_HPNE_T1	HCJY7AFX7_MIxT1XT3_24s001577-1-1_Jeong_lane1T1xiTRU3C90	CC	1	20	del_h1	0010	del_h2	1000	7.58921018497594	5.99161933781965	0.15625
chr3	172800000	176800000	fastq0023_HPNE_T1	HCJY7AFX7_MIxT1XT3_24s001577-1-1_Jeong_lane1T1xiTRU3C91	WW	1	20	del_h1	0010	del_h2	1000	7.30595904171376	0.000154790711664354	0.15625
chr3	184800000	188400000	fastq0023_HPNE_T1	HCJY7AFX7_MIxT1XT3_24s001577-1-1_Jeong_lane1T1xiTRU3C15	WC	1	18	inv_hom	0101	complex	1100	10.6138084649763	4.60516433399013	0.0625
chr3	184800000	188400000	fastq0023_HPNE_T1	HCJY7AFX7_MIxT1XT3_24s001577-1-1_Jeong_lane1T1xiTRU3C62	WC	1	18	inv_hom	0101	idup_h1	1110	4.62234391937244	4.27411474542607	0.0625
chr3	193800000	195600000	fastq0023_HPNE_T1	HCJY7AFX7_MIxT1XT3_24s001577-1-1_Jeong_lane1T1xiTRU3C62	WC	1	9	inv_hom	0101	idup_h1	1110	4.068022710486	3.45250309983144	0.03125
chr3	195600000	195800000	fastq0023_HPNE_T1	HCJY7AFX7_MIxT1XT3_24s001577-1-1_Jeong_lane1T1xiTRU3C19	WW	1	1	idup_h2	1011	inv_h2	1001	7.08176509588863	1.36685580122787	0.03125
chr4	400000	9200000	fastq0023_HPNE_T1	HCJY7AFX7_MIxT1XT3_24s001577-1-1_Jeong_lane1T1xiTRU3C16	WC	1	40	inv_hom	0101	complex	1100	5.24546468084901	4.605115164828	0.03125
chr4	400000	9200000	fastq0023_HPNE_T1	HCJY7AFX7_MIxT1XT3_24s001577-1-1_Jeong_lane1T1xiTRU3C59	CC	1	40	dup_h1	2010	dup_h2	1020	4.58091140346304	0.244070864456207	0.15625
chr4	400000	9200000	fastq0023_HPNE_T1	HCJY7AFX7_MIxT1XT3_24s001577-1-1_Jeong_lane1T1xiTRU3C69	WW	1	40	dup_h1	2010	dup_h2	1020	7.87563090586437	0.244070864456206	0.15625
chr4	400000	9200000	fastq0023_HPNE_T1	HCJY7AFX7_MIxT1XT3_24s001577-1-1_Jeong_lane1T1xiTRU3C75	WW	1	40	dup_h1	2010	dup_h2	1020	13.8081441223952	0.937218045016152	0.15625
chr4	400000	9200000	fastq0023_HPNE_T1	HCJY7AFX7_MIxT1XT3_24s001577-1-1_Jeong_lane1T1xiTRU3C76	CW	1	40	dup_hom	2020	dup_h2	1020	8.74236239306085	2.72429633934035	0.0625
chr4	400000	9200000	fastq0023_HPNE_T1	HCJY7AFX7_MIxT1XT3_24s001577-1-1_Jeong_lane1T1xiTRU3C81	CC	1	40	dup_h2	1020	dup_h1	2010	7.178639765016	1.14222349666368	0.0625
chr4	400000	9200000	fastq0023_HPNE_T1	HCJY7AFX7_MIxT1XT3_24s001577-1-1_Jeong_lane1T1xiTRU3C86	CC	1	40	dup_h2	1020	dup_h1	2010	4.67549910273318	1.14222349666368	0.0625
chr4	400000	9200000	fastq0023_HPNE_T1	HCJY7AFX7_MIxT1XT3_24s001577-1-1_Jeong_lane1T1xiTRU3C87	CC	1	40	dup_h1	2010	complex	3000	14.1605003359818	2.68392090004374	0.15625
chr4	400000	9200000	fastq0023_HPNE_T1	HCJY7AFX7_MIxT1XT3_24s001577-1-1_Jeong_lane1T1xiTRU3C89	WW	1	40	idup_h2	1011	complex	1100	12.9393878867811	0.513464547730857	0.03125
chr4	400000	9200000	fastq0023_HPNE_T1	HCJY7AFX7_MIxT1XT3_24s001577-1-1_Jeong_lane1T1xiTRU3C90	WC	1	40	complex	2200	complex	2110	11.3560017795372	1.26370014155175	0.03125
chr4	400000	9200000	fastq0023_HPNE_T1	HCJY7AFX7_MIxT1XT3_24s001577-1-1_Jeong_lane1T1xiTRU3C91	CW	1	40	dup_hom	2020	dup_h2	1020	13.1996559861851	0.461775109756445	0.0625
chr4	400000	9200000	fastq0023_HPNE_T1	HCJY7AFX7_MIxT1XT3_24s001577-1-1_Jeong_lane1T1xiTRU3C95	CC	1	40	dup_h1	2010	dup_h2	1020	6.77632302615773	1.6303652255761	0.15625
chr4	17800000	24400000	fastq0023_HPNE_T1	HCJY7AFX7_MIxT1XT3_24s001577-1-1_Jeong_lane1T1xiTRU3C84	WC	1	33	inv_hom	0101	complex	1100	4.97485295246586	4.60516591485021	0.03125
chr4	27600000	36200000	fastq0023_HPNE_T1	HCJY7AFX7_MIxT1XT3_24s001577-1-1_Jeong_lane1T1xiTRU3C62	CW	1	43	inv_hom	0101	complex	1100	4.98312055006342	4.60516591483983	0.0625
chr4	27600000	36200000	fastq0023_HPNE_T1	HCJY7AFX7_MIxT1XT3_24s001577-1-1_Jeong_lane1T1xiTRU3C69	WW	1	43	del_h1	0010	del_h2	1000	6.65183883166591	2.99573076939817	0.0625
chr4	27600000	36200000	fastq0023_HPNE_T1	HCJY7AFX7_MIxT1XT3_24s001577-1-1_Jeong_lane1T1xiTRU3C75	WW	1	43	del_h2	1000	del_h1	0010	5.23116822493518	1.50415582034213e-06	0.125
chr4	27600000	36200000	fastq0023_HPNE_T1	HCJY7AFX7_MIxT1XT3_24s001577-1-1_Jeong_lane1T1xiTRU3C81	CC	1	43	del_h1	0010	del_h2	1000	11.9541011175119	5.99146304295216	0.0625
chr4	27600000	36200000	fastq0023_HPNE_T1	HCJY7AFX7_MIxT1XT3_24s001577-1-1_Jeong_lane1T1xiTRU3C85	CC	1	43	del_h2	1000	del_h1	0010	11.8555732767213	1.50415582078622e-06	0.125
chr4	27600000	36200000	fastq0023_HPNE_T1	HCJY7AFX7_MIxT1XT3_24s001577-1-1_Jeong_lane1T1xiTRU3C86	CC	1	43	del_h2	1000	del_h1	0010	7.79677545053292	1.50415582078622e-06	0.125
chr4	27600000	36200000	fastq0023_HPNE_T1	HCJY7AFX7_MIxT1XT3_24s001577-1-1_Jeong_lane1T1xiTRU3C87	CC	1	43	del_h2	1000	del_h1	0010	6.29736359350725	5.9914660512638	0.125
chr4	27600000	36200000	fastq0023_HPNE_T1	HCJY7AFX7_MIxT1XT3_24s001577-1-1_Jeong_lane1T1xiTRU3C90	WC	1	43	inv_hom	0101	complex	1100	4.98312055006337	4.60516591485027	0.0625
chr4	37200000	41200000	fastq0023_HPNE_T1	HCJY7AFX7_MIxT1XT3_24s001577-1-1_Jeong_lane1T1xiTRU3C27	WC	1	20	inv_hom	0101	complex	0011	4.70812987847966	4.60516591352056	0.03125
chr4	51800000	54800000	fastq0023_HPNE_T1	HCJY7AFX7_MIxT1XT3_24s001577-1-1_Jeong_lane1T1xiTRU3C25	WC	1	15	inv_hom	0101	complex	0011	10.4272994296687	4.60516469912225	0.0625
chr4	51800000	54800000	fastq0023_HPNE_T1	HCJY7AFX7_MIxT1XT3_24s001577-1-1_Jeong_lane1T1xiTRU3C76	CW	1	15	inv_hom	0101	ref_hom	1010	4.43583487643278	4.43583487643278	0.0625
chr4	58400000	61600000	fastq0023_HPNE_T1	HCJY7AFX7_MIxT1XT3_24s001577-1-1_Jeong_lane1T1xiTRU3C75	WW	1	15	del_h2	1000	del_h1	0010	4.55059365225377	0.000372333405216363	0.0625
chr4	58400000	61600000	fastq0023_HPNE_T1	HCJY7AFX7_MIxT1XT3_24s001577-1-1_Jeong_lane1T1xiTRU3C87	CC	1	15	del_h2	1000	del_h1	0010	7.56697097734052	0.000372333405216363	0.0625
chr4	58400000	61600000	fastq0023_HPNE_T1	HCJY7AFX7_MIxT1XT3_24s001577-1-1_Jeong_lane1T1xiTRU3C91	WW	1	15	del_h1	0010	del_h2	1000	6.95357731223197	5.99109221370277	0.03125
chr4	61600000	63800000	fastq0023_HPNE_T1	HCJY7AFX7_MIxT1XT3_24s001577-1-1_Jeong_lane1T1xiTRU3C87	CC	1	11	del_h2	1000	del_h1	0010	4.72905130876561	0.00104997008368723	0.03125
chr4	64000000	70400000	fastq0023_HPNE_T1	HCJY7AFX7_MIxT1XT3_24s001577-1-1_Jeong_lane1T1xiTRU3C87	CC	1	32	del_h1	0010	del_h2	1000	10.9160144848258	2.99573018162334	0.03125
chr4	64000000	70400000	fastq0023_HPNE_T1	HCJY7AFX7_MIxT1XT3_24s001577-1-1_Jeong_lane1T1xiTRU3C91	WW	1	32	del_h2	1000	del_h1	0010	11.3624926755748	2.09193064604207e-06	0.03125
chr4	75000000	77800000	fastq0023_HPNE_T1	HCJY7AFX7_MIxT1XT3_24s001577-1-1_Jeong_lane1T1xiTRU3C27	WC	1	13	inv_hom	0101	ref_hom	1010	4.42655545979864	4.42655545979864	0.03125
chr4	79000000	81200000	fastq0023_HPNE_T1	HCJY7AFX7_MIxT1XT3_24s001577-1-1_Jeong_lane1T1xiTRU3C91	WW	1	11	del_h2	1000	del_h1	0010	4.54696071331424	0.00325259712786297	0.03125
chr4	81200000	83600000	fastq0023_HPNE_T1	HCJY7AFX7_MIxT1XT3_24s001577-1-1_Jeong_lane1T1xiTRU3C76	CW	1	12	inv_hom	0101	ref_hom	1010	4.45315321931547	4.45315321931547	0.03125
chr4	83600000	86200000	fastq0023_HPNE_T1	HCJY7AFX7_MIxT1XT3_24s001577-1-1_Jeong_lane1T1xiTRU3C61	WC	1	13	inv_hom	0101	complex	1100	4.63083522708071	4.6051648526224	0.03125
chr4	86200000	89600000	fastq0023_HPNE_T1	HCJY7AFX7_MIxT1XT3_24s001577-1-1_Jeong_lane1T1xiTRU3C76	CW	1	17	inv_hom	0101	ref_hom	1010	4.58321603960762	4.58321603960762	0.03125
chr4	89600000	97800000	fastq0023_HPNE_T1	HCJY7AFX7_MIxT1XT3_24s001577-1-1_Jeong_lane1T1xiTRU3C75	WW	1	41	del_h2	1000	del_h1	0010	10.906366150917	5.99146093065563	0.09375
chr4	89600000	97800000	fastq0023_HPNE_T1	HCJY7AFX7_MIxT1XT3_24s001577-1-1_Jeong_lane1T1xiTRU3C84	WC	1	41	inv_hom	0101	complex	1100	5.24952027384517	4.60516591485027	0.03125
chr4	89600000	97800000	fastq0023_HPNE_T1	HCJY7AFX7_MIxT1XT3_24s001577-1-1_Jeong_lane1T1xiTRU3C87	CC	1	41	del_h2	1000	del_h1	0010	16.3745194208098	5.99146093065563	0.09375
chr4	89600000	97800000	fastq0023_HPNE_T1	HCJY7AFX7_MIxT1XT3_24s001577-1-1_Jeong_lane1T1xiTRU3C91	WW	1	41	del_h2	1000	del_h1	0010	6.62673907530545	5.99146093065563	0.09375
chr4	97800000	101200000	fastq0023_HPNE_T1	HCJY7AFX7_MIxT1XT3_24s001577-1-1_Jeong_lane1T1xiTRU3C19	CW	1	17	del_h1	0010	inv_h1	0110	15.4794017408589	1.54464687571665	0.03125
chr4	97800000	101200000	fastq0023_HPNE_T1	HCJY7AFX7_MIxT1XT3_24s001577-1-1_Jeong_lane1T1xiTRU3C33	CW	1	17	inv_hom	0101	ref_hom	1010	4.42291407788186	4.42291407788186	0.03125
chr4	101200000	103200000	fastq0023_HPNE_T1	HCJY7AFX7_MIxT1XT3_24s001577-1-1_Jeong_lane1T1xiTRU3C19	CW	1	10	del_h1	0010	inv_h1	0110	11.680704988579	1.16866102400937	0.03125
chr4	103200000	107600000	fastq0023_HPNE_T1	HCJY7AFX7_MIxT1XT3_24s001577-1-1_Jeong_lane1T1xiTRU3C19	CW	1	22	del_h1	0010	complex	0100	17.4504506089494	5.78618642204318	0.09375
chr4	103200000	107600000	fastq0023_HPNE_T1	HCJY7AFX7_MIxT1XT3_24s001577-1-1_Jeong_lane1T1xiTRU3C87	CC	1	22	del_h1	0010	del_h2	1000	7.72818138349355	0.366618345117165	0.09375
chr4	103200000	107600000	fastq0023_HPNE_T1	HCJY7AFX7_MIxT1XT3_24s001577-1-1_Jeong_lane1T1xiTRU3C91	WW	1	22	del_h1	0010	del_h2	1000	4.21698088376356	0.366618345117165	0.09375
chr4	107600000	112600000	fastq0023_HPNE_T1	HCJY7AFX7_MIxT1XT3_24s001577-1-1_Jeong_lane1T1xiTRU3C19	CW	1	25	inv_h1	0110	complex	0020	15.2083329118591	2.59090362297466	0.03125
chr4	107600000	112600000	fastq0023_HPNE_T1	HCJY7AFX7_MIxT1XT3_24s001577-1-1_Jeong_lane1T1xiTRU3C81	CW	1	25	inv_hom	0101	complex	1100	4.8158314535835	4.605165914849	0.03125
chr4	112800000	127800000	fastq0023_HPNE_T1	HCJY7AFX7_MIxT1XT3_24s001577-1-1_Jeong_lane1T1xiTRU3C19	CW	1	75	del_h1	0010	complex	0020	11.8719313447141	1.56544853890951	0.0625
chr4	112800000	127800000	fastq0023_HPNE_T1	HCJY7AFX7_MIxT1XT3_24s001577-1-1_Jeong_lane1T1xiTRU3C75	WW	1	75	del_h2	1000	complex	2000	15.3212531591753	13.6606193190125	0.0625
chr4	112800000	127800000	fastq0023_HPNE_T1	HCJY7AFX7_MIxT1XT3_24s001577-1-1_Jeong_lane1T1xiTRU3C87	CC	1	75	del_h1	0010	del_h2	1000	4.62117314184939	0.0717948044132442	0.0625
chr4	112800000	127800000	fastq0023_HPNE_T1	HCJY7AFX7_MIxT1XT3_24s001577-1-1_Jeong_lane1T1xiTRU3C91	WW	1	75	del_h2	1000	del_h1	0010	5.21907506442687	2.92393746914075	0.0625
chr4	127800000	128800000	fastq0023_HPNE_T1	HCJY7AFX7_MIxT1XT3_24s001577-1-1_Jeong_lane1T1xiTRU3C19	CW	1	5	inv_h1	0110	del_h1	0010	4.70609981391097	0.253407085546063	0.03125
chr4	128800000	138000000	fastq0023_HPNE_T1	HCJY7AFX7_MIxT1XT3_24s001577-1-1_Jeong_lane1T1xiTRU3C19	CW	1	46	del_h1	0010	complex	0100	19.8050732823697	6.26164749593941	0.15625
chr4	128800000	138000000	fastq0023_HPNE_T1	HCJY7AFX7_MIxT1XT3_24s001577-1-1_Jeong_lane1T1xiTRU3C75	WW	1	46	del_h1	0010	del_h2	1000	16.7211867485938	0.21067283435235	0.15625
chr4	128800000	138000000	fastq0023_HPNE_T1	HCJY7AFX7_MIxT1XT3_24s001577-1-1_Jeong_lane1T1xiTRU3C87	CC	1	46	del_h1	0010	del_h2	1000	17.9260714552802	6.20213738146033	0.15625
chr4	128800000	138000000	fastq0023_HPNE_T1	HCJY7AFX7_MIxT1XT3_24s001577-1-1_Jeong_lane1T1xiTRU3C89	WW	1	46	del_h1	0010	del_h2	1000	15.3945962004987	0.21067283435235	0.15625
chr4	128800000	138000000	fastq0023_HPNE_T1	HCJY7AFX7_MIxT1XT3_24s001577-1-1_Jeong_lane1T1xiTRU3C91	WW	1	46	del_h1	0010	del_h2	1000	16.4951133110954	0.21067283435235	0.15625
chr4	138000000	140200000	fastq0023_HPNE_T1	HCJY7AFX7_MIxT1XT3_24s001577-1-1_Jeong_lane1T1xiTRU3C19	CW	1	11	inv_h1	0110	del_h1	0010	13.3540550180924	2.36885800366133	0.03125
chr4	140200000	145400000	fastq0023_HPNE_T1	HCJY7AFX7_MIxT1XT3_24s001577-1-1_Jeong_lane1T1xiTRU3C81	CW	1	26	inv_hom	0101	complex	1100	4.76065927412109	4.60516591484838	0.03125
chr4	154000000	158600000	fastq0023_HPNE_T1	HCJY7AFX7_MIxT1XT3_24s001577-1-1_Jeong_lane1T1xiTRU3C62	WC	1	23	inv_hom	0101	ref_hom	1010	4.53877794038926	4.53877794038926	0.03125
chr4	154000000	158600000	fastq0023_HPNE_T1	HCJY7AFX7_MIxT1XT3_24s001577-1-1_Jeong_lane1T1xiTRU3C75	WW	1	23	del_h2	1000	ref_hom	1010	4.93525382571699	4.93525382571699	0.03125
chr4	159200000	164600000	fastq0023_HPNE_T1	HCJY7AFX7_MIxT1XT3_24s001577-1-1_Jeong_lane1T1xiTRU3C87	CC	1	27	del_h1	0010	del_h2	1000	6.84774132546373	1.12506446932059e-05	0.0625
chr4	159200000	164600000	fastq0023_HPNE_T1	HCJY7AFX7_MIxT1XT3_24s001577-1-1_Jeong_lane1T1xiTRU3C91	WW	1	27	del_h1	0010	del_h2	1000	7.27169086370858	1.125064469365e-05	0.0625
chr4	165600000	168200000	fastq0023_HPNE_T1	HCJY7AFX7_MIxT1XT3_24s001577-1-1_Jeong_lane1T1xiTRU3C75	WW	1	13	del_h2	1000	del_h1	0010	8.18754448797975	5.98902395788553	0.03125
chr4	165600000	168200000	fastq0023_HPNE_T1	HCJY7AFX7_MIxT1XT3_24s001577-1-1_Jeong_lane1T1xiTRU3C87	CC	1	13	del_h1	0010	del_h2	1000	6.88227928806098	0.00244058922245038	0.03125
chr4	170200000	172000000	fastq0023_HPNE_T1	HCJY7AFX7_MIxT1XT3_24s001577-1-1_Jeong_lane1T1xiTRU3C75	WW	1	9	del_h2	1000	del_h1	0010	6.06460987512697	0.000490412975499677	0.09375
chr4	170200000	172000000	fastq0023_HPNE_T1	HCJY7AFX7_MIxT1XT3_24s001577-1-1_Jeong_lane1T1xiTRU3C87	CC	1	9	del_h2	1000	del_h1	0010	6.49204791495731	5.99195496008348	0.09375
chr4	170200000	172000000	fastq0023_HPNE_T1	HCJY7AFX7_MIxT1XT3_24s001577-1-1_Jeong_lane1T1xiTRU3C89	WW	1	9	del_h2	1000	del_h1	0010	4.18519133865985	0.000490412975499677	0.09375
chr4	172000000	173600000	fastq0023_HPNE_T1	HCJY7AFX7_MIxT1XT3_24s001577-1-1_Jeong_lane1T1xiTRU3C86	WC	1	8	inv_hom	0101	ref_hom	1010	4.01334284636618	4.01334284636618	0.03125
chr4	173600000	178800000	fastq0023_HPNE_T1	HCJY7AFX7_MIxT1XT3_24s001577-1-1_Jeong_lane1T1xiTRU3C76	WW	1	26	del_h2	1000	del_h1	0010	4.63427257919128	8.74081589796738e-05	0.0625
chr4	173600000	178800000	fastq0023_HPNE_T1	HCJY7AFX7_MIxT1XT3_24s001577-1-1_Jeong_lane1T1xiTRU3C84	WC	1	26	inv_hom	0101	complex	1100	4.73203798134386	4.60516591484807	0.03125
chr4	173600000	178800000	fastq0023_HPNE_T1	HCJY7AFX7_MIxT1XT3_24s001577-1-1_Jeong_lane1T1xiTRU3C87	CC	1	26	del_h2	1000	del_h1	0010	7.82118236802375	8.74081589801179e-05	0.0625
chr4	178800000	182800000	fastq0023_HPNE_T1	HCJY7AFX7_MIxT1XT3_24s001577-1-1_Jeong_lane1T1xiTRU3C15	WC	1	20	inv_h2	1001	complex	2000	15.2386622694381	2.3200375966277	0.03125
chr4	178800000	182800000	fastq0023_HPNE_T1	HCJY7AFX7_MIxT1XT3_24s001577-1-1_Jeong_lane1T1xiTRU3C62	WC	1	20	inv_hom	0101	ref_hom	1010	4.52408114742293	4.52408114742293	0.03125
chr4	182800000	185800000	fastq0023_HPNE_T1	HCJY7AFX7_MIxT1XT3_24s001577-1-1_Jeong_lane1T1xiTRU3C15	WC	1	15	inv_h2	1001	complex	2000	15.8750410879033	2.80175365707279	0.03125
chr4	185800000	188400000	fastq0023_HPNE_T1	HCJY7AFX7_MIxT1XT3_24s001577-1-1_Jeong_lane1T1xiTRU3C15	WC	1	13	inv_h2	1001	del_h2	1000	14.6456493834502	2.22427697639705	0.03125
chr4	188400000	189600000	fastq0023_HPNE_T1	HCJY7AFX7_MIxT1XT3_24s001577-1-1_Jeong_lane1T1xiTRU3C15	WC	1	6	del_h2	1000	inv_h2	1001	5.61427684953658	1.54104391207604	0.03125
chr4	189600000	190000000	fastq0023_HPNE_T1	HCJY7AFX7_MIxT1XT3_24s001577-1-1_Jeong_lane1T1xiTRU3C90	WC	1	2	inv_hom	0101	idup_h1	1110	4.08350193748752	0.0508274317332535	0.03125
chr5	400000	1800000	fastq0023_HPNE_T1	HCJY7AFX7_MIxT1XT3_24s001577-1-1_Jeong_lane1T1xiTRU3C91	WC	1	6	complex	3000	complex	4000	15.4480319361395	0.628692324237087	0.03125
chr5	1800000	5400000	fastq0023_HPNE_T1	HCJY7AFX7_MIxT1XT3_24s001577-1-1_Jeong_lane1T1xiTRU3C20	CC	1	18	inv_h2	1001	inv_h1	0110	9.58148281211428	0.00356994574516101	0.0625
chr5	1800000	5400000	fastq0023_HPNE_T1	HCJY7AFX7_MIxT1XT3_24s001577-1-1_Jeong_lane1T1xiTRU3C91	WC	1	18	inv_h2	1001	complex	3000	15.0789107726351	1.70384915774636	0.0625
chr5	5400000	8000000	fastq0023_HPNE_T1	HCJY7AFX7_MIxT1XT3_24s001577-1-1_Jeong_lane1T1xiTRU3C91	WC	1	13	complex	3000	complex	2000	14.8069302786904	1.89140889705404	0.03125
chr5	8000000	10000000	fastq0023_HPNE_T1	HCJY7AFX7_MIxT1XT3_24s001577-1-1_Jeong_lane1T1xiTRU3C91	WC	1	10	inv_h2	1001	complex	2000	13.6998275897671	0.42720752690593	0.03125
chr5	10000000	11400000	fastq0023_HPNE_T1	HCJY7AFX7_MIxT1XT3_24s001577-1-1_Jeong_lane1T1xiTRU3C91	WC	1	7	complex	3000	complex	2000	13.8778401874326	0.687754393370138	0.03125
chr5	11400000	13400000	fastq0023_HPNE_T1	HCJY7AFX7_MIxT1XT3_24s001577-1-1_Jeong_lane1T1xiTRU3C91	WC	1	10	del_h2	1000	inv_h2	1001	15.6715195584649	2.17571566162383	0.03125
chr5	13400000	17400000	fastq0023_HPNE_T1	HCJY7AFX7_MIxT1XT3_24s001577-1-1_Jeong_lane1T1xiTRU3C95	CW	1	20	inv_hom	0101	ref_hom	1010	4.11148243835154	4.11148243835154	0.03125
chr5	17400000	23200000	fastq0023_HPNE_T1	HCJY7AFX7_MIxT1XT3_24s001577-1-1_Jeong_lane1T1xiTRU3C31	CW	1	29	inv_hom	0101	ref_hom	1010	4.2770810411169	4.2770810411169	0.03125
chr5	23200000	31200000	fastq0023_HPNE_T1	HCJY7AFX7_MIxT1XT3_24s001577-1-1_Jeong_lane1T1xiTRU3C55	WW	1	40	del_h2	1000	del_h1	0010	4.51356902687346	3.23884722774892e-06	0.03125
chr5	37400000	43800000	fastq0023_HPNE_T1	HCJY7AFX7_MIxT1XT3_24s001577-1-1_Jeong_lane1T1xiTRU3C18	WC	1	32	inv_hom	0101	complex	0011	4.70323648595975	4.60516591340137	0.03125
chr5	49800000	50000000	fastq0023_HPNE_T1	HCJY7AFX7_MIxT1XT3_24s001577-1-1_Jeong_lane1T1xiTRU3C21	WW	1	1	inv_hom	0101	inv_h1	0110	5.47485041400003	1.87440486137773	0.09375
chr5	49800000	50000000	fastq0023_HPNE_T1	HCJY7AFX7_MIxT1XT3_24s001577-1-1_Jeong_lane1T1xiTRU3C52	CC	1	1	inv_hom	0101	inv_h1	0110	4.56895161009873	1.48710495954342	0.09375
chr5	49800000	50000000	fastq0023_HPNE_T1	HCJY7AFX7_MIxT1XT3_24s001577-1-1_Jeong_lane1T1xiTRU3C76	CC	1	1	inv_hom	0101	inv_h1	0110	5.89175685014567	1.87502081981026	0.09375
chr5	49800000	50000000	fastq0023_HPNE_T1	HCJY7AFX7_MIxT1XT3_24s001577-1-1_Jeong_lane1T1xiTRU3C87	WW	1	1	inv_h1	0110	inv_h2	1001	4.92775385956481	0.351978990131057	0.03125
chr5	84200000	95600000	fastq0023_HPNE_T1	HCJY7AFX7_MIxT1XT3_24s001577-1-1_Jeong_lane1T1xiTRU3C76	CC	1	57	del_h2	1000	del_h1	0010	14.1842755756495	1.16235909786155e-11	0.0625
chr5	84200000	95600000	fastq0023_HPNE_T1	HCJY7AFX7_MIxT1XT3_24s001577-1-1_Jeong_lane1T1xiTRU3C87	CC	1	57	del_h2	1000	del_h1	0010	16.1577726072869	1.16235909786155e-11	0.0625
chr5	95600000	97600000	fastq0023_HPNE_T1	HCJY7AFX7_MIxT1XT3_24s001577-1-1_Jeong_lane1T1xiTRU3C81	WW	1	10	del_h2	1000	del_h1	0010	4.91637386825986	0.00457076141416746	0.03125
chr5	97600000	104200000	fastq0023_HPNE_T1	HCJY7AFX7_MIxT1XT3_24s001577-1-1_Jeong_lane1T1xiTRU3C76	CC	1	33	del_h1	0010	del_h2	1000	6.10685735954859	1.05726783861115e-06	0.0625
chr5	97600000	104200000	fastq0023_HPNE_T1	HCJY7AFX7_MIxT1XT3_24s001577-1-1_Jeong_lane1T1xiTRU3C87	CC	1	33	del_h1	0010	del_h2	1000	8.1598878641582	1.05726783949933e-06	0.0625
chr5	104200000	107200000	fastq0023_HPNE_T1	HCJY7AFX7_MIxT1XT3_24s001577-1-1_Jeong_lane1T1xiTRU3C76	CC	1	15	del_h2	1000	del_h1	0010	7.58711390333351	0.00471374345413289	0.09375
chr5	104200000	107200000	fastq0023_HPNE_T1	HCJY7AFX7_MIxT1XT3_24s001577-1-1_Jeong_lane1T1xiTRU3C87	CC	1	15	del_h2	1000	del_h1	0010	12.5221062386168	0.00471374345413289	0.09375
chr5	104200000	107200000	fastq0023_HPNE_T1	HCJY7AFX7_MIxT1XT3_24s001577-1-1_Jeong_lane1T1xiTRU3C89	CC	1	15	del_h2	1000	del_h1	0010	5.67590002355242	0.00471374345413289	0.09375
chr5	119800000	122400000	fastq0023_HPNE_T1	HCJY7AFX7_MIxT1XT3_24s001577-1-1_Jeong_lane1T1xiTRU3C76	CC	1	13	del_h2	1000	del_h1	0010	5.99448557840075	0.000444510892087635	0.09375
chr5	119800000	122400000	fastq0023_HPNE_T1	HCJY7AFX7_MIxT1XT3_24s001577-1-1_Jeong_lane1T1xiTRU3C87	CC	1	13	del_h2	1000	del_h1	0010	6.59965780435971	0.000444510892087413	0.09375
chr5	119800000	122400000	fastq0023_HPNE_T1	HCJY7AFX7_MIxT1XT3_24s001577-1-1_Jeong_lane1T1xiTRU3C91	WW	1	13	del_h2	1000	del_h1	0010	5.23982231874871	0.000444510892087635	0.09375
chr5	126800000	131800000	fastq0023_HPNE_T1	HCJY7AFX7_MIxT1XT3_24s001577-1-1_Jeong_lane1T1xiTRU3C81	CW	1	25	inv_hom	0101	ref_hom	1010	4.40189152321071	4.40189152321071	0.03125
chr5	131800000	136000000	fastq0023_HPNE_T1	HCJY7AFX7_MIxT1XT3_24s001577-1-1_Jeong_lane1T1xiTRU3C84	WC	1	21	inv_hom	0101	ref_hom	1010	4.48224101312048	4.48224101312048	0.03125
chr5	136000000	139200000	fastq0023_HPNE_T1	HCJY7AFX7_MIxT1XT3_24s001577-1-1_Jeong_lane1T1xiTRU3C86	CW	1	16	inv_hom	0101	ref_hom	1010	4.24734615102469	4.24734615102469	0.03125
chr5	160800000	166200000	fastq0023_HPNE_T1	HCJY7AFX7_MIxT1XT3_24s001577-1-1_Jeong_lane1T1xiTRU3C55	WW	1	27	del_h1	0010	del_h2	1000	5.87733933102728	2.3189907146115e-05	0.0625
chr5	160800000	166200000	fastq0023_HPNE_T1	HCJY7AFX7_MIxT1XT3_24s001577-1-1_Jeong_lane1T1xiTRU3C87	CC	1	27	del_h1	0010	del_h2	1000	9.37489174186214	2.3189907146115e-05	0.0625
chr5	167800000	170800000	fastq0023_HPNE_T1	HCJY7AFX7_MIxT1XT3_24s001577-1-1_Jeong_lane1T1xiTRU3C75	WC	1	15	inv_hom	0101	ref_hom	1010	4.02216451145432	4.02216451145432	0.0625
chr5	167800000	170800000	fastq0023_HPNE_T1	HCJY7AFX7_MIxT1XT3_24s001577-1-1_Jeong_lane1T1xiTRU3C86	CW	1	15	inv_hom	0101	ref_hom	1010	4.02216451298086	4.02216451298086	0.0625
chr5	174800000	178000000	fastq0023_HPNE_T1	HCJY7AFX7_MIxT1XT3_24s001577-1-1_Jeong_lane1T1xiTRU3C26	WW	1	16	inv_h2	1001	inv_h1	0110	10.3884805329259	0.000730150091303727	0.03125
chr5	174800000	178000000	fastq0023_HPNE_T1	HCJY7AFX7_MIxT1XT3_24s001577-1-1_Jeong_lane1T1xiTRU3C59	WC	1	16	dup_h1	2010	idup_h2	1011	7.58758920804786	2.6023781989713	0.0625
chr5	174800000	178000000	fastq0023_HPNE_T1	HCJY7AFX7_MIxT1XT3_24s001577-1-1_Jeong_lane1T1xiTRU3C76	CC	1	16	dup_h1	2010	dup_h2	1020	4.06976632563	0.024100764189928	0.0625
chr5	178600000	180800000	fastq0023_HPNE_T1	HCJY7AFX7_MIxT1XT3_24s001577-1-1_Jeong_lane1T1xiTRU3C26	WW	1	11	inv_h1	0110	inv_h2	1001	6.23614162214172	1.59084445069334	0.0625
chr5	178600000	180800000	fastq0023_HPNE_T1	HCJY7AFX7_MIxT1XT3_24s001577-1-1_Jeong_lane1T1xiTRU3C59	WC	1	11	dup_h1	2010	dup_hom	2020	4.73259299995252	2.34270785025905	0.03125
chr5	178600000	180800000	fastq0023_HPNE_T1	HCJY7AFX7_MIxT1XT3_24s001577-1-1_Jeong_lane1T1xiTRU3C62	WC	1	11	inv_h1	0110	complex	0030	11.6095441918591	2.36777875493623	0.0625
chr6	0	4200000	fastq0023_HPNE_T1	HCJY7AFX7_MIxT1XT3_24s001577-1-1_Jeong_lane1T1xiTRU3C15	CC	1	19	inv_h2	1001	idup_h2	1011	16.78495739927	2.80763954524956	0.03125
chr6	0	4200000	fastq0023_HPNE_T1	HCJY7AFX7_MIxT1XT3_24s001577-1-1_Jeong_lane1T1xiTRU3C25	CC	1	19	inv_h1	0110	idup_h1	1110	18.424766784326	6.23138228901542	0.03125
chr6	4200000	8400000	fastq0023_HPNE_T1	HCJY7AFX7_MIxT1XT3_24s001577-1-1_Jeong_lane1T1xiTRU3C15	CC	1	21	inv_h1	0110	inv_h2	1001	13.5594720089445	2.96332118043807e-06	0.03125
chr6	29600000	35400000	fastq0023_HPNE_T1	HCJY7AFX7_MIxT1XT3_24s001577-1-1_Jeong_lane1T1xiTRU3C75	WW	1	29	dup_h1	2010	dup_h2	1020	5.77447683421633	3.53885576372603	0.0625
chr6	29600000	35400000	fastq0023_HPNE_T1	HCJY7AFX7_MIxT1XT3_24s001577-1-1_Jeong_lane1T1xiTRU3C76	WC	1	29	dup_h1	2010	ref_hom	1010	4.1566614501884	4.1566614501884	0.0625
chr6	39000000	44600000	fastq0023_HPNE_T1	HCJY7AFX7_MIxT1XT3_24s001577-1-1_Jeong_lane1T1xiTRU3C75	WW	1	28	dup_h1	2010	dup_h2	1020	6.74164121897009	2.86822608120726	0.125
chr6	39000000	44600000	fastq0023_HPNE_T1	HCJY7AFX7_MIxT1XT3_24s001577-1-1_Jeong_lane1T1xiTRU3C81	CW	1	28	dup_h1	2010	ref_hom	1010	5.30833518397406	5.30833518397406	0.125
chr6	39000000	44600000	fastq0023_HPNE_T1	HCJY7AFX7_MIxT1XT3_24s001577-1-1_Jeong_lane1T1xiTRU3C86	CC	1	28	dup_h1	2010	dup_h2	1020	4.26620835090431	2.17507890064731	0.125
chr6	39000000	44600000	fastq0023_HPNE_T1	HCJY7AFX7_MIxT1XT3_24s001577-1-1_Jeong_lane1T1xiTRU3C89	WW	1	28	dup_h1	2010	dup_h2	1020	4.19711968746422	1.48193172008736	0.125
chr6	54000000	64800000	fastq0023_HPNE_T1	HCJY7AFX7_MIxT1XT3_24s001577-1-1_Jeong_lane1T1xiTRU3C62	WW	1	45	del_h2	1000	del_h1	0010	4.23093917304142	1.72895031624876e-10	0.03125
chr6	64800000	69600000	fastq0023_HPNE_T1	HCJY7AFX7_MIxT1XT3_24s001577-1-1_Jeong_lane1T1xiTRU3C31	CC	1	24	del_h2	1000	del_h1	0010	5.17708129745394	6.462220387915e-06	0.09375
chr6	64800000	69600000	fastq0023_HPNE_T1	HCJY7AFX7_MIxT1XT3_24s001577-1-1_Jeong_lane1T1xiTRU3C75	WW	1	24	del_h2	1000	del_h1	0010	7.66234413669397	5.99147100932837	0.09375
chr6	64800000	69600000	fastq0023_HPNE_T1	HCJY7AFX7_MIxT1XT3_24s001577-1-1_Jeong_lane1T1xiTRU3C84	CC	1	24	del_h2	1000	del_h1	0010	7.10684075281667	6.46222038769295e-06	0.09375
chr6	64800000	69600000	fastq0023_HPNE_T1	HCJY7AFX7_MIxT1XT3_24s001577-1-1_Jeong_lane1T1xiTRU3C86	CC	1	24	del_h1	0010	ref_hom	1010	4.50688558723322	4.50688558723322	0.03125
chr6	75800000	86200000	fastq0023_HPNE_T1	HCJY7AFX7_MIxT1XT3_24s001577-1-1_Jeong_lane1T1xiTRU3C21	CW	1	52	inv_h1	0110	complex	0020	22.3502543590205	7.2665314835529	0.03125
chr6	86200000	90800000	fastq0023_HPNE_T1	HCJY7AFX7_MIxT1XT3_24s001577-1-1_Jeong_lane1T1xiTRU3C21	CW	1	23	inv_h1	0110	complex	0020	14.4372114771993	0.701946437139529	0.03125
chr6	90800000	91800000	fastq0023_HPNE_T1	HCJY7AFX7_MIxT1XT3_24s001577-1-1_Jeong_lane1T1xiTRU3C21	CW	1	5	del_h1	0010	inv_h1	0110	5.58866162213462	1.04153298542783	0.03125
chr6	91800000	96000000	fastq0023_HPNE_T1	HCJY7AFX7_MIxT1XT3_24s001577-1-1_Jeong_lane1T1xiTRU3C21	CW	1	20	del_h1	0010	inv_h1	0110	15.9401790038267	0.761813288186356	0.0625
chr6	91800000	96000000	fastq0023_HPNE_T1	HCJY7AFX7_MIxT1XT3_24s001577-1-1_Jeong_lane1T1xiTRU3C95	WW	1	20	del_h1	0010	del_h2	1000	6.26329814528878	6.03624790564819	0.0625
chr6	100600000	104800000	fastq0023_HPNE_T1	HCJY7AFX7_MIxT1XT3_24s001577-1-1_Jeong_lane1T1xiTRU3C75	WW	1	21	del_h2	1000	del_h1	0010	6.13458156774439	5.99149697513492	0.09375
chr6	100600000	104800000	fastq0023_HPNE_T1	HCJY7AFX7_MIxT1XT3_24s001577-1-1_Jeong_lane1T1xiTRU3C86	CC	1	21	del_h2	1000	del_h1	0010	4.13818899854635	3.24280269397015e-05	0.09375
chr6	100600000	104800000	fastq0023_HPNE_T1	HCJY7AFX7_MIxT1XT3_24s001577-1-1_Jeong_lane1T1xiTRU3C95	WW	1	21	del_h2	1000	del_h1	0010	6.41102232127777	3.24280269392574e-05	0.09375
chr6	119400000	124000000	fastq0023_HPNE_T1	HCJY7AFX7_MIxT1XT3_24s001577-1-1_Jeong_lane1T1xiTRU3C84	CC	1	23	del_h1	0010	ref_hom	1010	5.4277195748715	5.4277195748715	0.03125
chr6	126200000	129600000	fastq0023_HPNE_T1	HCJY7AFX7_MIxT1XT3_24s001577-1-1_Jeong_lane1T1xiTRU3C75	WW	1	17	del_h1	0010	del_h2	1000	4.47530026528339	6.9453828171806e-05	0.0625
chr6	126200000	129600000	fastq0023_HPNE_T1	HCJY7AFX7_MIxT1XT3_24s001577-1-1_Jeong_lane1T1xiTRU3C95	WW	1	17	del_h1	0010	ref_hom	1010	4.32939099024683	4.32939099024683	0.0625
chr6	139800000	142000000	fastq0023_HPNE_T1	HCJY7AFX7_MIxT1XT3_24s001577-1-1_Jeong_lane1T1xiTRU3C17	CC	1	11	del_h2	1000	del_h1	0010	4.4138267388518	0.000561871627468236	0.03125
chr6	142000000	148200000	fastq0023_HPNE_T1	HCJY7AFX7_MIxT1XT3_24s001577-1-1_Jeong_lane1T1xiTRU3C26	WC	1	31	inv_hom	0101	complex	1100	4.67885526387285	4.60516591300149	0.03125
chr6	154200000	155400000	fastq0023_HPNE_T1	HCJY7AFX7_MIxT1XT3_24s001577-1-1_Jeong_lane1T1xiTRU3C76	WW	1	6	del_h2	1000	ref_hom	1010	4.43301934043335	4.43301934043335	0.03125
chr6	155400000	156600000	fastq0023_HPNE_T1	HCJY7AFX7_MIxT1XT3_24s001577-1-1_Jeong_lane1T1xiTRU3C26	WC	1	6	del_h1	0010	complex	0100	5.9294325184453	5.64944430439934	0.03125
chr6	156600000	159200000	fastq0023_HPNE_T1	HCJY7AFX7_MIxT1XT3_24s001577-1-1_Jeong_lane1T1xiTRU3C26	WC	1	13	inv_h1	0110	del_h1	0010	12.6863603083955	0.0965099891684211	0.0625
chr6	156600000	159200000	fastq0023_HPNE_T1	HCJY7AFX7_MIxT1XT3_24s001577-1-1_Jeong_lane1T1xiTRU3C59	CW	1	13	inv_h1	0110	complex	0020	16.1536971669044	1.45019152783119	0.0625
chr6	159200000	165800000	fastq0023_HPNE_T1	HCJY7AFX7_MIxT1XT3_24s001577-1-1_Jeong_lane1T1xiTRU3C19	CC	1	33	inv_h1	0110	complex	0011	14.8338690794083	2.3709497074824	0.0625
chr6	159200000	165800000	fastq0023_HPNE_T1	HCJY7AFX7_MIxT1XT3_24s001577-1-1_Jeong_lane1T1xiTRU3C26	WC	1	33	complex	0100	del_h1	0010	20.4906164834058	1.36726390087036	0.03125
chr6	159200000	165800000	fastq0023_HPNE_T1	HCJY7AFX7_MIxT1XT3_24s001577-1-1_Jeong_lane1T1xiTRU3C59	CW	1	33	inv_h1	0110	complex	0020	21.5113050247928	3.88022614054898	0.0625
chr6	159200000	165800000	fastq0023_HPNE_T1	HCJY7AFX7_MIxT1XT3_24s001577-1-1_Jeong_lane1T1xiTRU3C76	WW	1	33	del_h2	1000	del_h1	0010	11.7792507171777	2.02032444436859	0.03125
chr6	165800000	168800000	fastq0023_HPNE_T1	HCJY7AFX7_MIxT1XT3_24s001577-1-1_Jeong_lane1T1xiTRU3C19	CC	1	15	inv_h1	0110	inv_h2	1001	9.56697425433695	0.769148610780185	0.0625
chr6	165800000	168800000	fastq0023_HPNE_T1	HCJY7AFX7_MIxT1XT3_24s001577-1-1_Jeong_lane1T1xiTRU3C20	CW	1	15	complex	3000	inv_h2	1001	16.5472993012877	1.08543361174068	0.0625
chr6	165800000	168800000	fastq0023_HPNE_T1	HCJY7AFX7_MIxT1XT3_24s001577-1-1_Jeong_lane1T1xiTRU3C26	WC	1	15	inv_h1	0110	del_h1	0010	15.2922799595083	0.0877149391024155	0.0625
chr6	165800000	168800000	fastq0023_HPNE_T1	HCJY7AFX7_MIxT1XT3_24s001577-1-1_Jeong_lane1T1xiTRU3C59	CW	1	15	complex	0030	complex	0020	19.0229953648627	1.74912261527407	0.0625
chr6	168800000	169600000	fastq0023_HPNE_T1	HCJY7AFX7_MIxT1XT3_24s001577-1-1_Jeong_lane1T1xiTRU3C19	CC	1	4	inv_h1	0110	idup_h1	1110	9.40435289227361	2.83706250397861	0.03125
chr6	168800000	169600000	fastq0023_HPNE_T1	HCJY7AFX7_MIxT1XT3_24s001577-1-1_Jeong_lane1T1xiTRU3C59	CW	1	4	del_h1	0010	inv_h1	0110	4.19760591820571	0.667159595914262	0.03125
chr6	169600000	170805979	fastq0023_HPNE_T1	HCJY7AFX7_MIxT1XT3_24s001577-1-1_Jeong_lane1T1xiTRU3C26	WC	1	5	del_h1	0010	inv_h1	0110	4.10907924960908	1.08276528663683	0.03125
chr6	169600000	170805979	fastq0023_HPNE_T1	HCJY7AFX7_MIxT1XT3_24s001577-1-1_Jeong_lane1T1xiTRU3C59	CW	1	5	inv_h1	0110	complex	0030	7.18147362226461	1.8767933775246	0.03125
chr7	0	2200000	fastq0023_HPNE_T1	HCJY7AFX7_MIxT1XT3_24s001577-1-1_Jeong_lane1T1xiTRU3C21	WW	1	11	idup_h2	1011	idup_h1	1110	6.07641698004277	0.228201357551878	0.0625
chr7	0	2200000	fastq0023_HPNE_T1	HCJY7AFX7_MIxT1XT3_24s001577-1-1_Jeong_lane1T1xiTRU3C61	WW	1	11	inv_h2	1001	idup_h2	1011	17.2167901290976	0.0369632938506701	0.03125
chr7	0	2200000	fastq0023_HPNE_T1	HCJY7AFX7_MIxT1XT3_24s001577-1-1_Jeong_lane1T1xiTRU3C69	WW	1	11	dup_h2	1020	dup_hom	2020	4.59203585482999	0.237137202136725	0.0625
chr7	0	2200000	fastq0023_HPNE_T1	HCJY7AFX7_MIxT1XT3_24s001577-1-1_Jeong_lane1T1xiTRU3C75	CW	1	11	dup_hom	2020	dup_h1	2010	8.77039552797039	3.24430513605671	0.09375
chr7	0	2200000	fastq0023_HPNE_T1	HCJY7AFX7_MIxT1XT3_24s001577-1-1_Jeong_lane1T1xiTRU3C76	CW	1	11	dup_hom	2020	dup_h1	2010	10.0576248677557	3.7230475630431	0.09375
chr7	0	2200000	fastq0023_HPNE_T1	HCJY7AFX7_MIxT1XT3_24s001577-1-1_Jeong_lane1T1xiTRU3C86	WW	1	11	idup_h2	1011	idup_h1	1110	14.4024677566157	0.228201357551878	0.0625
chr7	0	2200000	fastq0023_HPNE_T1	HCJY7AFX7_MIxT1XT3_24s001577-1-1_Jeong_lane1T1xiTRU3C87	WC	1	11	dup_hom	2020	dup_h2	1020	4.05254713144429	1.06372047477303	0.09375
chr7	0	2200000	fastq0023_HPNE_T1	HCJY7AFX7_MIxT1XT3_24s001577-1-1_Jeong_lane1T1xiTRU3C90	WW	1	11	dup_h2	1020	dup_hom	2020	4.51726087216626	1.28684079074027	0.0625
chr7	0	2200000	fastq0023_HPNE_T1	HCJY7AFX7_MIxT1XT3_24s001577-1-1_Jeong_lane1T1xiTRU3C91	WC	1	11	complex	0022	complex	1021	7.46964598095547	1.41214364760732	0.03125
chr7	2200000	2800000	fastq0023_HPNE_T1	HCJY7AFX7_MIxT1XT3_24s001577-1-1_Jeong_lane1T1xiTRU3C86	WW	1	3	idup_h1	1110	idup_h2	1011	4.1853135839084	0.286708512450565	0.03125
chr7	4000000	5600000	fastq0023_HPNE_T1	HCJY7AFX7_MIxT1XT3_24s001577-1-1_Jeong_lane1T1xiTRU3C21	WW	1	8	idup_h2	1011	idup_h1	1110	5.72491760763365	0.0111613894212255	0.09375
chr7	4000000	5600000	fastq0023_HPNE_T1	HCJY7AFX7_MIxT1XT3_24s001577-1-1_Jeong_lane1T1xiTRU3C61	WW	1	8	idup_h2	1011	idup_h1	1110	4.82417773307494	0.0111613894212264	0.09375
chr7	4000000	5600000	fastq0023_HPNE_T1	HCJY7AFX7_MIxT1XT3_24s001577-1-1_Jeong_lane1T1xiTRU3C86	WW	1	8	idup_h2	1011	idup_h1	1110	12.7847612179761	0.0111613894212255	0.09375
chr7	5600000	7000000	fastq0023_HPNE_T1	HCJY7AFX7_MIxT1XT3_24s001577-1-1_Jeong_lane1T1xiTRU3C21	WW	1	7	idup_h2	1011	idup_h1	1110	4.77157531042536	0.0498489889307177	0.03125
chr7	5600000	7000000	fastq0023_HPNE_T1	HCJY7AFX7_MIxT1XT3_24s001577-1-1_Jeong_lane1T1xiTRU3C86	WW	1	7	inv_h1	0110	idup_h1	1110	14.5656101351291	0.0854098763117559	0.03125
chr7	7000000	9000000	fastq0023_HPNE_T1	HCJY7AFX7_MIxT1XT3_24s001577-1-1_Jeong_lane1T1xiTRU3C21	WW	1	10	inv_h2	1001	inv_h1	0110	4.1013920724943	0.0135047935807471	0.03125
chr7	7000000	9000000	fastq0023_HPNE_T1	HCJY7AFX7_MIxT1XT3_24s001577-1-1_Jeong_lane1T1xiTRU3C86	WW	1	10	inv_h1	0110	complex	0011	13.8246345481417	2.88817270601852	0.03125
chr7	9000000	20600000	fastq0023_HPNE_T1	HCJY7AFX7_MIxT1XT3_24s001577-1-1_Jeong_lane1T1xiTRU3C69	WW	1	58	del_h2	1000	del_h1	0010	6.49094264187069	5.99146454730616	0.03125
chr7	9000000	20600000	fastq0023_HPNE_T1	HCJY7AFX7_MIxT1XT3_24s001577-1-1_Jeong_lane1T1xiTRU3C86	WW	1	58	del_h1	0010	ref_hom	1010	14.8733939296882	14.8733939296882	0.03125
chr7	25000000	30400000	fastq0023_HPNE_T1	HCJY7AFX7_MIxT1XT3_24s001577-1-1_Jeong_lane1T1xiTRU3C33	CW	1	27	inv_hom	0101	ref_hom	1010	4.51200125949619	4.51200125949619	0.03125
chr7	57600000	57800000	fastq0023_HPNE_T1	HCJY7AFX7_MIxT1XT3_24s001577-1-1_Jeong_lane1T1xiTRU3C75	CW	1	1	inv_h2	1001	del_h2	1000	5.58460048599562	2.17787560118163	0.09375
chr7	57600000	57800000	fastq0023_HPNE_T1	HCJY7AFX7_MIxT1XT3_24s001577-1-1_Jeong_lane1T1xiTRU3C81	CW	1	1	inv_h2	1001	del_h2	1000	4.77855140638089	1.47727320632924	0.09375
chr7	57600000	57800000	fastq0023_HPNE_T1	HCJY7AFX7_MIxT1XT3_24s001577-1-1_Jeong_lane1T1xiTRU3C87	WC	1	1	inv_h2	1001	del_h2	1000	5.49279779821756	0.816872218931046	0.09375
chr7	62800000	65200000	fastq0023_HPNE_T1	HCJY7AFX7_MIxT1XT3_24s001577-1-1_Jeong_lane1T1xiTRU3C27	CW	1	11	inv_h2	1001	complex	1002	20.4433155449082	4.34042866910487	0.03125
chr7	65200000	65600000	fastq0023_HPNE_T1	HCJY7AFX7_MIxT1XT3_24s001577-1-1_Jeong_lane1T1xiTRU3C16	CC	1	2	inv_h2	1001	inv_h1	0110	5.23145635179828	1.45457936846507	0.65625
chr7	65200000	65600000	fastq0023_HPNE_T1	HCJY7AFX7_MIxT1XT3_24s001577-1-1_Jeong_lane1T1xiTRU3C17	WW	1	2	inv_h2	1001	inv_h1	0110	4.39108750228785	1.45457936846507	0.65625
chr7	65200000	65600000	fastq0023_HPNE_T1	HCJY7AFX7_MIxT1XT3_24s001577-1-1_Jeong_lane1T1xiTRU3C18	WW	1	2	inv_h2	1001	inv_h1	0110	4.48800656912267	1.45457936846507	0.65625
chr7	65200000	65600000	fastq0023_HPNE_T1	HCJY7AFX7_MIxT1XT3_24s001577-1-1_Jeong_lane1T1xiTRU3C20	CW	1	2	inv_h2	1001	del_h2	1000	4.95110297239669	1.64945355571235	0.65625
chr7	65200000	65600000	fastq0023_HPNE_T1	HCJY7AFX7_MIxT1XT3_24s001577-1-1_Jeong_lane1T1xiTRU3C22	WW	1	2	inv_h2	1001	idup_h2	1011	4.29682387152604	1.36175721973922	0.65625
chr7	65200000	65600000	fastq0023_HPNE_T1	HCJY7AFX7_MIxT1XT3_24s001577-1-1_Jeong_lane1T1xiTRU3C25	CW	1	2	inv_h2	1001	del_h2	1000	5.39057112395287	1.59260261684264	0.65625
chr7	65200000	65600000	fastq0023_HPNE_T1	HCJY7AFX7_MIxT1XT3_24s001577-1-1_Jeong_lane1T1xiTRU3C30	WW	1	2	inv_h2	1001	inv_h1	0110	4.26975516009653	1.45457936846507	0.65625
chr7	65200000	65600000	fastq0023_HPNE_T1	HCJY7AFX7_MIxT1XT3_24s001577-1-1_Jeong_lane1T1xiTRU3C31	WC	1	2	del_h2	1000	inv_h2	1001	4.32912726081251	0.311785509775647	0.03125
chr7	65200000	65600000	fastq0023_HPNE_T1	HCJY7AFX7_MIxT1XT3_24s001577-1-1_Jeong_lane1T1xiTRU3C33	CW	1	2	inv_h2	1001	del_h2	1000	6.74027303191597	1.49894742806074	0.65625
chr7	65200000	65600000	fastq0023_HPNE_T1	HCJY7AFX7_MIxT1XT3_24s001577-1-1_Jeong_lane1T1xiTRU3C52	WW	1	2	inv_h2	1001	inv_h1	0110	5.24370498937425	1.45457936846507	0.65625
chr7	65200000	65600000	fastq0023_HPNE_T1	HCJY7AFX7_MIxT1XT3_24s001577-1-1_Jeong_lane1T1xiTRU3C61	WW	1	2	inv_h2	1001	inv_h1	0110	4.63741717609895	1.45457936846507	0.65625
chr7	65200000	65600000	fastq0023_HPNE_T1	HCJY7AFX7_MIxT1XT3_24s001577-1-1_Jeong_lane1T1xiTRU3C62	CW	1	2	inv_h2	1001	del_h2	1000	4.2840598890904	1.06681805278039	0.65625
chr7	65200000	65600000	fastq0023_HPNE_T1	HCJY7AFX7_MIxT1XT3_24s001577-1-1_Jeong_lane1T1xiTRU3C69	WW	1	2	inv_hom	0101	inv_h2	1001	7.61825606198038	0.639155822576448	0.03125
chr7	65200000	65600000	fastq0023_HPNE_T1	HCJY7AFX7_MIxT1XT3_24s001577-1-1_Jeong_lane1T1xiTRU3C75	CW	1	2	inv_h2	1001	del_h2	1000	8.37395852427822	1.03512190638434	0.65625
chr7	65200000	65600000	fastq0023_HPNE_T1	HCJY7AFX7_MIxT1XT3_24s001577-1-1_Jeong_lane1T1xiTRU3C76	CW	1	2	inv_h2	1001	del_h2	1000	5.31595638619666	3.1670423895429	0.65625
chr7	65200000	65600000	fastq0023_HPNE_T1	HCJY7AFX7_MIxT1XT3_24s001577-1-1_Jeong_lane1T1xiTRU3C81	CW	1	2	inv_h2	1001	del_h2	1000	8.08392721059544	1.03351881645419	0.65625
chr7	65200000	65600000	fastq0023_HPNE_T1	HCJY7AFX7_MIxT1XT3_24s001577-1-1_Jeong_lane1T1xiTRU3C83	WC	1	2	inv_h2	1001	del_h2	1000	5.7830137716487	1.00320130863441	0.65625
chr7	65200000	65600000	fastq0023_HPNE_T1	HCJY7AFX7_MIxT1XT3_24s001577-1-1_Jeong_lane1T1xiTRU3C84	WW	1	2	inv_h2	1001	inv_h1	0110	7.49393172501724	1.45457936846507	0.65625
chr7	65200000	65600000	fastq0023_HPNE_T1	HCJY7AFX7_MIxT1XT3_24s001577-1-1_Jeong_lane1T1xiTRU3C85	CC	1	2	inv_h2	1001	inv_h1	0110	5.67904194611479	1.45457936846507	0.65625
chr7	65200000	65600000	fastq0023_HPNE_T1	HCJY7AFX7_MIxT1XT3_24s001577-1-1_Jeong_lane1T1xiTRU3C86	WW	1	2	inv_h2	1001	inv_h1	0110	5.69662357411669	1.45457936846507	0.65625
chr7	65200000	65600000	fastq0023_HPNE_T1	HCJY7AFX7_MIxT1XT3_24s001577-1-1_Jeong_lane1T1xiTRU3C87	WC	1	2	inv_h2	1001	del_h2	1000	7.89562070561573	2.98289909598722	0.65625
chr7	65200000	65600000	fastq0023_HPNE_T1	HCJY7AFX7_MIxT1XT3_24s001577-1-1_Jeong_lane1T1xiTRU3C91	WC	1	2	inv_h2	1001	del_h2	1000	6.74908130964351	0.466060166706637	0.65625
chr7	65200000	65600000	fastq0023_HPNE_T1	HCJY7AFX7_MIxT1XT3_24s001577-1-1_Jeong_lane1T1xiTRU3C95	CW	1	2	inv_h2	1001	del_h2	1000	6.99832157658033	1.53188534729557	0.65625
chr7	65600000	66600000	fastq0023_HPNE_T1	HCJY7AFX7_MIxT1XT3_24s001577-1-1_Jeong_lane1T1xiTRU3C27	CW	1	5	inv_h2	1001	complex	3000	7.71807178753706	0.642596623392787	0.03125
chr7	66600000	71400000	fastq0023_HPNE_T1	HCJY7AFX7_MIxT1XT3_24s001577-1-1_Jeong_lane1T1xiTRU3C19	WW	1	24	dup_h2	1020	dup_h1	2010	4.23963834939215	2.76081252943122	0.03125
chr7	66600000	71400000	fastq0023_HPNE_T1	HCJY7AFX7_MIxT1XT3_24s001577-1-1_Jeong_lane1T1xiTRU3C27	CW	1	24	inv_h2	1001	complex	2000	15.4029301229165	0.753679010557132	0.03125
chr7	71400000	73200000	fastq0023_HPNE_T1	HCJY7AFX7_MIxT1XT3_24s001577-1-1_Jeong_lane1T1xiTRU3C20	CW	1	8	inv_h2	1001	del_h2	1000	7.82255655615206	2.27270800249817	0.0625
chr7	71400000	73200000	fastq0023_HPNE_T1	HCJY7AFX7_MIxT1XT3_24s001577-1-1_Jeong_lane1T1xiTRU3C27	CW	1	8	inv_h2	1001	complex	3000	9.80482323100064	3.05502867729609	0.0625
chr7	73400000	74600000	fastq0023_HPNE_T1	HCJY7AFX7_MIxT1XT3_24s001577-1-1_Jeong_lane1T1xiTRU3C20	CW	1	6	inv_h2	1001	complex	3000	6.91972008013699	1.14366879635578	0.0625
chr7	73400000	74600000	fastq0023_HPNE_T1	HCJY7AFX7_MIxT1XT3_24s001577-1-1_Jeong_lane1T1xiTRU3C27	CW	1	6	inv_h2	1001	complex	2000	10.5096674865933	1.41420062628491	0.0625
chr7	73400000	74600000	fastq0023_HPNE_T1	HCJY7AFX7_MIxT1XT3_24s001577-1-1_Jeong_lane1T1xiTRU3C75	CW	1	6	dup_hom	2020	dup_h1	2010	4.88547365008906	2.19317568494938	0.09375
chr7	73400000	74600000	fastq0023_HPNE_T1	HCJY7AFX7_MIxT1XT3_24s001577-1-1_Jeong_lane1T1xiTRU3C76	CW	1	6	dup_hom	2020	dup_h1	2010	5.60714523567362	1.63919752705907	0.09375
chr7	73400000	74600000	fastq0023_HPNE_T1	HCJY7AFX7_MIxT1XT3_24s001577-1-1_Jeong_lane1T1xiTRU3C87	WC	1	6	dup_hom	2020	dup_h1	2010	4.47563549955727	0.738290236252359	0.09375
chr7	73400000	74600000	fastq0023_HPNE_T1	HCJY7AFX7_MIxT1XT3_24s001577-1-1_Jeong_lane1T1xiTRU3C95	CW	1	6	complex	2200	idup_h1	1110	5.19901657095555	0.283680382758796	0.03125
chr7	75400000	76600000	fastq0023_HPNE_T1	HCJY7AFX7_MIxT1XT3_24s001577-1-1_Jeong_lane1T1xiTRU3C20	CW	1	6	inv_h2	1001	complex	3000	6.07136515730727	2.00047243328528	0.0625
chr7	75400000	76600000	fastq0023_HPNE_T1	HCJY7AFX7_MIxT1XT3_24s001577-1-1_Jeong_lane1T1xiTRU3C27	CW	1	6	inv_h2	1001	complex	3000	11.0449130332574	1.70541878938301	0.0625
chr7	75400000	76600000	fastq0023_HPNE_T1	HCJY7AFX7_MIxT1XT3_24s001577-1-1_Jeong_lane1T1xiTRU3C86	WW	1	6	dup_h2	1020	dup_hom	2020	4.31649854237482	1.84060993189015	0.03125
chr7	76600000	86800000	fastq0023_HPNE_T1	HCJY7AFX7_MIxT1XT3_24s001577-1-1_Jeong_lane1T1xiTRU3C20	CW	1	51	del_h2	1000	complex	2000	21.1156593685009	12.1907847410184	0.15625
chr7	76600000	86800000	fastq0023_HPNE_T1	HCJY7AFX7_MIxT1XT3_24s001577-1-1_Jeong_lane1T1xiTRU3C27	CW	1	51	del_h2	1000	complex	0001	20.5136709951402	10.9943921190937	0.15625
chr7	76600000	86800000	fastq0023_HPNE_T1	HCJY7AFX7_MIxT1XT3_24s001577-1-1_Jeong_lane1T1xiTRU3C30	WW	1	51	del_h2	1000	del_h1	0010	5.52566734758866	1.11420532658718	0.15625
chr7	76600000	86800000	fastq0023_HPNE_T1	HCJY7AFX7_MIxT1XT3_24s001577-1-1_Jeong_lane1T1xiTRU3C52	WW	1	51	del_h2	1000	del_h1	0010	5.1918908740354	1.11420532658718	0.15625
chr7	76600000	86800000	fastq0023_HPNE_T1	HCJY7AFX7_MIxT1XT3_24s001577-1-1_Jeong_lane1T1xiTRU3C86	WW	1	51	del_h1	0010	del_h2	1000	8.70904525906414	1.88152694696681	0.0625
chr7	76600000	86800000	fastq0023_HPNE_T1	HCJY7AFX7_MIxT1XT3_24s001577-1-1_Jeong_lane1T1xiTRU3C89	WW	1	51	del_h1	0010	del_h2	1000	12.3748235173945	4.8772592205208	0.0625
chr7	76600000	86800000	fastq0023_HPNE_T1	HCJY7AFX7_MIxT1XT3_24s001577-1-1_Jeong_lane1T1xiTRU3C95	WW	1	51	del_h2	1000	del_h1	0010	10.6325502111142	1.11420532658718	0.15625
chr7	86800000	93200000	fastq0023_HPNE_T1	HCJY7AFX7_MIxT1XT3_24s001577-1-1_Jeong_lane1T1xiTRU3C27	CW	1	32	inv_h2	1001	complex	2000	14.4999457967433	0.286302208925599	0.03125
chr7	93200000	95600000	fastq0023_HPNE_T1	HCJY7AFX7_MIxT1XT3_24s001577-1-1_Jeong_lane1T1xiTRU3C27	CW	1	12	inv_h2	1001	del_h2	1000	15.0376310582057	0.314952272287547	0.03125
chr7	95600000	98000000	fastq0023_HPNE_T1	HCJY7AFX7_MIxT1XT3_24s001577-1-1_Jeong_lane1T1xiTRU3C27	CW	1	12	inv_h2	1001	del_h2	1000	14.7944141559078	1.48235044847921	0.03125
chr7	98000000	100800000	fastq0023_HPNE_T1	HCJY7AFX7_MIxT1XT3_24s001577-1-1_Jeong_lane1T1xiTRU3C26	WC	1	14	inv_hom	0101	idup_h1	1110	4.05072444106197	0.171014166351618	0.03125
chr7	98000000	100800000	fastq0023_HPNE_T1	HCJY7AFX7_MIxT1XT3_24s001577-1-1_Jeong_lane1T1xiTRU3C27	CW	1	14	inv_h2	1001	complex	3000	14.5904006523786	1.058878768405	0.03125
chr7	98000000	100800000	fastq0023_HPNE_T1	HCJY7AFX7_MIxT1XT3_24s001577-1-1_Jeong_lane1T1xiTRU3C85	CC	1	14	dup_h1	2010	dup_h2	1020	5.11018677012353	2.74150700385442	0.03125
chr7	98000000	100800000	fastq0023_HPNE_T1	HCJY7AFX7_MIxT1XT3_24s001577-1-1_Jeong_lane1T1xiTRU3C91	WC	1	14	dup_h2	1020	ref_hom	1010	5.03655925875479	5.03655925875479	0.03125
chr7	100800000	101000000	fastq0023_HPNE_T1	HCJY7AFX7_MIxT1XT3_24s001577-1-1_Jeong_lane1T1xiTRU3C75	CW	1	1	idup_h2	1011	inv_hom	0101	4.60141773261642	1.51000921197189	0.03125
chr7	101000000	102400000	fastq0023_HPNE_T1	HCJY7AFX7_MIxT1XT3_24s001577-1-1_Jeong_lane1T1xiTRU3C27	CW	1	7	inv_h2	1001	complex	2000	11.8932065076196	1.91225700552782	0.03125
chr7	102400000	105200000	fastq0023_HPNE_T1	HCJY7AFX7_MIxT1XT3_24s001577-1-1_Jeong_lane1T1xiTRU3C27	CW	1	14	inv_h2	1001	complex	2000	14.5028665388638	1.23647261591065	0.03125
chr7	105200000	106200000	fastq0023_HPNE_T1	HCJY7AFX7_MIxT1XT3_24s001577-1-1_Jeong_lane1T1xiTRU3C27	CW	1	5	inv_h2	1001	del_h2	1000	7.3445384405138	0.222637240133819	0.03125
chr7	106200000	108800000	fastq0023_HPNE_T1	HCJY7AFX7_MIxT1XT3_24s001577-1-1_Jeong_lane1T1xiTRU3C27	CW	1	13	inv_h2	1001	del_h2	1000	15.1082206878304	1.31455923746515	0.03125
chr7	108800000	113800000	fastq0023_HPNE_T1	HCJY7AFX7_MIxT1XT3_24s001577-1-1_Jeong_lane1T1xiTRU3C27	CW	1	25	inv_h2	1001	complex	2000	15.6577285556355	1.16130933238635	0.03125
chr7	108800000	113800000	fastq0023_HPNE_T1	HCJY7AFX7_MIxT1XT3_24s001577-1-1_Jeong_lane1T1xiTRU3C52	WW	1	25	del_h2	1000	ref_hom	1010	4.90365064395127	4.90365064395127	0.09375
chr7	108800000	113800000	fastq0023_HPNE_T1	HCJY7AFX7_MIxT1XT3_24s001577-1-1_Jeong_lane1T1xiTRU3C69	WW	1	25	del_h2	1000	del_h1	0010	4.16325162855576	0.00032394093144017	0.09375
chr7	108800000	113800000	fastq0023_HPNE_T1	HCJY7AFX7_MIxT1XT3_24s001577-1-1_Jeong_lane1T1xiTRU3C86	WW	1	25	del_h2	1000	ref_hom	1010	5.09880692905517	5.09880692905517	0.09375
chr7	113800000	127200000	fastq0023_HPNE_T1	HCJY7AFX7_MIxT1XT3_24s001577-1-1_Jeong_lane1T1xiTRU3C89	WW	1	67	del_h2	1000	ref_hom	1010	9.71089483409766	9.71089483409766	0.03125
chr7	136000000	137600000	fastq0023_HPNE_T1	HCJY7AFX7_MIxT1XT3_24s001577-1-1_Jeong_lane1T1xiTRU3C21	CC	1	8	del_h1	0010	del_h2	1000	5.30146171444935	0.00023194440456642	0.0625
chr7	136000000	137600000	fastq0023_HPNE_T1	HCJY7AFX7_MIxT1XT3_24s001577-1-1_Jeong_lane1T1xiTRU3C91	CC	1	8	del_h1	0010	del_h2	1000	5.00830634337923	0.00023194440456642	0.0625
chr7	147800000	148400000	fastq0023_HPNE_T1	HCJY7AFX7_MIxT1XT3_24s001577-1-1_Jeong_lane1T1xiTRU3C26	WC	1	3	inv_hom	0101	idup_h2	1011	9.36496175564907	0.785277711073066	0.03125
chr7	148400000	152000000	fastq0023_HPNE_T1	HCJY7AFX7_MIxT1XT3_24s001577-1-1_Jeong_lane1T1xiTRU3C20	WC	1	18	complex	0030	complex	0020	16.135628510145	0.29949436915708	0.03125
chr7	148400000	152000000	fastq0023_HPNE_T1	HCJY7AFX7_MIxT1XT3_24s001577-1-1_Jeong_lane1T1xiTRU3C25	CW	1	18	inv_hom	0101	ref_hom	1010	4.05932590303752	4.05932590303752	0.03125
chr7	152000000	153600000	fastq0023_HPNE_T1	HCJY7AFX7_MIxT1XT3_24s001577-1-1_Jeong_lane1T1xiTRU3C20	WC	1	8	inv_h1	0110	del_h1	0010	7.46544429920204	1.15210713373325	0.03125
chr7	154600000	159000000	fastq0023_HPNE_T1	HCJY7AFX7_MIxT1XT3_24s001577-1-1_Jeong_lane1T1xiTRU3C20	WC	1	22	inv_h1	0110	complex	0120	20.9084224271298	2.33467155025624	0.03125
chr8	0	2200000	fastq0023_HPNE_T1	HCJY7AFX7_MIxT1XT3_24s001577-1-1_Jeong_lane1T1xiTRU3C62	WC	1	10	inv_h1	0110	complex	0030	10.1443790317794	0.0626916008232064	0.03125
chr8	0	2200000	fastq0023_HPNE_T1	HCJY7AFX7_MIxT1XT3_24s001577-1-1_Jeong_lane1T1xiTRU3C85	WW	1	10	inv_hom	0101	complex	0300	22.1230930209815	2.12590928608792	0.03125
chr8	2200000	5800000	fastq0023_HPNE_T1	HCJY7AFX7_MIxT1XT3_24s001577-1-1_Jeong_lane1T1xiTRU3C62	WC	1	18	inv_h1	0110	complex	0020	14.9309216162542	0.613797612390325	0.03125
chr8	2200000	5800000	fastq0023_HPNE_T1	HCJY7AFX7_MIxT1XT3_24s001577-1-1_Jeong_lane1T1xiTRU3C85	WW	1	18	inv_hom	0101	complex	0200	16.742743950546	5.78127037108538	0.03125
chr8	8000000	8200000	fastq0023_HPNE_T1	HCJY7AFX7_MIxT1XT3_24s001577-1-1_Jeong_lane1T1xiTRU3C18	CC	1	1	inv_hom	0101	inv_h2	1001	4.35508009745262	1.26229370846717	0.09375
chr8	8000000	8200000	fastq0023_HPNE_T1	HCJY7AFX7_MIxT1XT3_24s001577-1-1_Jeong_lane1T1xiTRU3C75	CC	1	1	inv_h2	1001	inv_h1	0110	4.23889259890143	0.267417728269067	0.0625
chr8	8000000	8200000	fastq0023_HPNE_T1	HCJY7AFX7_MIxT1XT3_24s001577-1-1_Jeong_lane1T1xiTRU3C81	CC	1	1	inv_hom	0101	inv_h2	1001	7.40782409134253	1.38988962905304	0.09375
chr8	8000000	8200000	fastq0023_HPNE_T1	HCJY7AFX7_MIxT1XT3_24s001577-1-1_Jeong_lane1T1xiTRU3C84	WW	1	1	inv_h2	1001	inv_hom	0101	4.13445912693238	0.00266110749396997	0.0625
chr8	8000000	8200000	fastq0023_HPNE_T1	HCJY7AFX7_MIxT1XT3_24s001577-1-1_Jeong_lane1T1xiTRU3C87	CC	1	1	inv_hom	0101	del_hom	0000	9.75004804959831	2.28765159539498	0.09375
chr8	8200000	10000000	fastq0023_HPNE_T1	HCJY7AFX7_MIxT1XT3_24s001577-1-1_Jeong_lane1T1xiTRU3C18	CC	1	9	inv_hom	0101	complex	0200	18.9311717562672	4.80180567688616	0.5
chr8	8200000	10000000	fastq0023_HPNE_T1	HCJY7AFX7_MIxT1XT3_24s001577-1-1_Jeong_lane1T1xiTRU3C19	WW	1	9	inv_hom	0101	complex	0200	24.9006579578904	3.46257227790646	0.5
chr8	8200000	10000000	fastq0023_HPNE_T1	HCJY7AFX7_MIxT1XT3_24s001577-1-1_Jeong_lane1T1xiTRU3C20	WW	1	9	inv_hom	0101	complex	0201	18.8724364164386	4.6724473523444	0.5
chr8	8200000	10000000	fastq0023_HPNE_T1	HCJY7AFX7_MIxT1XT3_24s001577-1-1_Jeong_lane1T1xiTRU3C25	WW	1	9	inv_hom	0101	complex	0201	18.7233216009063	3.66115008498843	0.5
chr8	8200000	10000000	fastq0023_HPNE_T1	HCJY7AFX7_MIxT1XT3_24s001577-1-1_Jeong_lane1T1xiTRU3C26	WW	1	9	inv_hom	0101	complex	0200	18.9344223864763	4.80180568165088	0.5
chr8	8200000	10000000	fastq0023_HPNE_T1	HCJY7AFX7_MIxT1XT3_24s001577-1-1_Jeong_lane1T1xiTRU3C27	CC	1	9	inv_hom	0101	complex	0200	18.9330308013314	4.80180567958629	0.5
chr8	8200000	10000000	fastq0023_HPNE_T1	HCJY7AFX7_MIxT1XT3_24s001577-1-1_Jeong_lane1T1xiTRU3C30	CC	1	9	inv_hom	0101	complex	0200	24.882975127507	3.46257225111073	0.5
chr8	8200000	10000000	fastq0023_HPNE_T1	HCJY7AFX7_MIxT1XT3_24s001577-1-1_Jeong_lane1T1xiTRU3C31	CC	1	9	inv_hom	0101	complex	0200	18.92302213233	4.8018056648337	0.5
chr8	8200000	10000000	fastq0023_HPNE_T1	HCJY7AFX7_MIxT1XT3_24s001577-1-1_Jeong_lane1T1xiTRU3C33	CC	1	9	inv_hom	0101	complex	0200	18.9419771291383	4.8018056926486	0.5
chr8	8200000	10000000	fastq0023_HPNE_T1	HCJY7AFX7_MIxT1XT3_24s001577-1-1_Jeong_lane1T1xiTRU3C55	CC	1	9	inv_hom	0101	complex	0200	18.9285538110509	4.80180567300554	0.5
chr8	8200000	10000000	fastq0023_HPNE_T1	HCJY7AFX7_MIxT1XT3_24s001577-1-1_Jeong_lane1T1xiTRU3C61	WW	1	9	inv_hom	0101	complex	0201	18.8401874796262	4.2982072468404	0.5
chr8	8200000	10000000	fastq0023_HPNE_T1	HCJY7AFX7_MIxT1XT3_24s001577-1-1_Jeong_lane1T1xiTRU3C75	CC	1	9	inv_hom	0101	complex	0200	18.942062247047	4.80180569277232	0.5
chr8	8200000	10000000	fastq0023_HPNE_T1	HCJY7AFX7_MIxT1XT3_24s001577-1-1_Jeong_lane1T1xiTRU3C81	CC	1	9	inv_hom	0101	complex	0200	24.9134245062875	3.46257229695989	0.5
chr8	8200000	10000000	fastq0023_HPNE_T1	HCJY7AFX7_MIxT1XT3_24s001577-1-1_Jeong_lane1T1xiTRU3C84	WW	1	9	inv_hom	0101	complex	0200	18.9415379370345	4.80180569201007	0.5
chr8	8200000	10000000	fastq0023_HPNE_T1	HCJY7AFX7_MIxT1XT3_24s001577-1-1_Jeong_lane1T1xiTRU3C85	WW	1	9	inv_h1	0110	complex	1100	18.336351425472	0.587858181986441	0.03125
chr8	8200000	10000000	fastq0023_HPNE_T1	HCJY7AFX7_MIxT1XT3_24s001577-1-1_Jeong_lane1T1xiTRU3C87	CC	1	9	inv_hom	0101	complex	0002	24.9378406947978	3.46295272048322	0.5
chr8	8200000	10000000	fastq0023_HPNE_T1	HCJY7AFX7_MIxT1XT3_24s001577-1-1_Jeong_lane1T1xiTRU3C91	WW	1	9	inv_hom	0101	complex	0200	18.9272623379642	4.80180567110171	0.5
chr8	10000000	12000000	fastq0023_HPNE_T1	HCJY7AFX7_MIxT1XT3_24s001577-1-1_Jeong_lane1T1xiTRU3C18	CC	1	10	inv_hom	0101	complex	0201	19.4524304197471	4.47394067290741	0.5
chr8	10000000	12000000	fastq0023_HPNE_T1	HCJY7AFX7_MIxT1XT3_24s001577-1-1_Jeong_lane1T1xiTRU3C19	WW	1	10	inv_hom	0101	complex	0002	31.4756019105463	2.08003491358494	0.5
chr8	10000000	12000000	fastq0023_HPNE_T1	HCJY7AFX7_MIxT1XT3_24s001577-1-1_Jeong_lane1T1xiTRU3C20	WW	1	10	inv_hom	0101	complex	0300	22.3124203782038	3.04598563876515	0.5
chr8	10000000	12000000	fastq0023_HPNE_T1	HCJY7AFX7_MIxT1XT3_24s001577-1-1_Jeong_lane1T1xiTRU3C25	WW	1	10	inv_hom	0101	complex	0200	19.5136488204819	4.75843459905215	0.5
chr8	10000000	12000000	fastq0023_HPNE_T1	HCJY7AFX7_MIxT1XT3_24s001577-1-1_Jeong_lane1T1xiTRU3C26	WW	1	10	inv_hom	0101	complex	0201	31.3961204181217	4.24169727390034	0.5
chr8	10000000	12000000	fastq0023_HPNE_T1	HCJY7AFX7_MIxT1XT3_24s001577-1-1_Jeong_lane1T1xiTRU3C27	CC	1	10	inv_hom	0101	complex	0200	19.5239358617828	4.75843461406512	0.5
chr8	10000000	12000000	fastq0023_HPNE_T1	HCJY7AFX7_MIxT1XT3_24s001577-1-1_Jeong_lane1T1xiTRU3C30	CC	1	10	inv_hom	0101	complex	0200	19.5196369905277	4.75843460781016	0.5
chr8	10000000	12000000	fastq0023_HPNE_T1	HCJY7AFX7_MIxT1XT3_24s001577-1-1_Jeong_lane1T1xiTRU3C31	CC	1	10	inv_hom	0101	complex	0200	19.5187241245529	4.75843460647838	0.5
chr8	10000000	12000000	fastq0023_HPNE_T1	HCJY7AFX7_MIxT1XT3_24s001577-1-1_Jeong_lane1T1xiTRU3C33	CC	1	10	inv_hom	0101	complex	0200	19.5252429393208	4.75843461596165	0.5
chr8	10000000	12000000	fastq0023_HPNE_T1	HCJY7AFX7_MIxT1XT3_24s001577-1-1_Jeong_lane1T1xiTRU3C55	CC	1	10	inv_hom	0101	complex	0200	25.5037705247313	3.41920123078148	0.5
chr8	10000000	12000000	fastq0023_HPNE_T1	HCJY7AFX7_MIxT1XT3_24s001577-1-1_Jeong_lane1T1xiTRU3C61	WW	1	10	inv_hom	0101	complex	0201	19.405117715711	3.98059091080872	0.5
chr8	10000000	12000000	fastq0023_HPNE_T1	HCJY7AFX7_MIxT1XT3_24s001577-1-1_Jeong_lane1T1xiTRU3C75	CC	1	10	inv_hom	0101	complex	0300	25.4269300046246	2.77027003700261	0.5
chr8	10000000	12000000	fastq0023_HPNE_T1	HCJY7AFX7_MIxT1XT3_24s001577-1-1_Jeong_lane1T1xiTRU3C81	CC	1	10	inv_hom	0101	complex	0200	25.4839191070074	3.41920120133044	0.5
chr8	10000000	12000000	fastq0023_HPNE_T1	HCJY7AFX7_MIxT1XT3_24s001577-1-1_Jeong_lane1T1xiTRU3C84	WW	1	10	inv_hom	0101	complex	0200	19.5155388891344	4.75843460182212	0.5
chr8	10000000	12000000	fastq0023_HPNE_T1	HCJY7AFX7_MIxT1XT3_24s001577-1-1_Jeong_lane1T1xiTRU3C85	WW	1	10	inv_h1	0110	inv_h2	1001	13.4293888693892	0.0128264750546521	0.03125
chr8	10000000	12000000	fastq0023_HPNE_T1	HCJY7AFX7_MIxT1XT3_24s001577-1-1_Jeong_lane1T1xiTRU3C87	CC	1	10	inv_hom	0101	complex	0003	25.4286017767003	2.78036093289913	0.5
chr8	10000000	12000000	fastq0023_HPNE_T1	HCJY7AFX7_MIxT1XT3_24s001577-1-1_Jeong_lane1T1xiTRU3C91	WW	1	10	inv_hom	0101	complex	0300	25.4644723734577	3.29936181854056	0.5
chr8	12600000	13400000	fastq0023_HPNE_T1	HCJY7AFX7_MIxT1XT3_24s001577-1-1_Jeong_lane1T1xiTRU3C85	WW	1	4	inv_h1	0110	idup_h1	1110	8.75786067238282	1.49100848273138	0.03125
chr8	13400000	17600000	fastq0023_HPNE_T1	HCJY7AFX7_MIxT1XT3_24s001577-1-1_Jeong_lane1T1xiTRU3C75	CC	1	21	del_h1	0010	del_h2	1000	4.46784607469914	1.66791124676102e-05	0.03125
chr8	13400000	17600000	fastq0023_HPNE_T1	HCJY7AFX7_MIxT1XT3_24s001577-1-1_Jeong_lane1T1xiTRU3C81	CC	1	21	del_h2	1000	del_h1	0010	5.99758176305206	5.99144786799551	0.03125
chr8	13400000	17600000	fastq0023_HPNE_T1	HCJY7AFX7_MIxT1XT3_24s001577-1-1_Jeong_lane1T1xiTRU3C85	WW	1	21	inv_h1	0110	inv_h2	1001	12.4946087927967	0.000220420862069304	0.03125
chr8	20000000	23800000	fastq0023_HPNE_T1	HCJY7AFX7_MIxT1XT3_24s001577-1-1_Jeong_lane1T1xiTRU3C52	WC	1	19	inv_hom	0101	ref_hom	1010	4.09322177994351	4.09322177994351	0.03125
chr8	20000000	23800000	fastq0023_HPNE_T1	HCJY7AFX7_MIxT1XT3_24s001577-1-1_Jeong_lane1T1xiTRU3C85	WW	1	19	dup_h1	2010	dup_h2	1020	4.72683528011241	2.91794434779083	0.03125
chr8	25000000	30000000	fastq0023_HPNE_T1	HCJY7AFX7_MIxT1XT3_24s001577-1-1_Jeong_lane1T1xiTRU3C26	WC	1	25	inv_hom	0101	complex	1100	4.66065999075875	4.60516571016746	0.03125
chr8	61200000	74600000	fastq0023_HPNE_T1	HCJY7AFX7_MIxT1XT3_24s001577-1-1_Jeong_lane1T1xiTRU3C81	CC	1	67	dup_h1	2010	ref_hom	1010	4.98877485902414	4.98877485902414	0.03125
chr8	74600000	79600000	fastq0023_HPNE_T1	HCJY7AFX7_MIxT1XT3_24s001577-1-1_Jeong_lane1T1xiTRU3C33	CC	1	25	del_h1	0010	del_h2	1000	7.69214410803006	0.000253754067746748	0.09375
chr8	74600000	79600000	fastq0023_HPNE_T1	HCJY7AFX7_MIxT1XT3_24s001577-1-1_Jeong_lane1T1xiTRU3C75	CC	1	25	del_h1	0010	del_h2	1000	18.0588893493583	5.99171830117573	0.09375
chr8	74600000	79600000	fastq0023_HPNE_T1	HCJY7AFX7_MIxT1XT3_24s001577-1-1_Jeong_lane1T1xiTRU3C84	WW	1	25	del_h1	0010	del_h2	1000	7.07289681171154	5.99171830117573	0.09375
chr8	74600000	79600000	fastq0023_HPNE_T1	HCJY7AFX7_MIxT1XT3_24s001577-1-1_Jeong_lane1T1xiTRU3C87	CC	1	25	del_h2	1000	del_h1	0010	12.0325190328604	11.9826753401482	0.0625
chr8	74600000	79600000	fastq0023_HPNE_T1	HCJY7AFX7_MIxT1XT3_24s001577-1-1_Jeong_lane1T1xiTRU3C91	WW	1	25	del_h2	1000	ref_hom	1010	4.31009265282421	4.31009265282421	0.0625
chr8	86800000	93000000	fastq0023_HPNE_T1	HCJY7AFX7_MIxT1XT3_24s001577-1-1_Jeong_lane1T1xiTRU3C33	CC	1	31	del_h1	0010	ref_hom	1010	4.48760727505209	4.48760727505209	0.03125
chr8	86800000	93000000	fastq0023_HPNE_T1	HCJY7AFX7_MIxT1XT3_24s001577-1-1_Jeong_lane1T1xiTRU3C76	WW	1	31	del_h2	1000	del_h1	0010	5.49258067967371	1.95865575651766e-05	0.03125
chr8	93000000	99000000	fastq0023_HPNE_T1	HCJY7AFX7_MIxT1XT3_24s001577-1-1_Jeong_lane1T1xiTRU3C81	CC	1	30	dup_h1	2010	dup_h2	1020	7.35759716142965	0.337403661945577	0.03125
chr8	100800000	103400000	fastq0023_HPNE_T1	HCJY7AFX7_MIxT1XT3_24s001577-1-1_Jeong_lane1T1xiTRU3C81	CC	1	13	dup_h1	2010	dup_hom	2020	9.04567404020879	0.521316654973939	0.03125
chr8	103400000	108200000	fastq0023_HPNE_T1	HCJY7AFX7_MIxT1XT3_24s001577-1-1_Jeong_lane1T1xiTRU3C91	WW	1	24	del_h2	1000	del_h1	0010	5.49438942047665	2.0494217118916e-06	0.03125
chr8	108400000	116000000	fastq0023_HPNE_T1	HCJY7AFX7_MIxT1XT3_24s001577-1-1_Jeong_lane1T1xiTRU3C76	WW	1	38	del_h1	0010	del_h2	1000	17.5014198732936	1.23950447186161e-05	0.09375
chr8	108400000	116000000	fastq0023_HPNE_T1	HCJY7AFX7_MIxT1XT3_24s001577-1-1_Jeong_lane1T1xiTRU3C84	WW	1	38	del_h2	1000	del_h1	0010	6.64554212271908	5.99145215206326	0.03125
chr8	108400000	116000000	fastq0023_HPNE_T1	HCJY7AFX7_MIxT1XT3_24s001577-1-1_Jeong_lane1T1xiTRU3C87	CC	1	38	del_h1	0010	del_h2	1000	15.8407662674099	1.23950447186161e-05	0.09375
chr8	108400000	116000000	fastq0023_HPNE_T1	HCJY7AFX7_MIxT1XT3_24s001577-1-1_Jeong_lane1T1xiTRU3C91	WW	1	38	del_h1	0010	del_h2	1000	10.1475617041717	1.23950447186161e-05	0.09375
chr8	122600000	125800000	fastq0023_HPNE_T1	HCJY7AFX7_MIxT1XT3_24s001577-1-1_Jeong_lane1T1xiTRU3C81	CC	1	16	dup_h2	1020	dup_h1	2010	4.00146937347153	0.0411121178300045	0.03125
chr8	122600000	125800000	fastq0023_HPNE_T1	HCJY7AFX7_MIxT1XT3_24s001577-1-1_Jeong_lane1T1xiTRU3C90	CW	1	16	dup_h1	2010	idup_h2	1011	7.24991395667133	3.9451056853774	0.03125
chr8	128200000	129600000	fastq0023_HPNE_T1	HCJY7AFX7_MIxT1XT3_24s001577-1-1_Jeong_lane1T1xiTRU3C61	WC	1	7	del_h1	0010	inv_h1	0110	6.96496705489069	0.303537767359332	0.03125
chr8	129600000	130600000	fastq0023_HPNE_T1	HCJY7AFX7_MIxT1XT3_24s001577-1-1_Jeong_lane1T1xiTRU3C61	WC	1	5	inv_h1	0110	del_h1	0010	4.68283658638552	0.842214961017134	0.03125
chr8	130600000	132000000	fastq0023_HPNE_T1	HCJY7AFX7_MIxT1XT3_24s001577-1-1_Jeong_lane1T1xiTRU3C61	WC	1	7	del_h1	0010	inv_h1	0110	7.33097163914132	0.84882775247896	0.03125
chr8	132000000	133600000	fastq0023_HPNE_T1	HCJY7AFX7_MIxT1XT3_24s001577-1-1_Jeong_lane1T1xiTRU3C61	WC	1	8	inv_h1	0110	del_h1	0010	9.13604076777024	1.79455026840157	0.03125
chr8	132000000	133600000	fastq0023_HPNE_T1	HCJY7AFX7_MIxT1XT3_24s001577-1-1_Jeong_lane1T1xiTRU3C81	CC	1	8	dup_hom	2020	dup_h2	1020	6.21116005783115	0.648868646685866	0.03125
chr8	133600000	136200000	fastq0023_HPNE_T1	HCJY7AFX7_MIxT1XT3_24s001577-1-1_Jeong_lane1T1xiTRU3C33	CC	1	13	inv_h1	0110	inv_h2	1001	13.9743535287082	2.85848942369454	0.0625
chr8	133600000	136200000	fastq0023_HPNE_T1	HCJY7AFX7_MIxT1XT3_24s001577-1-1_Jeong_lane1T1xiTRU3C61	WC	1	13	inv_h1	0110	complex	0020	15.0962638243119	2.01829332923747	0.0625
chr8	133600000	136200000	fastq0023_HPNE_T1	HCJY7AFX7_MIxT1XT3_24s001577-1-1_Jeong_lane1T1xiTRU3C86	WC	1	13	complex	0020	complex	0030	17.3404749054458	1.08413514502388	0.03125
chr8	136200000	138200000	fastq0023_HPNE_T1	HCJY7AFX7_MIxT1XT3_24s001577-1-1_Jeong_lane1T1xiTRU3C33	CC	1	10	inv_h1	0110	complex	0011	11.7871596619889	4.19132354170606	0.09375
chr8	136200000	138200000	fastq0023_HPNE_T1	HCJY7AFX7_MIxT1XT3_24s001577-1-1_Jeong_lane1T1xiTRU3C61	WC	1	10	inv_h1	0110	del_h1	0010	9.04315887155605	0.627231193236839	0.09375
chr8	136200000	138200000	fastq0023_HPNE_T1	HCJY7AFX7_MIxT1XT3_24s001577-1-1_Jeong_lane1T1xiTRU3C86	WC	1	10	inv_h1	0110	complex	0020	15.5866060843634	0.85815563959197	0.09375
chr8	138200000	140600000	fastq0023_HPNE_T1	HCJY7AFX7_MIxT1XT3_24s001577-1-1_Jeong_lane1T1xiTRU3C33	CC	1	11	inv_h1	0110	idup_h2	1011	10.6110545937713	2.84503439914695	0.0625
chr8	138200000	140600000	fastq0023_HPNE_T1	HCJY7AFX7_MIxT1XT3_24s001577-1-1_Jeong_lane1T1xiTRU3C61	WC	1	11	inv_h1	0110	complex	0020	14.5663777949438	0.976262412821061	0.0625
chr8	138200000	140600000	fastq0023_HPNE_T1	HCJY7AFX7_MIxT1XT3_24s001577-1-1_Jeong_lane1T1xiTRU3C81	CC	1	11	dup_h1	2010	complex	3000	8.17971475500088	2.36508036089805	0.0625
chr8	138200000	140600000	fastq0023_HPNE_T1	HCJY7AFX7_MIxT1XT3_24s001577-1-1_Jeong_lane1T1xiTRU3C86	WC	1	11	complex	0030	complex	0020	20.4722426332936	2.960071912713	0.03125
chr8	138200000	140600000	fastq0023_HPNE_T1	HCJY7AFX7_MIxT1XT3_24s001577-1-1_Jeong_lane1T1xiTRU3C90	CW	1	11	dup_h1	2010	complex	3010	11.0703450938251	2.94495829281472	0.0625
chr8	140600000	141000000	fastq0023_HPNE_T1	HCJY7AFX7_MIxT1XT3_24s001577-1-1_Jeong_lane1T1xiTRU3C86	WC	1	2	inv_h1	0110	del_h1	0010	4.74739704783466	0.156927617080665	0.03125
chr9	600000	2600000	fastq0023_HPNE_T1	HCJY7AFX7_MIxT1XT3_24s001577-1-1_Jeong_lane1T1xiTRU3C33	CC	1	10	idup_h2	1011	idup_h1	1110	7.81371498541592	0.223020782378009	0.03125
chr9	2600000	6600000	fastq0023_HPNE_T1	HCJY7AFX7_MIxT1XT3_24s001577-1-1_Jeong_lane1T1xiTRU3C33	CC	1	20	inv_h2	1001	complex	1100	12.9445429090739	1.54863424037928	0.03125
chr9	8800000	13600000	fastq0023_HPNE_T1	HCJY7AFX7_MIxT1XT3_24s001577-1-1_Jeong_lane1T1xiTRU3C69	CC	1	24	del_h2	1000	del_h1	0010	7.96863402430137	7.23097800667816e-05	0.0625
chr9	8800000	13600000	fastq0023_HPNE_T1	HCJY7AFX7_MIxT1XT3_24s001577-1-1_Jeong_lane1T1xiTRU3C75	CC	1	24	del_h2	1000	del_h1	0010	7.13708590788848	5.99153685688805	0.0625
chr9	27800000	32400000	fastq0023_HPNE_T1	HCJY7AFX7_MIxT1XT3_24s001577-1-1_Jeong_lane1T1xiTRU3C75	CC	1	23	del_h1	0010	del_h2	1000	8.02020114465719	5.99117767869156	0.0625
chr9	27800000	32400000	fastq0023_HPNE_T1	HCJY7AFX7_MIxT1XT3_24s001577-1-1_Jeong_lane1T1xiTRU3C81	CC	1	23	del_h2	1000	del_h1	0010	5.73113207982313	0.000286868416423669	0.03125
chr9	27800000	32400000	fastq0023_HPNE_T1	HCJY7AFX7_MIxT1XT3_24s001577-1-1_Jeong_lane1T1xiTRU3C91	WW	1	23	del_h1	0010	ref_hom	1010	4.69399385874137	4.69399385874137	0.0625
chr9	32400000	33800000	fastq0023_HPNE_T1	HCJY7AFX7_MIxT1XT3_24s001577-1-1_Jeong_lane1T1xiTRU3C87	WC	1	7	complex	3000	complex	2000	14.3751872545318	1.23294671153697	0.03125
chr9	69600000	71800000	fastq0023_HPNE_T1	HCJY7AFX7_MIxT1XT3_24s001577-1-1_Jeong_lane1T1xiTRU3C17	CW	1	11	del_h2	1000	inv_h2	1001	14.0343137616435	3.9680349800552	0.0625
chr9	69600000	71800000	fastq0023_HPNE_T1	HCJY7AFX7_MIxT1XT3_24s001577-1-1_Jeong_lane1T1xiTRU3C19	WC	1	11	del_h2	1000	inv_h2	1001	13.2287860011124	3.44704108701917	0.0625
chr9	69600000	71800000	fastq0023_HPNE_T1	HCJY7AFX7_MIxT1XT3_24s001577-1-1_Jeong_lane1T1xiTRU3C27	CC	1	11	inv_h1	0110	complex	1100	12.5321513930381	3.53097450561241	0.03125
chr9	69600000	71800000	fastq0023_HPNE_T1	HCJY7AFX7_MIxT1XT3_24s001577-1-1_Jeong_lane1T1xiTRU3C75	CC	1	11	inv_h2	1001	inv_h1	0110	9.44442316544992	0.435530315467921	0.03125
chr9	69600000	71800000	fastq0023_HPNE_T1	HCJY7AFX7_MIxT1XT3_24s001577-1-1_Jeong_lane1T1xiTRU3C83	CW	1	11	del_h1	0010	inv_h1	0110	17.0237548907349	2.17247033357	0.03125
chr9	71800000	72600000	fastq0023_HPNE_T1	HCJY7AFX7_MIxT1XT3_24s001577-1-1_Jeong_lane1T1xiTRU3C75	CC	1	4	inv_h2	1001	inv_h1	0110	7.6112759755158	0.38130082426554	0.03125
chr9	71800000	72600000	fastq0023_HPNE_T1	HCJY7AFX7_MIxT1XT3_24s001577-1-1_Jeong_lane1T1xiTRU3C83	CW	1	4	del_h1	0010	inv_h1	0110	5.73086273812787	1.24510736509934	0.03125
chr9	72600000	74600000	fastq0023_HPNE_T1	HCJY7AFX7_MIxT1XT3_24s001577-1-1_Jeong_lane1T1xiTRU3C17	CW	1	10	del_h2	1000	inv_h2	1001	14.5502075067655	7.94702224148905	0.0625
chr9	72600000	74600000	fastq0023_HPNE_T1	HCJY7AFX7_MIxT1XT3_24s001577-1-1_Jeong_lane1T1xiTRU3C19	WC	1	10	del_h2	1000	inv_h2	1001	12.3378862475737	1.73717482741006	0.0625
chr9	72600000	74600000	fastq0023_HPNE_T1	HCJY7AFX7_MIxT1XT3_24s001577-1-1_Jeong_lane1T1xiTRU3C27	CC	1	10	inv_h2	1001	inv_h1	0110	12.2153930275595	1.52843724743901	0.0625
chr9	72600000	74600000	fastq0023_HPNE_T1	HCJY7AFX7_MIxT1XT3_24s001577-1-1_Jeong_lane1T1xiTRU3C75	CC	1	10	inv_h2	1001	inv_h1	0110	14.36269346619	1.52843724743901	0.0625
chr9	72600000	74600000	fastq0023_HPNE_T1	HCJY7AFX7_MIxT1XT3_24s001577-1-1_Jeong_lane1T1xiTRU3C83	CW	1	10	del_h1	0010	inv_h1	0110	16.8183651058177	5.69158278651079	0.03125
chr9	74600000	75200000	fastq0023_HPNE_T1	HCJY7AFX7_MIxT1XT3_24s001577-1-1_Jeong_lane1T1xiTRU3C75	CC	1	3	inv_h2	1001	inv_h1	0110	5.54221104380555	0.323417204999819	0.03125
chr9	74600000	75200000	fastq0023_HPNE_T1	HCJY7AFX7_MIxT1XT3_24s001577-1-1_Jeong_lane1T1xiTRU3C83	CW	1	3	del_h1	0010	inv_h1	0110	4.17578791954576	1.66009482838122	0.03125
chr9	75200000	77200000	fastq0023_HPNE_T1	HCJY7AFX7_MIxT1XT3_24s001577-1-1_Jeong_lane1T1xiTRU3C19	WC	1	10	del_h2	1000	inv_h2	1001	11.0524890269582	0.725364395903459	0.03125
chr9	75200000	77200000	fastq0023_HPNE_T1	HCJY7AFX7_MIxT1XT3_24s001577-1-1_Jeong_lane1T1xiTRU3C27	CC	1	10	inv_h2	1001	inv_h1	0110	11.7808077090109	0.689037718405135	0.0625
chr9	75200000	77200000	fastq0023_HPNE_T1	HCJY7AFX7_MIxT1XT3_24s001577-1-1_Jeong_lane1T1xiTRU3C75	CC	1	10	inv_h2	1001	inv_h1	0110	15.1465766917184	0.689037718405135	0.0625
chr9	75200000	77200000	fastq0023_HPNE_T1	HCJY7AFX7_MIxT1XT3_24s001577-1-1_Jeong_lane1T1xiTRU3C83	CW	1	10	del_h1	0010	inv_h1	0110	10.6021673423032	0.34615145915408	0.03125
chr9	77200000	83800000	fastq0023_HPNE_T1	HCJY7AFX7_MIxT1XT3_24s001577-1-1_Jeong_lane1T1xiTRU3C19	WC	1	33	inv_h2	1001	complex	2000	16.1703708499573	3.42946072312609	0.0625
chr9	77200000	83800000	fastq0023_HPNE_T1	HCJY7AFX7_MIxT1XT3_24s001577-1-1_Jeong_lane1T1xiTRU3C27	CC	1	33	inv_h2	1001	inv_h1	0110	15.4916319457115	0.215880055772398	0.0625
chr9	77200000	83800000	fastq0023_HPNE_T1	HCJY7AFX7_MIxT1XT3_24s001577-1-1_Jeong_lane1T1xiTRU3C75	CC	1	33	inv_h1	0110	complex	1100	21.2672438814271	8.93548545918402	0.03125
chr9	83800000	87400000	fastq0023_HPNE_T1	HCJY7AFX7_MIxT1XT3_24s001577-1-1_Jeong_lane1T1xiTRU3C19	WC	1	18	inv_h2	1001	complex	2000	16.0347047021772	3.07670189896611	0.0625
chr9	83800000	87400000	fastq0023_HPNE_T1	HCJY7AFX7_MIxT1XT3_24s001577-1-1_Jeong_lane1T1xiTRU3C27	CC	1	18	inv_h1	0110	complex	1100	19.268160088502	2.12235939185687	0.03125
chr9	83800000	87400000	fastq0023_HPNE_T1	HCJY7AFX7_MIxT1XT3_24s001577-1-1_Jeong_lane1T1xiTRU3C75	CC	1	18	inv_h2	1001	inv_h1	0110	15.449721019454	1.34155745935263	0.0625
chr9	87600000	90200000	fastq0023_HPNE_T1	HCJY7AFX7_MIxT1XT3_24s001577-1-1_Jeong_lane1T1xiTRU3C19	WC	1	13	inv_h2	1001	complex	2000	15.7655760657791	1.30393523910256	0.0625
chr9	87600000	90200000	fastq0023_HPNE_T1	HCJY7AFX7_MIxT1XT3_24s001577-1-1_Jeong_lane1T1xiTRU3C22	WW	1	13	idup_h2	1011	idup_h1	1110	5.03232507189483	0.519298051976791	0.0625
chr9	87600000	90200000	fastq0023_HPNE_T1	HCJY7AFX7_MIxT1XT3_24s001577-1-1_Jeong_lane1T1xiTRU3C27	CC	1	13	inv_h2	1001	idup_h2	1011	6.97156613752869	0.701415403228713	0.0625
chr9	87600000	90200000	fastq0023_HPNE_T1	HCJY7AFX7_MIxT1XT3_24s001577-1-1_Jeong_lane1T1xiTRU3C75	CC	1	13	idup_h2	1011	inv_h1	0110	12.1585432892706	0.0110321810868328	0.0625
chr9	87600000	90200000	fastq0023_HPNE_T1	HCJY7AFX7_MIxT1XT3_24s001577-1-1_Jeong_lane1T1xiTRU3C91	WW	1	13	dup_h2	1020	dup_h1	2010	4.03467247691135	0.598669693613052	0.03125
chr9	90200000	91400000	fastq0023_HPNE_T1	HCJY7AFX7_MIxT1XT3_24s001577-1-1_Jeong_lane1T1xiTRU3C19	WC	1	6	inv_h2	1001	del_h2	1000	6.32309077041703	0.763788845152218	0.09375
chr9	90200000	91400000	fastq0023_HPNE_T1	HCJY7AFX7_MIxT1XT3_24s001577-1-1_Jeong_lane1T1xiTRU3C27	CC	1	6	inv_h2	1001	inv_h1	0110	4.39636428981145	1.76495924322632	0.09375
chr9	90200000	91400000	fastq0023_HPNE_T1	HCJY7AFX7_MIxT1XT3_24s001577-1-1_Jeong_lane1T1xiTRU3C75	CC	1	6	inv_h2	1001	inv_h1	0110	6.15172989268177	1.76495924322632	0.09375
chr9	91400000	99400000	fastq0023_HPNE_T1	HCJY7AFX7_MIxT1XT3_24s001577-1-1_Jeong_lane1T1xiTRU3C19	WC	1	40	inv_h2	1001	complex	2000	15.0837751544481	2.44629946170688	0.0625
chr9	91400000	99400000	fastq0023_HPNE_T1	HCJY7AFX7_MIxT1XT3_24s001577-1-1_Jeong_lane1T1xiTRU3C22	WW	1	40	del_h1	0010	del_h2	1000	10.736138483771	5.99146447036841	0.03125
chr9	91400000	99400000	fastq0023_HPNE_T1	HCJY7AFX7_MIxT1XT3_24s001577-1-1_Jeong_lane1T1xiTRU3C27	CC	1	40	inv_h2	1001	complex	0011	20.3913743572867	2.15147080572278	0.0625
chr9	99400000	102000000	fastq0023_HPNE_T1	HCJY7AFX7_MIxT1XT3_24s001577-1-1_Jeong_lane1T1xiTRU3C19	WC	1	13	inv_h2	1001	del_h2	1000	14.8929203157254	0.2726091471453	0.0625
chr9	99400000	102000000	fastq0023_HPNE_T1	HCJY7AFX7_MIxT1XT3_24s001577-1-1_Jeong_lane1T1xiTRU3C27	CC	1	13	inv_h2	1001	inv_h1	0110	12.7086115361505	2.0779585442829	0.0625
chr9	102000000	104200000	fastq0023_HPNE_T1	HCJY7AFX7_MIxT1XT3_24s001577-1-1_Jeong_lane1T1xiTRU3C19	WC	1	11	del_h2	1000	inv_h2	1001	14.4615420710778	4.95322983972384	0.21875
chr9	102000000	104200000	fastq0023_HPNE_T1	HCJY7AFX7_MIxT1XT3_24s001577-1-1_Jeong_lane1T1xiTRU3C22	WW	1	11	del_h2	1000	ref_hom	1010	5.19844545668568	5.19844545668568	0.21875
chr9	102000000	104200000	fastq0023_HPNE_T1	HCJY7AFX7_MIxT1XT3_24s001577-1-1_Jeong_lane1T1xiTRU3C33	CC	1	11	del_h2	1000	del_h1	0010	5.28523018711621	0.0825426997514576	0.21875
chr9	102000000	104200000	fastq0023_HPNE_T1	HCJY7AFX7_MIxT1XT3_24s001577-1-1_Jeong_lane1T1xiTRU3C75	CC	1	11	del_h2	1000	del_h1	0010	6.67424444326049	0.082542699751458	0.21875
chr9	102000000	104200000	fastq0023_HPNE_T1	HCJY7AFX7_MIxT1XT3_24s001577-1-1_Jeong_lane1T1xiTRU3C85	WW	1	11	del_h2	1000	del_h1	0010	4.31968610648599	0.0825426997514573	0.21875
chr9	102000000	104200000	fastq0023_HPNE_T1	HCJY7AFX7_MIxT1XT3_24s001577-1-1_Jeong_lane1T1xiTRU3C87	WW	1	11	del_h2	1000	ref_hom	1010	6.04827527456045	6.04827527456045	0.21875
chr9	102000000	104200000	fastq0023_HPNE_T1	HCJY7AFX7_MIxT1XT3_24s001577-1-1_Jeong_lane1T1xiTRU3C91	WW	1	11	del_h2	1000	del_h1	0010	7.7193241848028	0.082542699751458	0.21875
chr9	104200000	106800000	fastq0023_HPNE_T1	HCJY7AFX7_MIxT1XT3_24s001577-1-1_Jeong_lane1T1xiTRU3C19	WC	1	13	del_h2	1000	inv_h2	1001	15.0622752884905	3.59489211831855	0.03125
chr9	106800000	110400000	fastq0023_HPNE_T1	HCJY7AFX7_MIxT1XT3_24s001577-1-1_Jeong_lane1T1xiTRU3C19	WC	1	18	inv_h2	1001	del_h2	1000	15.721051035004	0.28819738765799	0.03125
chr9	106800000	110400000	fastq0023_HPNE_T1	HCJY7AFX7_MIxT1XT3_24s001577-1-1_Jeong_lane1T1xiTRU3C22	WW	1	18	del_h2	1000	ref_hom	1010	4.11388256965399	4.11388256965399	0.03125
chr9	111400000	114800000	fastq0023_HPNE_T1	HCJY7AFX7_MIxT1XT3_24s001577-1-1_Jeong_lane1T1xiTRU3C19	WC	1	17	inv_h2	1001	complex	2000	15.6774359507334	2.38800177584047	0.03125
chr9	114800000	119400000	fastq0023_HPNE_T1	HCJY7AFX7_MIxT1XT3_24s001577-1-1_Jeong_lane1T1xiTRU3C19	WC	1	23	inv_h2	1001	del_h2	1000	15.2609825202935	0.122577512050259	0.03125
chr9	114800000	119400000	fastq0023_HPNE_T1	HCJY7AFX7_MIxT1XT3_24s001577-1-1_Jeong_lane1T1xiTRU3C22	WW	1	23	del_h2	1000	del_h1	0010	4.05950051329768	0.00465296726625208	0.03125
chr9	119400000	122800000	fastq0023_HPNE_T1	HCJY7AFX7_MIxT1XT3_24s001577-1-1_Jeong_lane1T1xiTRU3C19	WC	1	16	inv_h2	1001	del_h2	1000	15.9680618612302	2.44991214200943	0.03125
chr9	123200000	126400000	fastq0023_HPNE_T1	HCJY7AFX7_MIxT1XT3_24s001577-1-1_Jeong_lane1T1xiTRU3C19	WC	1	16	inv_h2	1001	complex	2000	15.9534124225542	1.36809055377293	0.03125
chr9	123200000	126400000	fastq0023_HPNE_T1	HCJY7AFX7_MIxT1XT3_24s001577-1-1_Jeong_lane1T1xiTRU3C69	CW	1	16	complex	0020	complex	0030	17.3342167277558	0.787047156134822	0.03125
chr9	126400000	129000000	fastq0023_HPNE_T1	HCJY7AFX7_MIxT1XT3_24s001577-1-1_Jeong_lane1T1xiTRU3C19	WC	1	13	inv_h2	1001	complex	0003	21.9577196689528	2.50401855842365	0.03125
chr9	126400000	129000000	fastq0023_HPNE_T1	HCJY7AFX7_MIxT1XT3_24s001577-1-1_Jeong_lane1T1xiTRU3C25	WC	1	13	complex	3000	complex	2000	14.7949853800533	1.20461346881194	0.0625
chr9	126400000	129000000	fastq0023_HPNE_T1	HCJY7AFX7_MIxT1XT3_24s001577-1-1_Jeong_lane1T1xiTRU3C69	CW	1	13	complex	0030	complex	0020	16.8774051052465	2.70122950141757	0.0625
chr9	126400000	129000000	fastq0023_HPNE_T1	HCJY7AFX7_MIxT1XT3_24s001577-1-1_Jeong_lane1T1xiTRU3C75	CC	1	13	dup_h1	2010	dup_h2	1020	7.92444524420401	0.734647409640536	0.09375
chr9	126400000	129000000	fastq0023_HPNE_T1	HCJY7AFX7_MIxT1XT3_24s001577-1-1_Jeong_lane1T1xiTRU3C81	CC	1	13	dup_h1	2010	dup_h2	1020	4.24988259745065	0.0415002290805893	0.09375
chr9	126400000	129000000	fastq0023_HPNE_T1	HCJY7AFX7_MIxT1XT3_24s001577-1-1_Jeong_lane1T1xiTRU3C85	WW	1	13	dup_h1	2010	dup_h2	1020	4.53614041595662	1.42779459020048	0.09375
chr9	126400000	129000000	fastq0023_HPNE_T1	HCJY7AFX7_MIxT1XT3_24s001577-1-1_Jeong_lane1T1xiTRU3C87	WW	1	13	dup_h2	1020	dup_h1	2010	6.76823487117499	1.3447941320393	0.09375
chr9	126400000	129000000	fastq0023_HPNE_T1	HCJY7AFX7_MIxT1XT3_24s001577-1-1_Jeong_lane1T1xiTRU3C89	WW	1	13	dup_h2	1020	dup_h1	2010	4.88452246112191	2.73108849315919	0.09375
chr9	126400000	129000000	fastq0023_HPNE_T1	HCJY7AFX7_MIxT1XT3_24s001577-1-1_Jeong_lane1T1xiTRU3C90	WW	1	13	dup_h2	1020	dup_h1	2010	4.51414247511807	1.3447941320393	0.09375
chr9	126400000	129000000	fastq0023_HPNE_T1	HCJY7AFX7_MIxT1XT3_24s001577-1-1_Jeong_lane1T1xiTRU3C95	CW	1	13	dup_hom	2020	dup_h1	2010	5.03164262556035	1.42822622801872	0.03125
chr9	129200000	130200000	fastq0023_HPNE_T1	HCJY7AFX7_MIxT1XT3_24s001577-1-1_Jeong_lane1T1xiTRU3C19	WC	1	5	complex	0003	inv_h2	1001	17.9103098798475	0.171765815633169	0.09375
chr9	129200000	130200000	fastq0023_HPNE_T1	HCJY7AFX7_MIxT1XT3_24s001577-1-1_Jeong_lane1T1xiTRU3C25	WC	1	5	complex	3000	complex	4000	8.23020002839548	0.910308433943411	0.09375
chr9	129200000	130200000	fastq0023_HPNE_T1	HCJY7AFX7_MIxT1XT3_24s001577-1-1_Jeong_lane1T1xiTRU3C69	CW	1	5	complex	0030	complex	0040	10.8780222050955	0.754260426107968	0.09375
chr9	130200000	131200000	fastq0023_HPNE_T1	HCJY7AFX7_MIxT1XT3_24s001577-1-1_Jeong_lane1T1xiTRU3C19	WC	1	5	inv_h2	1001	complex	3000	6.85513989255283	0.0948639663141515	0.0625
chr9	130200000	131200000	fastq0023_HPNE_T1	HCJY7AFX7_MIxT1XT3_24s001577-1-1_Jeong_lane1T1xiTRU3C25	WC	1	5	inv_h2	1001	del_h2	1000	5.5125108889767	0.7352039522379	0.0625
chr9	130200000	131200000	fastq0023_HPNE_T1	HCJY7AFX7_MIxT1XT3_24s001577-1-1_Jeong_lane1T1xiTRU3C69	CW	1	5	complex	0030	complex	0040	10.4817124509214	0.380115869228034	0.03125
chr9	131600000	133200000	fastq0023_HPNE_T1	HCJY7AFX7_MIxT1XT3_24s001577-1-1_Jeong_lane1T1xiTRU3C19	WC	1	8	inv_h2	1001	del_h2	1000	10.5489344468143	2.04900873741337	0.0625
chr9	131600000	133200000	fastq0023_HPNE_T1	HCJY7AFX7_MIxT1XT3_24s001577-1-1_Jeong_lane1T1xiTRU3C25	WC	1	8	inv_h2	1001	complex	3000	11.6676499777993	0.938804597769172	0.0625
chr9	131600000	133200000	fastq0023_HPNE_T1	HCJY7AFX7_MIxT1XT3_24s001577-1-1_Jeong_lane1T1xiTRU3C69	CW	1	8	complex	0030	complex	0040	17.3746998138686	1.4926593009848	0.03125
chr9	131600000	133200000	fastq0023_HPNE_T1	HCJY7AFX7_MIxT1XT3_24s001577-1-1_Jeong_lane1T1xiTRU3C76	WC	1	8	dup_h1	2010	dup_hom	2020	5.7996827508183	0.850551106126908	0.03125
chr9	133200000	138394717	fastq0023_HPNE_T1	HCJY7AFX7_MIxT1XT3_24s001577-1-1_Jeong_lane1T1xiTRU3C19	WC	1	21	complex	3000	inv_h2	1001	15.1002891175046	0.120512791016031	0.09375
chr9	133200000	138394717	fastq0023_HPNE_T1	HCJY7AFX7_MIxT1XT3_24s001577-1-1_Jeong_lane1T1xiTRU3C25	WC	1	21	inv_h2	1001	complex	3000	15.0297013173227	0.290235286096086	0.03125
chr9	133200000	138394717	fastq0023_HPNE_T1	HCJY7AFX7_MIxT1XT3_24s001577-1-1_Jeong_lane1T1xiTRU3C69	CW	1	21	complex	0030	complex	0040	15.7782758064153	1.69005245976644	0.09375
chr9	133200000	138394717	fastq0023_HPNE_T1	HCJY7AFX7_MIxT1XT3_24s001577-1-1_Jeong_lane1T1xiTRU3C75	CC	1	21	dup_h1	2010	dup_h2	1020	10.9281056328677	0.029068303907029	0.1875
chr9	133200000	138394717	fastq0023_HPNE_T1	HCJY7AFX7_MIxT1XT3_24s001577-1-1_Jeong_lane1T1xiTRU3C76	WC	1	21	dup_hom	2020	complex	1021	16.502172747891	4.97624646714249	0.0625
chr9	133200000	138394717	fastq0023_HPNE_T1	HCJY7AFX7_MIxT1XT3_24s001577-1-1_Jeong_lane1T1xiTRU3C81	CC	1	21	dup_h1	2010	dup_h2	1020	7.27650939215792	0.029068303907029	0.1875
chr9	133200000	138394717	fastq0023_HPNE_T1	HCJY7AFX7_MIxT1XT3_24s001577-1-1_Jeong_lane1T1xiTRU3C84	WW	1	21	dup_h1	2010	dup_h2	1020	5.27215932663214	0.029068303907029	0.1875
chr9	133200000	138394717	fastq0023_HPNE_T1	HCJY7AFX7_MIxT1XT3_24s001577-1-1_Jeong_lane1T1xiTRU3C86	CC	1	21	complex	2110	complex	1021	14.7051989802228	0	0.09375
chr9	133200000	138394717	fastq0023_HPNE_T1	HCJY7AFX7_MIxT1XT3_24s001577-1-1_Jeong_lane1T1xiTRU3C87	WW	1	21	dup_h1	2010	dup_h2	1020	12.8946039596509	0.029068303907029	0.1875
chr9	133200000	138394717	fastq0023_HPNE_T1	HCJY7AFX7_MIxT1XT3_24s001577-1-1_Jeong_lane1T1xiTRU3C89	WW	1	21	dup_h1	2010	dup_h2	1020	4.24433800720572	0.029068303907029	0.1875
chr9	133200000	138394717	fastq0023_HPNE_T1	HCJY7AFX7_MIxT1XT3_24s001577-1-1_Jeong_lane1T1xiTRU3C90	WW	1	21	dup_h1	2010	dup_h2	1020	7.74532921840748	0.0290683039070294	0.1875
chr9	133200000	138394717	fastq0023_HPNE_T1	HCJY7AFX7_MIxT1XT3_24s001577-1-1_Jeong_lane1T1xiTRU3C91	CW	1	21	dup_hom	2020	dup_h2	1020	8.3176451559003	3.1532848868415	0.0625
chrX	0	1000000	fastq0023_HPNE_T1	HCJY7AFX7_MIxT1XT3_24s001577-1-1_Jeong_lane1T1xiTRU3C27	CC	1	4	inv_hom	0101	complex	0003	14.4969678531979	3.60377103102003	0.03125
chrX	0	1000000	fastq0023_HPNE_T1	HCJY7AFX7_MIxT1XT3_24s001577-1-1_Jeong_lane1T1xiTRU3C76	CC	1	4	inv_h1	0110	inv_h2	1001	7.37189518167212	0	0.09375
chrX	0	1000000	fastq0023_HPNE_T1	HCJY7AFX7_MIxT1XT3_24s001577-1-1_Jeong_lane1T1xiTRU3C84	WW	1	4	idup_h1	1110	idup_h2	1011	4.47748640356439	0	0.03125
chrX	0	1000000	fastq0023_HPNE_T1	HCJY7AFX7_MIxT1XT3_24s001577-1-1_Jeong_lane1T1xiTRU3C85	WW	1	4	inv_h1	0110	inv_h2	1001	5.69499141982902	0	0.09375
chrX	0	1000000	fastq0023_HPNE_T1	HCJY7AFX7_MIxT1XT3_24s001577-1-1_Jeong_lane1T1xiTRU3C87	WW	1	4	inv_h2	1001	inv_h1	0110	13.1254061904874	0	0.0625
chrX	0	1000000	fastq0023_HPNE_T1	HCJY7AFX7_MIxT1XT3_24s001577-1-1_Jeong_lane1T1xiTRU3C90	CC	1	4	inv_h1	0110	inv_h2	1001	4.91578345719292	0	0.09375
chrX	0	1000000	fastq0023_HPNE_T1	HCJY7AFX7_MIxT1XT3_24s001577-1-1_Jeong_lane1T1xiTRU3C95	CC	1	4	inv_h2	1001	inv_h1	0110	4.17084574837227	0	0.0625
chrX	1000000	1200000	fastq0023_HPNE_T1	HCJY7AFX7_MIxT1XT3_24s001577-1-1_Jeong_lane1T1xiTRU3C27	CC	1	1	inv_hom	0101	inv_h1	0110	4.36930073931706	1.76614672156417	0.03125
chrX	1200000	2800000	fastq0023_HPNE_T1	HCJY7AFX7_MIxT1XT3_24s001577-1-1_Jeong_lane1T1xiTRU3C17	CC	1	7	inv_h1	0110	inv_h2	1001	4.33594326619423	0	0.1875
chrX	1200000	2800000	fastq0023_HPNE_T1	HCJY7AFX7_MIxT1XT3_24s001577-1-1_Jeong_lane1T1xiTRU3C22	WW	1	7	inv_h1	0110	inv_h2	1001	5.4921174837548	0	0.1875
chrX	1200000	2800000	fastq0023_HPNE_T1	HCJY7AFX7_MIxT1XT3_24s001577-1-1_Jeong_lane1T1xiTRU3C25	WW	1	7	inv_h2	1001	inv_h1	0110	4.25173499940074	0	0.09375
chrX	1200000	2800000	fastq0023_HPNE_T1	HCJY7AFX7_MIxT1XT3_24s001577-1-1_Jeong_lane1T1xiTRU3C27	CC	1	7	inv_hom	0101	complex	0002	15.495889288474	4.60516872261548	0.03125
chrX	1200000	2800000	fastq0023_HPNE_T1	HCJY7AFX7_MIxT1XT3_24s001577-1-1_Jeong_lane1T1xiTRU3C69	CC	1	7	inv_h1	0110	inv_h2	1001	4.1297267276105	0	0.1875
chrX	1200000	2800000	fastq0023_HPNE_T1	HCJY7AFX7_MIxT1XT3_24s001577-1-1_Jeong_lane1T1xiTRU3C76	CC	1	7	inv_h1	0110	inv_h2	1001	10.3735870196571	0	0.1875
chrX	1200000	2800000	fastq0023_HPNE_T1	HCJY7AFX7_MIxT1XT3_24s001577-1-1_Jeong_lane1T1xiTRU3C85	WW	1	7	inv_h1	0110	inv_h2	1001	12.4981494814377	0	0.1875
chrX	1200000	2800000	fastq0023_HPNE_T1	HCJY7AFX7_MIxT1XT3_24s001577-1-1_Jeong_lane1T1xiTRU3C87	WW	1	7	inv_h1	0110	inv_h2	1001	15.2170148238883	0	0.1875
chrX	1200000	2800000	fastq0023_HPNE_T1	HCJY7AFX7_MIxT1XT3_24s001577-1-1_Jeong_lane1T1xiTRU3C90	CC	1	7	inv_h2	1001	inv_h1	0110	12.3336767896672	0	0.09375
chrX	1200000	2800000	fastq0023_HPNE_T1	HCJY7AFX7_MIxT1XT3_24s001577-1-1_Jeong_lane1T1xiTRU3C95	CC	1	7	inv_h2	1001	inv_h1	0110	7.31301477826873	0	0.09375
chrX	2800000	12200000	fastq0023_HPNE_T1	HCJY7AFX7_MIxT1XT3_24s001577-1-1_Jeong_lane1T1xiTRU3C15	WW	1	46	del_h2	1000	del_h1	0010	10.3258608071955	0	0.53125
chrX	2800000	12200000	fastq0023_HPNE_T1	HCJY7AFX7_MIxT1XT3_24s001577-1-1_Jeong_lane1T1xiTRU3C16	CC	1	46	del_h1	0010	del_h2	1000	11.0531910607009	0	0.40625
chrX	2800000	12200000	fastq0023_HPNE_T1	HCJY7AFX7_MIxT1XT3_24s001577-1-1_Jeong_lane1T1xiTRU3C17	CC	1	46	del_h1	0010	del_h2	1000	15.9770669832946	0	0.40625
chrX	2800000	12200000	fastq0023_HPNE_T1	HCJY7AFX7_MIxT1XT3_24s001577-1-1_Jeong_lane1T1xiTRU3C18	CC	1	46	del_h2	1000	del_h1	0010	9.82816093847621	0	0.53125
chrX	2800000	12200000	fastq0023_HPNE_T1	HCJY7AFX7_MIxT1XT3_24s001577-1-1_Jeong_lane1T1xiTRU3C19	CC	1	46	del_h2	1000	del_h1	0010	12.0817153402744	0	0.53125
chrX	2800000	12200000	fastq0023_HPNE_T1	HCJY7AFX7_MIxT1XT3_24s001577-1-1_Jeong_lane1T1xiTRU3C20	WW	1	46	del_h2	1000	del_h1	0010	13.9074980713048	0	0.53125
chrX	2800000	12200000	fastq0023_HPNE_T1	HCJY7AFX7_MIxT1XT3_24s001577-1-1_Jeong_lane1T1xiTRU3C21	WW	1	46	del_h2	1000	del_h1	0010	13.8750766061921	0	0.53125
chrX	2800000	12200000	fastq0023_HPNE_T1	HCJY7AFX7_MIxT1XT3_24s001577-1-1_Jeong_lane1T1xiTRU3C22	WW	1	46	del_h1	0010	del_h2	1000	9.84009859250928	0	0.40625
chrX	2800000	12200000	fastq0023_HPNE_T1	HCJY7AFX7_MIxT1XT3_24s001577-1-1_Jeong_lane1T1xiTRU3C25	WW	1	46	del_h2	1000	del_h1	0010	13.4540839217305	0	0.53125
chrX	2800000	12200000	fastq0023_HPNE_T1	HCJY7AFX7_MIxT1XT3_24s001577-1-1_Jeong_lane1T1xiTRU3C26	CC	1	46	del_h2	1000	del_h1	0010	13.4937776349927	0	0.53125
chrX	2800000	12200000	fastq0023_HPNE_T1	HCJY7AFX7_MIxT1XT3_24s001577-1-1_Jeong_lane1T1xiTRU3C27	CC	1	46	complex	0100	complex	0001	19.2889678683602	0	0.0625
chrX	2800000	12200000	fastq0023_HPNE_T1	HCJY7AFX7_MIxT1XT3_24s001577-1-1_Jeong_lane1T1xiTRU3C30	WW	1	46	complex	0100	complex	0001	18.4251919215705	0	0.0625
chrX	2800000	12200000	fastq0023_HPNE_T1	HCJY7AFX7_MIxT1XT3_24s001577-1-1_Jeong_lane1T1xiTRU3C31	CC	1	46	del_h1	0010	del_h2	1000	19.1080204001792	0	0.40625
chrX	2800000	12200000	fastq0023_HPNE_T1	HCJY7AFX7_MIxT1XT3_24s001577-1-1_Jeong_lane1T1xiTRU3C33	CC	1	46	del_h1	0010	del_h2	1000	21.9182675126504	0	0.40625
chrX	2800000	12200000	fastq0023_HPNE_T1	HCJY7AFX7_MIxT1XT3_24s001577-1-1_Jeong_lane1T1xiTRU3C52	CC	1	46	del_h2	1000	del_h1	0010	12.4320703927853	0	0.53125
chrX	2800000	12200000	fastq0023_HPNE_T1	HCJY7AFX7_MIxT1XT3_24s001577-1-1_Jeong_lane1T1xiTRU3C55	WW	1	46	del_h2	1000	del_h1	0010	19.263687436629	0	0.53125
chrX	2800000	12200000	fastq0023_HPNE_T1	HCJY7AFX7_MIxT1XT3_24s001577-1-1_Jeong_lane1T1xiTRU3C59	WW	1	46	del_h2	1000	del_h1	0010	16.4130312202243	0	0.53125
chrX	2800000	12200000	fastq0023_HPNE_T1	HCJY7AFX7_MIxT1XT3_24s001577-1-1_Jeong_lane1T1xiTRU3C61	CC	1	46	del_h1	0010	del_h2	1000	9.14155005742323	0	0.40625
chrX	2800000	12200000	fastq0023_HPNE_T1	HCJY7AFX7_MIxT1XT3_24s001577-1-1_Jeong_lane1T1xiTRU3C62	CC	1	46	del_h1	0010	del_h2	1000	11.232449593366	0	0.40625
chrX	2800000	12200000	fastq0023_HPNE_T1	HCJY7AFX7_MIxT1XT3_24s001577-1-1_Jeong_lane1T1xiTRU3C69	CC	1	46	del_h2	1000	del_h1	0010	22.7857500076987	0	0.53125
chrX	2800000	12200000	fastq0023_HPNE_T1	HCJY7AFX7_MIxT1XT3_24s001577-1-1_Jeong_lane1T1xiTRU3C75	CC	1	46	del_h2	1000	del_h1	0010	23.5009980073255	0	0.53125
chrX	2800000	12200000	fastq0023_HPNE_T1	HCJY7AFX7_MIxT1XT3_24s001577-1-1_Jeong_lane1T1xiTRU3C76	CC	1	46	del_h2	1000	del_h1	0010	22.1960897995384	0	0.53125
chrX	2800000	12200000	fastq0023_HPNE_T1	HCJY7AFX7_MIxT1XT3_24s001577-1-1_Jeong_lane1T1xiTRU3C81	WW	1	46	del_h1	0010	del_h2	1000	23.0237198502555	0	0.40625
chrX	2800000	12200000	fastq0023_HPNE_T1	HCJY7AFX7_MIxT1XT3_24s001577-1-1_Jeong_lane1T1xiTRU3C83	CC	1	46	del_h2	1000	del_h1	0010	15.1111927938956	0	0.53125
chrX	2800000	12200000	fastq0023_HPNE_T1	HCJY7AFX7_MIxT1XT3_24s001577-1-1_Jeong_lane1T1xiTRU3C84	WW	1	46	del_h1	0010	del_h2	1000	14.5091743916093	0	0.40625
chrX	2800000	12200000	fastq0023_HPNE_T1	HCJY7AFX7_MIxT1XT3_24s001577-1-1_Jeong_lane1T1xiTRU3C85	WW	1	46	del_h1	0010	del_h2	1000	17.1437934986188	0	0.40625
chrX	2800000	12200000	fastq0023_HPNE_T1	HCJY7AFX7_MIxT1XT3_24s001577-1-1_Jeong_lane1T1xiTRU3C86	CC	1	46	del_h2	1000	del_h1	0010	23.3418332163809	0	0.53125
chrX	2800000	12200000	fastq0023_HPNE_T1	HCJY7AFX7_MIxT1XT3_24s001577-1-1_Jeong_lane1T1xiTRU3C87	WW	1	46	del_h2	1000	del_h1	0010	23.5011424785436	0	0.53125
chrX	2800000	12200000	fastq0023_HPNE_T1	HCJY7AFX7_MIxT1XT3_24s001577-1-1_Jeong_lane1T1xiTRU3C89	WW	1	46	del_h1	0010	del_h2	1000	11.996119435628	0	0.40625
chrX	2800000	12200000	fastq0023_HPNE_T1	HCJY7AFX7_MIxT1XT3_24s001577-1-1_Jeong_lane1T1xiTRU3C90	CC	1	46	del_h1	0010	del_h2	1000	13.5076246484163	0	0.40625
chrX	2800000	12200000	fastq0023_HPNE_T1	HCJY7AFX7_MIxT1XT3_24s001577-1-1_Jeong_lane1T1xiTRU3C91	WW	1	46	del_h2	1000	del_h1	0010	22.796122882966	0	0.53125
chrX	2800000	12200000	fastq0023_HPNE_T1	HCJY7AFX7_MIxT1XT3_24s001577-1-1_Jeong_lane1T1xiTRU3C95	CC	1	46	del_h1	0010	del_h2	1000	23.4568930662147	0	0.40625
chrX	12200000	14000000	fastq0023_HPNE_T1	HCJY7AFX7_MIxT1XT3_24s001577-1-1_Jeong_lane1T1xiTRU3C30	WW	1	9	inv_hom	0101	complex	0100	15.5178945709882	4.22620503391562	0.03125
chrX	12200000	14000000	fastq0023_HPNE_T1	HCJY7AFX7_MIxT1XT3_24s001577-1-1_Jeong_lane1T1xiTRU3C87	WW	1	9	del_h2	1000	del_h1	0010	9.41372559122964	0	0.03125
chrX	14000000	16600000	fastq0023_HPNE_T1	HCJY7AFX7_MIxT1XT3_24s001577-1-1_Jeong_lane1T1xiTRU3C16	CC	1	13	del_h2	1000	del_h1	0010	7.14200540172608	0	0.3125
chrX	14000000	16600000	fastq0023_HPNE_T1	HCJY7AFX7_MIxT1XT3_24s001577-1-1_Jeong_lane1T1xiTRU3C17	CC	1	13	del_h2	1000	del_h1	0010	8.38358666559249	0	0.3125
chrX	14000000	16600000	fastq0023_HPNE_T1	HCJY7AFX7_MIxT1XT3_24s001577-1-1_Jeong_lane1T1xiTRU3C21	WW	1	13	del_h2	1000	del_h1	0010	5.93091119713327	0	0.3125
chrX	14000000	16600000	fastq0023_HPNE_T1	HCJY7AFX7_MIxT1XT3_24s001577-1-1_Jeong_lane1T1xiTRU3C22	WW	1	13	del_h1	0010	del_h2	1000	4.80527496423435	0	0.46875
chrX	14000000	16600000	fastq0023_HPNE_T1	HCJY7AFX7_MIxT1XT3_24s001577-1-1_Jeong_lane1T1xiTRU3C26	CC	1	13	del_h1	0010	del_h2	1000	4.75989834208662	0	0.46875
chrX	14000000	16600000	fastq0023_HPNE_T1	HCJY7AFX7_MIxT1XT3_24s001577-1-1_Jeong_lane1T1xiTRU3C27	CC	1	13	del_h1	0010	del_h2	1000	4.85445251542316	0	0.46875
chrX	14000000	16600000	fastq0023_HPNE_T1	HCJY7AFX7_MIxT1XT3_24s001577-1-1_Jeong_lane1T1xiTRU3C30	WW	1	13	inv_hom	0101	complex	0100	16.4576206418304	4.29402754639275	0.03125
chrX	14000000	16600000	fastq0023_HPNE_T1	HCJY7AFX7_MIxT1XT3_24s001577-1-1_Jeong_lane1T1xiTRU3C31	CC	1	13	del_h1	0010	del_h2	1000	8.62411363434468	0	0.46875
chrX	14000000	16600000	fastq0023_HPNE_T1	HCJY7AFX7_MIxT1XT3_24s001577-1-1_Jeong_lane1T1xiTRU3C33	CC	1	13	del_h1	0010	del_h2	1000	4.44867808580098	0	0.46875
chrX	14000000	16600000	fastq0023_HPNE_T1	HCJY7AFX7_MIxT1XT3_24s001577-1-1_Jeong_lane1T1xiTRU3C55	WW	1	13	del_h1	0010	del_h2	1000	5.91744060313715	0	0.46875
chrX	14000000	16600000	fastq0023_HPNE_T1	HCJY7AFX7_MIxT1XT3_24s001577-1-1_Jeong_lane1T1xiTRU3C59	WW	1	13	del_h1	0010	del_h2	1000	7.83242348997996	0	0.46875
chrX	14000000	16600000	fastq0023_HPNE_T1	HCJY7AFX7_MIxT1XT3_24s001577-1-1_Jeong_lane1T1xiTRU3C61	CC	1	13	del_h1	0010	del_h2	1000	4.69574057566874	0	0.46875
chrX	14000000	16600000	fastq0023_HPNE_T1	HCJY7AFX7_MIxT1XT3_24s001577-1-1_Jeong_lane1T1xiTRU3C62	CC	1	13	del_h2	1000	del_h1	0010	5.314908078805	0	0.3125
chrX	14000000	16600000	fastq0023_HPNE_T1	HCJY7AFX7_MIxT1XT3_24s001577-1-1_Jeong_lane1T1xiTRU3C69	CC	1	13	del_h2	1000	del_h1	0010	7.86870261383998	0	0.3125
chrX	14000000	16600000	fastq0023_HPNE_T1	HCJY7AFX7_MIxT1XT3_24s001577-1-1_Jeong_lane1T1xiTRU3C75	CC	1	13	del_h1	0010	del_h2	1000	11.6380427301302	0	0.46875
chrX	14000000	16600000	fastq0023_HPNE_T1	HCJY7AFX7_MIxT1XT3_24s001577-1-1_Jeong_lane1T1xiTRU3C76	CC	1	13	del_h2	1000	del_h1	0010	4.90978022370198	0	0.3125
chrX	14000000	16600000	fastq0023_HPNE_T1	HCJY7AFX7_MIxT1XT3_24s001577-1-1_Jeong_lane1T1xiTRU3C81	WW	1	13	del_h2	1000	del_h1	0010	10.468152638427	0	0.3125
chrX	14000000	16600000	fastq0023_HPNE_T1	HCJY7AFX7_MIxT1XT3_24s001577-1-1_Jeong_lane1T1xiTRU3C83	CC	1	13	del_h1	0010	del_h2	1000	7.07212807939167	0	0.46875
chrX	14000000	16600000	fastq0023_HPNE_T1	HCJY7AFX7_MIxT1XT3_24s001577-1-1_Jeong_lane1T1xiTRU3C84	WW	1	13	del_h1	0010	del_h2	1000	9.11092720431123	0	0.46875
chrX	14000000	16600000	fastq0023_HPNE_T1	HCJY7AFX7_MIxT1XT3_24s001577-1-1_Jeong_lane1T1xiTRU3C85	WW	1	13	del_h1	0010	del_h2	1000	7.78669445545207	0	0.46875
chrX	14000000	16600000	fastq0023_HPNE_T1	HCJY7AFX7_MIxT1XT3_24s001577-1-1_Jeong_lane1T1xiTRU3C86	CC	1	13	del_h1	0010	del_h2	1000	8.15502676234838	0	0.46875
chrX	14000000	16600000	fastq0023_HPNE_T1	HCJY7AFX7_MIxT1XT3_24s001577-1-1_Jeong_lane1T1xiTRU3C87	WW	1	13	del_h2	1000	del_h1	0010	16.7282425962461	0	0.3125
chrX	14000000	16600000	fastq0023_HPNE_T1	HCJY7AFX7_MIxT1XT3_24s001577-1-1_Jeong_lane1T1xiTRU3C89	WW	1	13	del_h2	1000	del_h1	0010	5.2939228258493	0	0.3125
chrX	14000000	16600000	fastq0023_HPNE_T1	HCJY7AFX7_MIxT1XT3_24s001577-1-1_Jeong_lane1T1xiTRU3C90	CC	1	13	del_h1	0010	del_h2	1000	8.58431096332787	0	0.46875
chrX	14000000	16600000	fastq0023_HPNE_T1	HCJY7AFX7_MIxT1XT3_24s001577-1-1_Jeong_lane1T1xiTRU3C91	WW	1	13	del_h2	1000	del_h1	0010	7.16082718875331	0	0.3125
chrX	14000000	16600000	fastq0023_HPNE_T1	HCJY7AFX7_MIxT1XT3_24s001577-1-1_Jeong_lane1T1xiTRU3C95	CC	1	13	del_h1	0010	del_h2	1000	11.4792830071979	0	0.46875
chrX	16600000	20200000	fastq0023_HPNE_T1	HCJY7AFX7_MIxT1XT3_24s001577-1-1_Jeong_lane1T1xiTRU3C15	WW	1	18	del_h2	1000	del_h1	0010	6.73056285376733	0	0.125
chrX	16600000	20200000	fastq0023_HPNE_T1	HCJY7AFX7_MIxT1XT3_24s001577-1-1_Jeong_lane1T1xiTRU3C16	CC	1	18	del_h1	0010	del_h2	1000	4.31926441296889	0	0.28125
chrX	16600000	20200000	fastq0023_HPNE_T1	HCJY7AFX7_MIxT1XT3_24s001577-1-1_Jeong_lane1T1xiTRU3C17	CC	1	18	del_h2	1000	del_h1	0010	5.09050352641488	0	0.125
chrX	16600000	20200000	fastq0023_HPNE_T1	HCJY7AFX7_MIxT1XT3_24s001577-1-1_Jeong_lane1T1xiTRU3C27	CC	1	18	del_h1	0010	del_h2	1000	4.39571551711892	0	0.28125
chrX	16600000	20200000	fastq0023_HPNE_T1	HCJY7AFX7_MIxT1XT3_24s001577-1-1_Jeong_lane1T1xiTRU3C30	WW	1	18	inv_hom	0101	complex	0001	15.8248430128662	3.66920447819048	0.03125
chrX	16600000	20200000	fastq0023_HPNE_T1	HCJY7AFX7_MIxT1XT3_24s001577-1-1_Jeong_lane1T1xiTRU3C31	CC	1	18	del_h2	1000	del_h1	0010	8.47374729396489	0	0.125
chrX	16600000	20200000	fastq0023_HPNE_T1	HCJY7AFX7_MIxT1XT3_24s001577-1-1_Jeong_lane1T1xiTRU3C52	CC	1	18	del_h1	0010	del_h2	1000	6.28606789096524	0	0.28125
chrX	16600000	20200000	fastq0023_HPNE_T1	HCJY7AFX7_MIxT1XT3_24s001577-1-1_Jeong_lane1T1xiTRU3C55	WW	1	18	del_h1	0010	del_h2	1000	4.42485656131445	0	0.28125
chrX	16600000	20200000	fastq0023_HPNE_T1	HCJY7AFX7_MIxT1XT3_24s001577-1-1_Jeong_lane1T1xiTRU3C59	WW	1	18	del_h1	0010	del_h2	1000	7.07285804019435	0	0.28125
chrX	16600000	20200000	fastq0023_HPNE_T1	HCJY7AFX7_MIxT1XT3_24s001577-1-1_Jeong_lane1T1xiTRU3C76	CC	1	18	del_h2	1000	del_h1	0010	7.71541243778827	0	0.125
chrX	16600000	20200000	fastq0023_HPNE_T1	HCJY7AFX7_MIxT1XT3_24s001577-1-1_Jeong_lane1T1xiTRU3C87	WW	1	18	del_h1	0010	del_h2	1000	8.3775859108313	0	0.28125
chrX	16600000	20200000	fastq0023_HPNE_T1	HCJY7AFX7_MIxT1XT3_24s001577-1-1_Jeong_lane1T1xiTRU3C89	WW	1	18	del_h1	0010	del_h2	1000	6.84364863922002	0	0.28125
chrX	16600000	20200000	fastq0023_HPNE_T1	HCJY7AFX7_MIxT1XT3_24s001577-1-1_Jeong_lane1T1xiTRU3C91	WW	1	18	del_h1	0010	del_h2	1000	6.04399865220355	0	0.28125
chrX	16600000	20200000	fastq0023_HPNE_T1	HCJY7AFX7_MIxT1XT3_24s001577-1-1_Jeong_lane1T1xiTRU3C95	CC	1	18	del_h1	0010	del_h2	1000	4.50925728835796	0	0.28125
chrX	20200000	22000000	fastq0023_HPNE_T1	HCJY7AFX7_MIxT1XT3_24s001577-1-1_Jeong_lane1T1xiTRU3C18	CC	1	9	del_h1	0010	del_h2	1000	4.93254519617265	0	0.28125
chrX	20200000	22000000	fastq0023_HPNE_T1	HCJY7AFX7_MIxT1XT3_24s001577-1-1_Jeong_lane1T1xiTRU3C20	WW	1	9	del_h1	0010	del_h2	1000	5.58723422155977	0	0.28125
chrX	20200000	22000000	fastq0023_HPNE_T1	HCJY7AFX7_MIxT1XT3_24s001577-1-1_Jeong_lane1T1xiTRU3C25	CC	1	9	del_h2	1000	del_h1	0010	5.19225138248055	0	0.375
chrX	20200000	22000000	fastq0023_HPNE_T1	HCJY7AFX7_MIxT1XT3_24s001577-1-1_Jeong_lane1T1xiTRU3C30	WW	1	9	inv_hom	0101	complex	0001	16.1408324057295	3.49497701898724	0.03125
chrX	20200000	22000000	fastq0023_HPNE_T1	HCJY7AFX7_MIxT1XT3_24s001577-1-1_Jeong_lane1T1xiTRU3C31	CC	1	9	del_h2	1000	del_h1	0010	7.6623558505123	0	0.375
chrX	20200000	22000000	fastq0023_HPNE_T1	HCJY7AFX7_MIxT1XT3_24s001577-1-1_Jeong_lane1T1xiTRU3C33	CC	1	9	del_h2	1000	del_h1	0010	4.89546388127187	0	0.375
chrX	20200000	22000000	fastq0023_HPNE_T1	HCJY7AFX7_MIxT1XT3_24s001577-1-1_Jeong_lane1T1xiTRU3C52	CC	1	9	del_h2	1000	del_h1	0010	4.69653977587453	0	0.375
chrX	20200000	22000000	fastq0023_HPNE_T1	HCJY7AFX7_MIxT1XT3_24s001577-1-1_Jeong_lane1T1xiTRU3C55	WW	1	9	del_h1	0010	del_h2	1000	7.24289904158735	0	0.28125
chrX	20200000	22000000	fastq0023_HPNE_T1	HCJY7AFX7_MIxT1XT3_24s001577-1-1_Jeong_lane1T1xiTRU3C59	WW	1	9	del_h2	1000	del_h1	0010	4.8334127707851	0	0.375
chrX	20200000	22000000	fastq0023_HPNE_T1	HCJY7AFX7_MIxT1XT3_24s001577-1-1_Jeong_lane1T1xiTRU3C69	CC	1	9	del_h2	1000	del_h1	0010	7.20893971707433	0	0.375
chrX	20200000	22000000	fastq0023_HPNE_T1	HCJY7AFX7_MIxT1XT3_24s001577-1-1_Jeong_lane1T1xiTRU3C75	CC	1	9	del_h2	1000	del_h1	0010	5.10559469608903	0	0.375
chrX	20200000	22000000	fastq0023_HPNE_T1	HCJY7AFX7_MIxT1XT3_24s001577-1-1_Jeong_lane1T1xiTRU3C76	CC	1	9	del_h2	1000	del_h1	0010	7.82645651536484	0	0.375
chrX	20200000	22000000	fastq0023_HPNE_T1	HCJY7AFX7_MIxT1XT3_24s001577-1-1_Jeong_lane1T1xiTRU3C81	WW	1	9	del_h1	0010	del_h2	1000	6.94344816104728	0	0.28125
chrX	20200000	22000000	fastq0023_HPNE_T1	HCJY7AFX7_MIxT1XT3_24s001577-1-1_Jeong_lane1T1xiTRU3C83	CC	1	9	del_h1	0010	del_h2	1000	6.80395797826008	0	0.28125
chrX	20200000	22000000	fastq0023_HPNE_T1	HCJY7AFX7_MIxT1XT3_24s001577-1-1_Jeong_lane1T1xiTRU3C84	WW	1	9	del_h2	1000	del_h1	0010	7.45276343109862	0	0.375
chrX	20200000	22000000	fastq0023_HPNE_T1	HCJY7AFX7_MIxT1XT3_24s001577-1-1_Jeong_lane1T1xiTRU3C85	WW	1	9	del_h2	1000	del_h1	0010	9.04759052786954	0	0.375
chrX	20200000	22000000	fastq0023_HPNE_T1	HCJY7AFX7_MIxT1XT3_24s001577-1-1_Jeong_lane1T1xiTRU3C86	CC	1	9	del_h2	1000	del_h1	0010	9.29756423861174	0	0.375
chrX	20200000	22000000	fastq0023_HPNE_T1	HCJY7AFX7_MIxT1XT3_24s001577-1-1_Jeong_lane1T1xiTRU3C87	WW	1	9	del_h2	1000	del_h1	0010	12.7494742237143	0	0.375
chrX	20200000	22000000	fastq0023_HPNE_T1	HCJY7AFX7_MIxT1XT3_24s001577-1-1_Jeong_lane1T1xiTRU3C89	WW	1	9	del_h1	0010	del_h2	1000	6.47169263185506	0	0.28125
chrX	20200000	22000000	fastq0023_HPNE_T1	HCJY7AFX7_MIxT1XT3_24s001577-1-1_Jeong_lane1T1xiTRU3C90	CC	1	9	del_h1	0010	del_h2	1000	6.71902662845401	0	0.28125
chrX	20200000	22000000	fastq0023_HPNE_T1	HCJY7AFX7_MIxT1XT3_24s001577-1-1_Jeong_lane1T1xiTRU3C91	WW	1	9	del_h1	0010	del_h2	1000	8.23272921838247	0	0.28125
chrX	20200000	22000000	fastq0023_HPNE_T1	HCJY7AFX7_MIxT1XT3_24s001577-1-1_Jeong_lane1T1xiTRU3C95	CC	1	9	del_h1	0010	del_h2	1000	5.83492952924349	0	0.28125
chrX	22000000	25600000	fastq0023_HPNE_T1	HCJY7AFX7_MIxT1XT3_24s001577-1-1_Jeong_lane1T1xiTRU3C15	WW	1	18	del_h1	0010	del_h2	1000	5.64576248100276	0	0.34375
chrX	22000000	25600000	fastq0023_HPNE_T1	HCJY7AFX7_MIxT1XT3_24s001577-1-1_Jeong_lane1T1xiTRU3C17	CC	1	18	del_h2	1000	del_h1	0010	8.65069906286998	0	0.4375
chrX	22000000	25600000	fastq0023_HPNE_T1	HCJY7AFX7_MIxT1XT3_24s001577-1-1_Jeong_lane1T1xiTRU3C18	CC	1	18	del_h1	0010	del_h2	1000	4.62737343241057	0	0.34375
chrX	22000000	25600000	fastq0023_HPNE_T1	HCJY7AFX7_MIxT1XT3_24s001577-1-1_Jeong_lane1T1xiTRU3C22	WW	1	18	del_h2	1000	del_h1	0010	5.30304322626311	0	0.4375
chrX	22000000	25600000	fastq0023_HPNE_T1	HCJY7AFX7_MIxT1XT3_24s001577-1-1_Jeong_lane1T1xiTRU3C25	CC	1	18	del_h1	0010	del_h2	1000	4.10323583545371	0	0.34375
chrX	22000000	25600000	fastq0023_HPNE_T1	HCJY7AFX7_MIxT1XT3_24s001577-1-1_Jeong_lane1T1xiTRU3C26	CC	1	18	del_h2	1000	del_h1	0010	4.33914651763213	0	0.4375
chrX	22000000	25600000	fastq0023_HPNE_T1	HCJY7AFX7_MIxT1XT3_24s001577-1-1_Jeong_lane1T1xiTRU3C27	CC	1	18	del_h2	1000	del_h1	0010	7.11715149366753	0	0.4375
chrX	22000000	25600000	fastq0023_HPNE_T1	HCJY7AFX7_MIxT1XT3_24s001577-1-1_Jeong_lane1T1xiTRU3C31	CC	1	18	del_h1	0010	del_h2	1000	5.64447325199779	0	0.34375
chrX	22000000	25600000	fastq0023_HPNE_T1	HCJY7AFX7_MIxT1XT3_24s001577-1-1_Jeong_lane1T1xiTRU3C52	CC	1	18	del_h2	1000	del_h1	0010	7.50486791664941	0	0.4375
chrX	22000000	25600000	fastq0023_HPNE_T1	HCJY7AFX7_MIxT1XT3_24s001577-1-1_Jeong_lane1T1xiTRU3C55	WW	1	18	del_h1	0010	del_h2	1000	12.0186368683168	0	0.34375
chrX	22000000	25600000	fastq0023_HPNE_T1	HCJY7AFX7_MIxT1XT3_24s001577-1-1_Jeong_lane1T1xiTRU3C59	WW	1	18	del_h1	0010	del_h2	1000	9.55884979939743	0	0.34375
chrX	22000000	25600000	fastq0023_HPNE_T1	HCJY7AFX7_MIxT1XT3_24s001577-1-1_Jeong_lane1T1xiTRU3C61	CC	1	18	del_h2	1000	del_h1	0010	5.92159972844426	0	0.4375
chrX	22000000	25600000	fastq0023_HPNE_T1	HCJY7AFX7_MIxT1XT3_24s001577-1-1_Jeong_lane1T1xiTRU3C69	CC	1	18	del_h2	1000	del_h1	0010	9.09990650616158	0	0.4375
chrX	22000000	25600000	fastq0023_HPNE_T1	HCJY7AFX7_MIxT1XT3_24s001577-1-1_Jeong_lane1T1xiTRU3C75	CC	1	18	del_h1	0010	del_h2	1000	13.9884236573165	0	0.34375
chrX	22000000	25600000	fastq0023_HPNE_T1	HCJY7AFX7_MIxT1XT3_24s001577-1-1_Jeong_lane1T1xiTRU3C76	CC	1	18	del_h1	0010	del_h2	1000	9.02326012166829	0	0.34375
chrX	22000000	25600000	fastq0023_HPNE_T1	HCJY7AFX7_MIxT1XT3_24s001577-1-1_Jeong_lane1T1xiTRU3C81	WW	1	18	del_h1	0010	del_h2	1000	9.56884261066363	0	0.34375
chrX	22000000	25600000	fastq0023_HPNE_T1	HCJY7AFX7_MIxT1XT3_24s001577-1-1_Jeong_lane1T1xiTRU3C83	CC	1	18	del_h1	0010	del_h2	1000	8.57914345834226	0	0.34375
chrX	22000000	25600000	fastq0023_HPNE_T1	HCJY7AFX7_MIxT1XT3_24s001577-1-1_Jeong_lane1T1xiTRU3C84	WW	1	18	del_h1	0010	del_h2	1000	10.0138603911268	0	0.34375
chrX	22000000	25600000	fastq0023_HPNE_T1	HCJY7AFX7_MIxT1XT3_24s001577-1-1_Jeong_lane1T1xiTRU3C85	WW	1	18	del_h2	1000	del_h1	0010	4.84570469803681	0	0.4375
chrX	22000000	25600000	fastq0023_HPNE_T1	HCJY7AFX7_MIxT1XT3_24s001577-1-1_Jeong_lane1T1xiTRU3C86	CC	1	18	del_h2	1000	del_h1	0010	15.038139173652	0	0.4375
chrX	22000000	25600000	fastq0023_HPNE_T1	HCJY7AFX7_MIxT1XT3_24s001577-1-1_Jeong_lane1T1xiTRU3C87	WW	1	18	del_h2	1000	del_h1	0010	14.5738017854793	0	0.4375
chrX	22000000	25600000	fastq0023_HPNE_T1	HCJY7AFX7_MIxT1XT3_24s001577-1-1_Jeong_lane1T1xiTRU3C89	WW	1	18	del_h2	1000	del_h1	0010	8.14968314303317	0	0.4375
chrX	22000000	25600000	fastq0023_HPNE_T1	HCJY7AFX7_MIxT1XT3_24s001577-1-1_Jeong_lane1T1xiTRU3C90	CC	1	18	del_h2	1000	del_h1	0010	7.14645519118068	0	0.4375
chrX	22000000	25600000	fastq0023_HPNE_T1	HCJY7AFX7_MIxT1XT3_24s001577-1-1_Jeong_lane1T1xiTRU3C91	WW	1	18	del_h2	1000	del_h1	0010	10.4356548131159	0	0.4375
chrX	22000000	25600000	fastq0023_HPNE_T1	HCJY7AFX7_MIxT1XT3_24s001577-1-1_Jeong_lane1T1xiTRU3C95	CC	1	18	del_h2	1000	del_h1	0010	12.5837398294098	0	0.4375
chrX	25600000	30200000	fastq0023_HPNE_T1	HCJY7AFX7_MIxT1XT3_24s001577-1-1_Jeong_lane1T1xiTRU3C15	WW	1	23	del_h1	0010	del_h2	1000	9.05683476073001	0	0.5625
chrX	25600000	30200000	fastq0023_HPNE_T1	HCJY7AFX7_MIxT1XT3_24s001577-1-1_Jeong_lane1T1xiTRU3C16	CC	1	23	del_h2	1000	del_h1	0010	12.195712600638	0	0.4375
chrX	25600000	30200000	fastq0023_HPNE_T1	HCJY7AFX7_MIxT1XT3_24s001577-1-1_Jeong_lane1T1xiTRU3C17	CC	1	23	del_h2	1000	del_h1	0010	12.9206757915217	0	0.4375
chrX	25600000	30200000	fastq0023_HPNE_T1	HCJY7AFX7_MIxT1XT3_24s001577-1-1_Jeong_lane1T1xiTRU3C18	?	1	23	del_h1	0010	del_h2	1000	4.85593493760343	0	0.5625
chrX	25600000	30200000	fastq0023_HPNE_T1	HCJY7AFX7_MIxT1XT3_24s001577-1-1_Jeong_lane1T1xiTRU3C19	CC	1	23	del_h1	0010	del_h2	1000	9.07186669409378	0	0.5625
chrX	25600000	30200000	fastq0023_HPNE_T1	HCJY7AFX7_MIxT1XT3_24s001577-1-1_Jeong_lane1T1xiTRU3C20	WW	1	23	del_h2	1000	del_h1	0010	8.86291622376777	0	0.4375
chrX	25600000	30200000	fastq0023_HPNE_T1	HCJY7AFX7_MIxT1XT3_24s001577-1-1_Jeong_lane1T1xiTRU3C21	WW	1	23	del_h1	0010	del_h2	1000	8.3648974591958	0	0.5625
chrX	25600000	30200000	fastq0023_HPNE_T1	HCJY7AFX7_MIxT1XT3_24s001577-1-1_Jeong_lane1T1xiTRU3C22	WW	1	23	del_h1	0010	del_h2	1000	9.67935054417487	0	0.5625
chrX	25600000	30200000	fastq0023_HPNE_T1	HCJY7AFX7_MIxT1XT3_24s001577-1-1_Jeong_lane1T1xiTRU3C25	CC	1	23	del_h1	0010	del_h2	1000	15.1098570300215	0	0.5625
chrX	25600000	30200000	fastq0023_HPNE_T1	HCJY7AFX7_MIxT1XT3_24s001577-1-1_Jeong_lane1T1xiTRU3C26	CC	1	23	del_h1	0010	del_h2	1000	12.1106759514303	0	0.5625
chrX	25600000	30200000	fastq0023_HPNE_T1	HCJY7AFX7_MIxT1XT3_24s001577-1-1_Jeong_lane1T1xiTRU3C27	CC	1	23	del_h2	1000	del_h1	0010	12.1985630112485	0	0.4375
chrX	25600000	30200000	fastq0023_HPNE_T1	HCJY7AFX7_MIxT1XT3_24s001577-1-1_Jeong_lane1T1xiTRU3C30	WW	1	23	del_h2	1000	del_h1	0010	10.3752345733119	0	0.4375
chrX	25600000	30200000	fastq0023_HPNE_T1	HCJY7AFX7_MIxT1XT3_24s001577-1-1_Jeong_lane1T1xiTRU3C31	CC	1	23	del_h1	0010	del_h2	1000	13.644029352332	0	0.5625
chrX	25600000	30200000	fastq0023_HPNE_T1	HCJY7AFX7_MIxT1XT3_24s001577-1-1_Jeong_lane1T1xiTRU3C33	CC	1	23	del_h2	1000	del_h1	0010	15.2048985271639	0	0.4375
chrX	25600000	30200000	fastq0023_HPNE_T1	HCJY7AFX7_MIxT1XT3_24s001577-1-1_Jeong_lane1T1xiTRU3C52	CC	1	23	del_h1	0010	del_h2	1000	10.3958489998027	0	0.5625
chrX	25600000	30200000	fastq0023_HPNE_T1	HCJY7AFX7_MIxT1XT3_24s001577-1-1_Jeong_lane1T1xiTRU3C55	WW	1	23	del_h1	0010	del_h2	1000	16.288397876993	0	0.5625
chrX	25600000	30200000	fastq0023_HPNE_T1	HCJY7AFX7_MIxT1XT3_24s001577-1-1_Jeong_lane1T1xiTRU3C59	WW	1	23	del_h1	0010	del_h2	1000	15.2430115747691	0	0.5625
chrX	25600000	30200000	fastq0023_HPNE_T1	HCJY7AFX7_MIxT1XT3_24s001577-1-1_Jeong_lane1T1xiTRU3C61	CC	1	23	del_h2	1000	del_h1	0010	14.4512889672483	0	0.4375
chrX	25600000	30200000	fastq0023_HPNE_T1	HCJY7AFX7_MIxT1XT3_24s001577-1-1_Jeong_lane1T1xiTRU3C62	CC	1	23	del_h2	1000	del_h1	0010	13.13760068678	0	0.4375
chrX	25600000	30200000	fastq0023_HPNE_T1	HCJY7AFX7_MIxT1XT3_24s001577-1-1_Jeong_lane1T1xiTRU3C69	CC	1	23	del_h2	1000	del_h1	0010	15.1314185833964	0	0.4375
chrX	25600000	30200000	fastq0023_HPNE_T1	HCJY7AFX7_MIxT1XT3_24s001577-1-1_Jeong_lane1T1xiTRU3C75	CC	1	23	del_h2	1000	del_h1	0010	22.9163058070329	0	0.4375
chrX	25600000	30200000	fastq0023_HPNE_T1	HCJY7AFX7_MIxT1XT3_24s001577-1-1_Jeong_lane1T1xiTRU3C76	CC	1	23	del_h1	0010	del_h2	1000	20.0013475395625	0	0.5625
chrX	25600000	30200000	fastq0023_HPNE_T1	HCJY7AFX7_MIxT1XT3_24s001577-1-1_Jeong_lane1T1xiTRU3C81	WW	1	23	del_h1	0010	del_h2	1000	22.8595737664616	0	0.5625
chrX	25600000	30200000	fastq0023_HPNE_T1	HCJY7AFX7_MIxT1XT3_24s001577-1-1_Jeong_lane1T1xiTRU3C83	CC	1	23	del_h2	1000	del_h1	0010	18.3917747590364	0	0.4375
chrX	25600000	30200000	fastq0023_HPNE_T1	HCJY7AFX7_MIxT1XT3_24s001577-1-1_Jeong_lane1T1xiTRU3C84	WW	1	23	del_h1	0010	del_h2	1000	19.4738519777487	0	0.5625
chrX	25600000	30200000	fastq0023_HPNE_T1	HCJY7AFX7_MIxT1XT3_24s001577-1-1_Jeong_lane1T1xiTRU3C85	WW	1	23	del_h1	0010	del_h2	1000	17.206367596006	0	0.5625
chrX	25600000	30200000	fastq0023_HPNE_T1	HCJY7AFX7_MIxT1XT3_24s001577-1-1_Jeong_lane1T1xiTRU3C86	CC	1	23	del_h2	1000	del_h1	0010	18.6489520527752	0	0.4375
chrX	25600000	30200000	fastq0023_HPNE_T1	HCJY7AFX7_MIxT1XT3_24s001577-1-1_Jeong_lane1T1xiTRU3C87	WW	1	23	del_h2	1000	del_h1	0010	22.9199396703563	0	0.4375
chrX	25600000	30200000	fastq0023_HPNE_T1	HCJY7AFX7_MIxT1XT3_24s001577-1-1_Jeong_lane1T1xiTRU3C89	WW	1	23	del_h1	0010	del_h2	1000	13.9143888613724	0	0.5625
chrX	25600000	30200000	fastq0023_HPNE_T1	HCJY7AFX7_MIxT1XT3_24s001577-1-1_Jeong_lane1T1xiTRU3C90	CC	1	23	del_h1	0010	del_h2	1000	16.3951241890072	0	0.5625
chrX	25600000	30200000	fastq0023_HPNE_T1	HCJY7AFX7_MIxT1XT3_24s001577-1-1_Jeong_lane1T1xiTRU3C91	WW	1	23	del_h1	0010	del_h2	1000	21.9348343517995	0	0.5625
chrX	25600000	30200000	fastq0023_HPNE_T1	HCJY7AFX7_MIxT1XT3_24s001577-1-1_Jeong_lane1T1xiTRU3C95	CC	1	23	del_h2	1000	del_h1	0010	19.3033627476107	0	0.4375
chrX	30200000	39200000	fastq0023_HPNE_T1	HCJY7AFX7_MIxT1XT3_24s001577-1-1_Jeong_lane1T1xiTRU3C15	WW	1	43	del_h2	1000	del_h1	0010	15.9459134801793	0	0.3125
chrX	30200000	39200000	fastq0023_HPNE_T1	HCJY7AFX7_MIxT1XT3_24s001577-1-1_Jeong_lane1T1xiTRU3C16	CC	1	43	del_h1	0010	del_h2	1000	15.6448376773864	0	0.6875
chrX	30200000	39200000	fastq0023_HPNE_T1	HCJY7AFX7_MIxT1XT3_24s001577-1-1_Jeong_lane1T1xiTRU3C17	CC	1	43	del_h1	0010	del_h2	1000	18.6116728792221	0	0.6875
chrX	30200000	39200000	fastq0023_HPNE_T1	HCJY7AFX7_MIxT1XT3_24s001577-1-1_Jeong_lane1T1xiTRU3C18	WW	1	43	del_h1	0010	del_h2	1000	15.6591415897027	0	0.6875
chrX	30200000	39200000	fastq0023_HPNE_T1	HCJY7AFX7_MIxT1XT3_24s001577-1-1_Jeong_lane1T1xiTRU3C19	CC	1	43	del_h2	1000	del_h1	0010	13.9734770144022	0	0.3125
chrX	30200000	39200000	fastq0023_HPNE_T1	HCJY7AFX7_MIxT1XT3_24s001577-1-1_Jeong_lane1T1xiTRU3C20	WW	1	43	del_h1	0010	del_h2	1000	18.6480669105813	0	0.6875
chrX	30200000	39200000	fastq0023_HPNE_T1	HCJY7AFX7_MIxT1XT3_24s001577-1-1_Jeong_lane1T1xiTRU3C21	WW	1	43	del_h2	1000	del_h1	0010	24.8613291336656	0	0.3125
chrX	30200000	39200000	fastq0023_HPNE_T1	HCJY7AFX7_MIxT1XT3_24s001577-1-1_Jeong_lane1T1xiTRU3C22	WW	1	43	del_h1	0010	del_h2	1000	19.5451572263477	0	0.6875
chrX	30200000	39200000	fastq0023_HPNE_T1	HCJY7AFX7_MIxT1XT3_24s001577-1-1_Jeong_lane1T1xiTRU3C25	CC	1	43	del_h1	0010	del_h2	1000	15.1052377497677	0	0.6875
chrX	30200000	39200000	fastq0023_HPNE_T1	HCJY7AFX7_MIxT1XT3_24s001577-1-1_Jeong_lane1T1xiTRU3C26	CC	1	43	del_h1	0010	del_h2	1000	15.413797741654	0	0.6875
chrX	30200000	39200000	fastq0023_HPNE_T1	HCJY7AFX7_MIxT1XT3_24s001577-1-1_Jeong_lane1T1xiTRU3C27	CC	1	43	del_h1	0010	del_h2	1000	17.0709090248078	0	0.6875
chrX	30200000	39200000	fastq0023_HPNE_T1	HCJY7AFX7_MIxT1XT3_24s001577-1-1_Jeong_lane1T1xiTRU3C30	WW	1	43	del_h2	1000	del_h1	0010	10.1710590238591	0	0.3125
chrX	30200000	39200000	fastq0023_HPNE_T1	HCJY7AFX7_MIxT1XT3_24s001577-1-1_Jeong_lane1T1xiTRU3C31	CC	1	43	del_h1	0010	del_h2	1000	24.2820208075411	0	0.6875
chrX	30200000	39200000	fastq0023_HPNE_T1	HCJY7AFX7_MIxT1XT3_24s001577-1-1_Jeong_lane1T1xiTRU3C33	CC	1	43	del_h1	0010	del_h2	1000	25.0834072181841	0	0.6875
chrX	30200000	39200000	fastq0023_HPNE_T1	HCJY7AFX7_MIxT1XT3_24s001577-1-1_Jeong_lane1T1xiTRU3C52	CC	1	43	del_h1	0010	del_h2	1000	21.1710894882388	0	0.6875
chrX	30200000	39200000	fastq0023_HPNE_T1	HCJY7AFX7_MIxT1XT3_24s001577-1-1_Jeong_lane1T1xiTRU3C55	WW	1	43	del_h2	1000	del_h1	0010	25.1322183146921	0	0.3125
chrX	30200000	39200000	fastq0023_HPNE_T1	HCJY7AFX7_MIxT1XT3_24s001577-1-1_Jeong_lane1T1xiTRU3C59	?	1	43	del_h1	0010	del_h2	1000	7.06834413577183	0	0.6875
chrX	30200000	39200000	fastq0023_HPNE_T1	HCJY7AFX7_MIxT1XT3_24s001577-1-1_Jeong_lane1T1xiTRU3C61	CC	1	43	del_h1	0010	del_h2	1000	19.8666590961613	0	0.6875
chrX	30200000	39200000	fastq0023_HPNE_T1	HCJY7AFX7_MIxT1XT3_24s001577-1-1_Jeong_lane1T1xiTRU3C62	CC	1	43	del_h1	0010	del_h2	1000	14.9847861201605	0	0.6875
chrX	30200000	39200000	fastq0023_HPNE_T1	HCJY7AFX7_MIxT1XT3_24s001577-1-1_Jeong_lane1T1xiTRU3C69	CC	1	43	del_h1	0010	del_h2	1000	23.1644872584027	0	0.6875
chrX	30200000	39200000	fastq0023_HPNE_T1	HCJY7AFX7_MIxT1XT3_24s001577-1-1_Jeong_lane1T1xiTRU3C75	CC	1	43	del_h2	1000	del_h1	0010	25.1323488687849	0	0.3125
chrX	30200000	39200000	fastq0023_HPNE_T1	HCJY7AFX7_MIxT1XT3_24s001577-1-1_Jeong_lane1T1xiTRU3C76	CC	1	43	del_h2	1000	del_h1	0010	25.1089578083681	0	0.3125
chrX	30200000	39200000	fastq0023_HPNE_T1	HCJY7AFX7_MIxT1XT3_24s001577-1-1_Jeong_lane1T1xiTRU3C81	WW	1	43	del_h1	0010	del_h2	1000	25.1323486769428	0	0.6875
chrX	30200000	39200000	fastq0023_HPNE_T1	HCJY7AFX7_MIxT1XT3_24s001577-1-1_Jeong_lane1T1xiTRU3C83	CC	1	43	del_h1	0010	del_h2	1000	24.5467228429396	0	0.6875
chrX	30200000	39200000	fastq0023_HPNE_T1	HCJY7AFX7_MIxT1XT3_24s001577-1-1_Jeong_lane1T1xiTRU3C84	WW	1	43	del_h1	0010	del_h2	1000	25.1137387327235	0	0.6875
chrX	30200000	39200000	fastq0023_HPNE_T1	HCJY7AFX7_MIxT1XT3_24s001577-1-1_Jeong_lane1T1xiTRU3C85	WW	1	43	del_h2	1000	del_h1	0010	24.7069719322978	0	0.3125
chrX	30200000	39200000	fastq0023_HPNE_T1	HCJY7AFX7_MIxT1XT3_24s001577-1-1_Jeong_lane1T1xiTRU3C86	CC	1	43	del_h2	1000	del_h1	0010	25.1323329762853	0	0.3125
chrX	30200000	39200000	fastq0023_HPNE_T1	HCJY7AFX7_MIxT1XT3_24s001577-1-1_Jeong_lane1T1xiTRU3C87	WW	1	43	del_h2	1000	del_h1	0010	25.1323488687849	0	0.3125
chrX	30200000	39200000	fastq0023_HPNE_T1	HCJY7AFX7_MIxT1XT3_24s001577-1-1_Jeong_lane1T1xiTRU3C89	WW	1	43	del_h1	0010	del_h2	1000	20.595228858787	0	0.6875
chrX	30200000	39200000	fastq0023_HPNE_T1	HCJY7AFX7_MIxT1XT3_24s001577-1-1_Jeong_lane1T1xiTRU3C90	CC	1	43	del_h1	0010	del_h2	1000	24.2220210560941	0	0.6875
chrX	30200000	39200000	fastq0023_HPNE_T1	HCJY7AFX7_MIxT1XT3_24s001577-1-1_Jeong_lane1T1xiTRU3C91	WW	1	43	del_h1	0010	del_h2	1000	25.1323486002863	0	0.6875
chrX	30200000	39200000	fastq0023_HPNE_T1	HCJY7AFX7_MIxT1XT3_24s001577-1-1_Jeong_lane1T1xiTRU3C95	CC	1	43	del_h1	0010	del_h2	1000	25.132348807938	0	0.6875
chrX	40400000	47000000	fastq0023_HPNE_T1	HCJY7AFX7_MIxT1XT3_24s001577-1-1_Jeong_lane1T1xiTRU3C15	WW	1	33	del_h1	0010	del_h2	1000	12.5301324678547	0	0.4375
chrX	40400000	47000000	fastq0023_HPNE_T1	HCJY7AFX7_MIxT1XT3_24s001577-1-1_Jeong_lane1T1xiTRU3C16	CC	1	33	del_h2	1000	del_h1	0010	10.760076065307	0	0.5625
chrX	40400000	47000000	fastq0023_HPNE_T1	HCJY7AFX7_MIxT1XT3_24s001577-1-1_Jeong_lane1T1xiTRU3C17	CC	1	33	del_h1	0010	del_h2	1000	8.1108940808098	0	0.4375
chrX	40400000	47000000	fastq0023_HPNE_T1	HCJY7AFX7_MIxT1XT3_24s001577-1-1_Jeong_lane1T1xiTRU3C18	WW	1	33	del_h1	0010	del_h2	1000	9.53241271537099	0	0.4375
chrX	40400000	47000000	fastq0023_HPNE_T1	HCJY7AFX7_MIxT1XT3_24s001577-1-1_Jeong_lane1T1xiTRU3C19	CC	1	33	del_h2	1000	del_h1	0010	11.1451945926425	0	0.5625
chrX	40400000	47000000	fastq0023_HPNE_T1	HCJY7AFX7_MIxT1XT3_24s001577-1-1_Jeong_lane1T1xiTRU3C20	WW	1	33	del_h2	1000	del_h1	0010	7.90112050987339	0	0.5625
chrX	40400000	47000000	fastq0023_HPNE_T1	HCJY7AFX7_MIxT1XT3_24s001577-1-1_Jeong_lane1T1xiTRU3C21	WW	1	33	del_h2	1000	del_h1	0010	9.99426225090385	0	0.5625
chrX	40400000	47000000	fastq0023_HPNE_T1	HCJY7AFX7_MIxT1XT3_24s001577-1-1_Jeong_lane1T1xiTRU3C22	WW	1	33	del_h2	1000	del_h1	0010	7.0310762577881	0	0.5625
chrX	40400000	47000000	fastq0023_HPNE_T1	HCJY7AFX7_MIxT1XT3_24s001577-1-1_Jeong_lane1T1xiTRU3C25	CC	1	33	del_h2	1000	del_h1	0010	10.3652184378034	0	0.5625
chrX	40400000	47000000	fastq0023_HPNE_T1	HCJY7AFX7_MIxT1XT3_24s001577-1-1_Jeong_lane1T1xiTRU3C26	CC	1	33	del_h1	0010	del_h2	1000	8.45653401639468	0	0.4375
chrX	40400000	47000000	fastq0023_HPNE_T1	HCJY7AFX7_MIxT1XT3_24s001577-1-1_Jeong_lane1T1xiTRU3C27	CC	1	33	del_h1	0010	del_h2	1000	15.16514803498	0	0.4375
chrX	40400000	47000000	fastq0023_HPNE_T1	HCJY7AFX7_MIxT1XT3_24s001577-1-1_Jeong_lane1T1xiTRU3C30	WW	1	33	del_h1	0010	del_h2	1000	8.14391818697528	0	0.4375
chrX	40400000	47000000	fastq0023_HPNE_T1	HCJY7AFX7_MIxT1XT3_24s001577-1-1_Jeong_lane1T1xiTRU3C31	CC	1	33	del_h2	1000	del_h1	0010	12.2583517102521	0	0.5625
chrX	40400000	47000000	fastq0023_HPNE_T1	HCJY7AFX7_MIxT1XT3_24s001577-1-1_Jeong_lane1T1xiTRU3C33	CC	1	33	del_h2	1000	del_h1	0010	10.3538596305045	0	0.5625
chrX	40400000	47000000	fastq0023_HPNE_T1	HCJY7AFX7_MIxT1XT3_24s001577-1-1_Jeong_lane1T1xiTRU3C52	CC	1	33	del_h2	1000	del_h1	0010	6.922848737396	0	0.5625
chrX	40400000	47000000	fastq0023_HPNE_T1	HCJY7AFX7_MIxT1XT3_24s001577-1-1_Jeong_lane1T1xiTRU3C55	WW	1	33	del_h1	0010	del_h2	1000	21.0051195603205	0	0.4375
chrX	40400000	47000000	fastq0023_HPNE_T1	HCJY7AFX7_MIxT1XT3_24s001577-1-1_Jeong_lane1T1xiTRU3C59	CC	1	33	del_h1	0010	del_h2	1000	17.4754349856705	0	0.4375
chrX	40400000	47000000	fastq0023_HPNE_T1	HCJY7AFX7_MIxT1XT3_24s001577-1-1_Jeong_lane1T1xiTRU3C61	CC	1	33	del_h1	0010	del_h2	1000	5.97955422474968	0	0.4375
chrX	40400000	47000000	fastq0023_HPNE_T1	HCJY7AFX7_MIxT1XT3_24s001577-1-1_Jeong_lane1T1xiTRU3C62	CC	1	33	del_h2	1000	del_h1	0010	10.0640644432233	0	0.5625
chrX	40400000	47000000	fastq0023_HPNE_T1	HCJY7AFX7_MIxT1XT3_24s001577-1-1_Jeong_lane1T1xiTRU3C69	CC	1	33	del_h1	0010	del_h2	1000	8.80223230653254	0	0.4375
chrX	40400000	47000000	fastq0023_HPNE_T1	HCJY7AFX7_MIxT1XT3_24s001577-1-1_Jeong_lane1T1xiTRU3C75	CC	1	33	del_h2	1000	del_h1	0010	17.8224743632032	0	0.5625
chrX	40400000	47000000	fastq0023_HPNE_T1	HCJY7AFX7_MIxT1XT3_24s001577-1-1_Jeong_lane1T1xiTRU3C76	CC	1	33	del_h2	1000	del_h1	0010	7.13219642560089	0	0.5625
chrX	40400000	47000000	fastq0023_HPNE_T1	HCJY7AFX7_MIxT1XT3_24s001577-1-1_Jeong_lane1T1xiTRU3C81	WW	1	33	del_h2	1000	del_h1	0010	18.4309534388564	0	0.5625
chrX	40400000	47000000	fastq0023_HPNE_T1	HCJY7AFX7_MIxT1XT3_24s001577-1-1_Jeong_lane1T1xiTRU3C83	CC	1	33	del_h2	1000	del_h1	0010	10.9723564978201	0	0.5625
chrX	40400000	47000000	fastq0023_HPNE_T1	HCJY7AFX7_MIxT1XT3_24s001577-1-1_Jeong_lane1T1xiTRU3C84	WW	1	33	del_h1	0010	del_h2	1000	15.390407156328	0	0.4375
chrX	40400000	47000000	fastq0023_HPNE_T1	HCJY7AFX7_MIxT1XT3_24s001577-1-1_Jeong_lane1T1xiTRU3C85	?	1	33	del_h2	1000	del_h1	0010	4.15025859466598	0	0.5625
chrX	40400000	47000000	fastq0023_HPNE_T1	HCJY7AFX7_MIxT1XT3_24s001577-1-1_Jeong_lane1T1xiTRU3C86	CC	1	33	del_h2	1000	del_h1	0010	15.505153111642	0	0.5625
chrX	40400000	47000000	fastq0023_HPNE_T1	HCJY7AFX7_MIxT1XT3_24s001577-1-1_Jeong_lane1T1xiTRU3C87	WW	1	33	del_h2	1000	del_h1	0010	22.2140158419505	0	0.5625
chrX	40400000	47000000	fastq0023_HPNE_T1	HCJY7AFX7_MIxT1XT3_24s001577-1-1_Jeong_lane1T1xiTRU3C89	WW	1	33	del_h1	0010	del_h2	1000	11.0899529663312	0	0.4375
chrX	40400000	47000000	fastq0023_HPNE_T1	HCJY7AFX7_MIxT1XT3_24s001577-1-1_Jeong_lane1T1xiTRU3C90	CC	1	33	del_h2	1000	del_h1	0010	9.65210393603608	0	0.5625
chrX	40400000	47000000	fastq0023_HPNE_T1	HCJY7AFX7_MIxT1XT3_24s001577-1-1_Jeong_lane1T1xiTRU3C91	WW	1	33	del_h1	0010	del_h2	1000	22.2141769187838	0	0.4375
chrX	40400000	47000000	fastq0023_HPNE_T1	HCJY7AFX7_MIxT1XT3_24s001577-1-1_Jeong_lane1T1xiTRU3C95	CC	1	33	del_h1	0010	del_h2	1000	15.0336752880907	0	0.4375
chrX	47000000	50200000	fastq0023_HPNE_T1	HCJY7AFX7_MIxT1XT3_24s001577-1-1_Jeong_lane1T1xiTRU3C22	WW	1	15	del_h2	1000	del_h1	0010	4.7619861038248	0	0.09375
chrX	47000000	50200000	fastq0023_HPNE_T1	HCJY7AFX7_MIxT1XT3_24s001577-1-1_Jeong_lane1T1xiTRU3C25	CC	1	15	del_h2	1000	del_h1	0010	5.15035652821002	0	0.09375
chrX	47000000	50200000	fastq0023_HPNE_T1	HCJY7AFX7_MIxT1XT3_24s001577-1-1_Jeong_lane1T1xiTRU3C27	CC	1	15	del_h1	0010	del_h2	1000	4.46981172740966	0	0.0625
chrX	47000000	50200000	fastq0023_HPNE_T1	HCJY7AFX7_MIxT1XT3_24s001577-1-1_Jeong_lane1T1xiTRU3C62	CC	1	15	del_h1	0010	del_h2	1000	4.28769758081375	0	0.0625
chrX	47000000	50200000	fastq0023_HPNE_T1	HCJY7AFX7_MIxT1XT3_24s001577-1-1_Jeong_lane1T1xiTRU3C91	WW	1	15	del_h2	1000	del_h1	0010	4.0718098232854	0	0.09375
chrX	50200000	51000000	fastq0023_HPNE_T1	HCJY7AFX7_MIxT1XT3_24s001577-1-1_Jeong_lane1T1xiTRU3C76	CC	1	4	del_h2	1000	del_h1	0010	4.11264486836733	0	0.03125
chrX	50200000	51000000	fastq0023_HPNE_T1	HCJY7AFX7_MIxT1XT3_24s001577-1-1_Jeong_lane1T1xiTRU3C87	WW	1	4	del_h1	0010	del_h2	1000	5.04284654399909	0	0.03125
chrX	51000000	52000000	fastq0023_HPNE_T1	HCJY7AFX7_MIxT1XT3_24s001577-1-1_Jeong_lane1T1xiTRU3C31	CC	1	5	del_h2	1000	del_h1	0010	5.20515865914138	0	0.09375
chrX	51000000	52000000	fastq0023_HPNE_T1	HCJY7AFX7_MIxT1XT3_24s001577-1-1_Jeong_lane1T1xiTRU3C75	CC	1	5	del_h1	0010	del_h2	1000	5.7141292471895	0	0.03125
chrX	51000000	52000000	fastq0023_HPNE_T1	HCJY7AFX7_MIxT1XT3_24s001577-1-1_Jeong_lane1T1xiTRU3C84	WW	1	5	del_h2	1000	del_h1	0010	5.66769731614399	0	0.09375
chrX	51000000	52000000	fastq0023_HPNE_T1	HCJY7AFX7_MIxT1XT3_24s001577-1-1_Jeong_lane1T1xiTRU3C86	CC	1	5	del_h2	1000	del_h1	0010	4.01193478401363	0	0.09375
chrX	52000000	52200000	fastq0023_HPNE_T1	HCJY7AFX7_MIxT1XT3_24s001577-1-1_Jeong_lane1T1xiTRU3C15	WW	1	1	inv_hom	0101	del_hom	0000	4.20122808964683	1.15085082933731	0.28125
chrX	52000000	52200000	fastq0023_HPNE_T1	HCJY7AFX7_MIxT1XT3_24s001577-1-1_Jeong_lane1T1xiTRU3C16	CC	1	1	inv_hom	0101	inv_h1	0110	4.0746699125515	1.32663472100694	0.28125
chrX	52000000	52200000	fastq0023_HPNE_T1	HCJY7AFX7_MIxT1XT3_24s001577-1-1_Jeong_lane1T1xiTRU3C17	CC	1	1	del_hom	0000	del_h2	1000	4.09385269523942	2.31587436808807	0.25
chrX	52000000	52200000	fastq0023_HPNE_T1	HCJY7AFX7_MIxT1XT3_24s001577-1-1_Jeong_lane1T1xiTRU3C21	WW	1	1	del_hom	0000	del_h1	0010	4.06634894303029	2.30284627363763	0.25
chrX	52000000	52200000	fastq0023_HPNE_T1	HCJY7AFX7_MIxT1XT3_24s001577-1-1_Jeong_lane1T1xiTRU3C27	CC	1	1	del_hom	0000	inv_hom	0101	4.18157540055149	0.923292388036519	0.25
chrX	52000000	52200000	fastq0023_HPNE_T1	HCJY7AFX7_MIxT1XT3_24s001577-1-1_Jeong_lane1T1xiTRU3C30	WW	1	1	inv_hom	0101	inv_h2	1001	5.54029218507091	1.95746405722929	0.28125
chrX	52000000	52200000	fastq0023_HPNE_T1	HCJY7AFX7_MIxT1XT3_24s001577-1-1_Jeong_lane1T1xiTRU3C31	CC	1	1	inv_hom	0101	inv_h2	1001	5.55462615922416	1.91644893954237	0.28125
chrX	52000000	52200000	fastq0023_HPNE_T1	HCJY7AFX7_MIxT1XT3_24s001577-1-1_Jeong_lane1T1xiTRU3C33	CC	1	1	del_hom	0000	inv_hom	0101	4.66483474890786	0.158447426879517	0.25
chrX	52000000	52200000	fastq0023_HPNE_T1	HCJY7AFX7_MIxT1XT3_24s001577-1-1_Jeong_lane1T1xiTRU3C52	CC	1	1	inv_hom	0101	del_hom	0000	4.17754162294185	1.22672104799378	0.28125
chrX	52000000	52200000	fastq0023_HPNE_T1	HCJY7AFX7_MIxT1XT3_24s001577-1-1_Jeong_lane1T1xiTRU3C69	CC	1	1	inv_hom	0101	del_hom	0000	4.2912294302839	0.832746609922115	0.28125
chrX	52000000	52200000	fastq0023_HPNE_T1	HCJY7AFX7_MIxT1XT3_24s001577-1-1_Jeong_lane1T1xiTRU3C76	CC	1	1	inv_hom	0101	del_hom	0000	7.1632225919833	1.18312581085141	0.28125
chrX	52000000	52200000	fastq0023_HPNE_T1	HCJY7AFX7_MIxT1XT3_24s001577-1-1_Jeong_lane1T1xiTRU3C81	WW	1	1	del_hom	0000	inv_hom	0101	6.44520911409898	1.70958563741882	0.25
chrX	52000000	52200000	fastq0023_HPNE_T1	HCJY7AFX7_MIxT1XT3_24s001577-1-1_Jeong_lane1T1xiTRU3C85	WW	1	1	inv_hom	0101	del_hom	0000	7.30040615271376	0.975301285257609	0.28125
chrX	52000000	52200000	fastq0023_HPNE_T1	HCJY7AFX7_MIxT1XT3_24s001577-1-1_Jeong_lane1T1xiTRU3C86	CC	1	1	inv_hom	0101	del_hom	0000	6.63670149683586	0.213961437140995	0.28125
chrX	52000000	52200000	fastq0023_HPNE_T1	HCJY7AFX7_MIxT1XT3_24s001577-1-1_Jeong_lane1T1xiTRU3C87	WW	1	1	del_hom	0000	inv_hom	0101	9.12045934627643	4.14864333929531	0.25
chrX	52000000	52200000	fastq0023_HPNE_T1	HCJY7AFX7_MIxT1XT3_24s001577-1-1_Jeong_lane1T1xiTRU3C89	WW	1	1	del_hom	0000	inv_hom	0101	5.56805547302644	2.30977281868725	0.25
chrX	52000000	52200000	fastq0023_HPNE_T1	HCJY7AFX7_MIxT1XT3_24s001577-1-1_Jeong_lane1T1xiTRU3C95	CC	1	1	del_hom	0000	del_h1	0010	5.65958626028709	3.05753781696724	0.25
chrX	64400000	68400000	fastq0023_HPNE_T1	HCJY7AFX7_MIxT1XT3_24s001577-1-1_Jeong_lane1T1xiTRU3C15	WW	1	20	del_h1	0010	del_h2	1000	5.24878349699537	0	0.3125
chrX	64400000	68400000	fastq0023_HPNE_T1	HCJY7AFX7_MIxT1XT3_24s001577-1-1_Jeong_lane1T1xiTRU3C16	CC	1	20	del_h2	1000	del_h1	0010	5.54106528478958	0	0.625
chrX	64400000	68400000	fastq0023_HPNE_T1	HCJY7AFX7_MIxT1XT3_24s001577-1-1_Jeong_lane1T1xiTRU3C17	CC	1	20	del_h1	0010	del_h2	1000	6.16564751420557	0	0.3125
chrX	64400000	68400000	fastq0023_HPNE_T1	HCJY7AFX7_MIxT1XT3_24s001577-1-1_Jeong_lane1T1xiTRU3C18	WW	1	20	del_h1	0010	del_h2	1000	6.58947110452523	0	0.3125
chrX	64400000	68400000	fastq0023_HPNE_T1	HCJY7AFX7_MIxT1XT3_24s001577-1-1_Jeong_lane1T1xiTRU3C19	CC	1	20	del_h2	1000	del_h1	0010	6.61631024390835	0	0.625
chrX	64400000	68400000	fastq0023_HPNE_T1	HCJY7AFX7_MIxT1XT3_24s001577-1-1_Jeong_lane1T1xiTRU3C20	WW	1	20	del_h2	1000	del_h1	0010	5.04513688669778	0	0.625
chrX	64400000	68400000	fastq0023_HPNE_T1	HCJY7AFX7_MIxT1XT3_24s001577-1-1_Jeong_lane1T1xiTRU3C21	WW	1	20	del_h2	1000	del_h1	0010	5.01173297905505	0	0.625
chrX	64400000	68400000	fastq0023_HPNE_T1	HCJY7AFX7_MIxT1XT3_24s001577-1-1_Jeong_lane1T1xiTRU3C22	WW	1	20	del_h2	1000	del_h1	0010	9.34569041949042	0	0.625
chrX	64400000	68400000	fastq0023_HPNE_T1	HCJY7AFX7_MIxT1XT3_24s001577-1-1_Jeong_lane1T1xiTRU3C25	CC	1	20	del_h2	1000	del_h1	0010	6.15601951875421	0	0.625
chrX	64400000	68400000	fastq0023_HPNE_T1	HCJY7AFX7_MIxT1XT3_24s001577-1-1_Jeong_lane1T1xiTRU3C26	CC	1	20	del_h2	1000	del_h1	0010	6.53842052777987	0	0.625
chrX	64400000	68400000	fastq0023_HPNE_T1	HCJY7AFX7_MIxT1XT3_24s001577-1-1_Jeong_lane1T1xiTRU3C27	CC	1	20	del_h2	1000	del_h1	0010	7.33753634386501	0	0.625
chrX	64400000	68400000	fastq0023_HPNE_T1	HCJY7AFX7_MIxT1XT3_24s001577-1-1_Jeong_lane1T1xiTRU3C30	WW	1	20	del_h2	1000	del_h1	0010	7.07846252207797	0	0.625
chrX	64400000	68400000	fastq0023_HPNE_T1	HCJY7AFX7_MIxT1XT3_24s001577-1-1_Jeong_lane1T1xiTRU3C31	CC	1	20	del_h2	1000	del_h1	0010	10.2775317122195	0	0.625
chrX	64400000	68400000	fastq0023_HPNE_T1	HCJY7AFX7_MIxT1XT3_24s001577-1-1_Jeong_lane1T1xiTRU3C33	CC	1	20	del_h2	1000	del_h1	0010	9.03087812160662	0	0.625
chrX	64400000	68400000	fastq0023_HPNE_T1	HCJY7AFX7_MIxT1XT3_24s001577-1-1_Jeong_lane1T1xiTRU3C52	CC	1	20	del_h1	0010	del_h2	1000	11.5024156525631	0	0.3125
chrX	64400000	68400000	fastq0023_HPNE_T1	HCJY7AFX7_MIxT1XT3_24s001577-1-1_Jeong_lane1T1xiTRU3C55	WW	1	20	del_h2	1000	del_h1	0010	11.084766863245	0	0.625
chrX	64400000	68400000	fastq0023_HPNE_T1	HCJY7AFX7_MIxT1XT3_24s001577-1-1_Jeong_lane1T1xiTRU3C59	CC	1	20	del_h1	0010	del_h2	1000	7.93302751501335	0	0.3125
chrX	64400000	68400000	fastq0023_HPNE_T1	HCJY7AFX7_MIxT1XT3_24s001577-1-1_Jeong_lane1T1xiTRU3C61	CC	1	20	del_h2	1000	del_h1	0010	8.68519453725403	0	0.625
chrX	64400000	68400000	fastq0023_HPNE_T1	HCJY7AFX7_MIxT1XT3_24s001577-1-1_Jeong_lane1T1xiTRU3C69	CC	1	20	del_h2	1000	del_h1	0010	9.53053611773744	0	0.625
chrX	64400000	68400000	fastq0023_HPNE_T1	HCJY7AFX7_MIxT1XT3_24s001577-1-1_Jeong_lane1T1xiTRU3C75	CC	1	20	del_h2	1000	del_h1	0010	19.9714405593273	0	0.625
chrX	64400000	68400000	fastq0023_HPNE_T1	HCJY7AFX7_MIxT1XT3_24s001577-1-1_Jeong_lane1T1xiTRU3C76	CC	1	20	del_h2	1000	del_h1	0010	16.028813107425	0	0.625
chrX	64400000	68400000	fastq0023_HPNE_T1	HCJY7AFX7_MIxT1XT3_24s001577-1-1_Jeong_lane1T1xiTRU3C81	WW	1	20	del_h2	1000	del_h1	0010	10.9848862263874	0	0.625
chrX	64400000	68400000	fastq0023_HPNE_T1	HCJY7AFX7_MIxT1XT3_24s001577-1-1_Jeong_lane1T1xiTRU3C83	CC	1	20	del_h1	0010	del_h2	1000	8.97921579848553	0	0.3125
chrX	64400000	68400000	fastq0023_HPNE_T1	HCJY7AFX7_MIxT1XT3_24s001577-1-1_Jeong_lane1T1xiTRU3C84	WW	1	20	del_h1	0010	del_h2	1000	13.4120273041035	0	0.3125
chrX	64400000	68400000	fastq0023_HPNE_T1	HCJY7AFX7_MIxT1XT3_24s001577-1-1_Jeong_lane1T1xiTRU3C85	WW	1	20	del_h2	1000	del_h1	0010	15.6649631219836	0	0.625
chrX	64400000	68400000	fastq0023_HPNE_T1	HCJY7AFX7_MIxT1XT3_24s001577-1-1_Jeong_lane1T1xiTRU3C86	CC	1	20	del_h1	0010	del_h2	1000	10.8403056277532	0	0.3125
chrX	64400000	68400000	fastq0023_HPNE_T1	HCJY7AFX7_MIxT1XT3_24s001577-1-1_Jeong_lane1T1xiTRU3C87	WW	1	20	del_h2	1000	del_h1	0010	16.7783988287151	0	0.625
chrX	64400000	68400000	fastq0023_HPNE_T1	HCJY7AFX7_MIxT1XT3_24s001577-1-1_Jeong_lane1T1xiTRU3C89	WW	1	20	del_h2	1000	del_h1	0010	13.1392527703983	0	0.625
chrX	64400000	68400000	fastq0023_HPNE_T1	HCJY7AFX7_MIxT1XT3_24s001577-1-1_Jeong_lane1T1xiTRU3C90	CC	1	20	del_h1	0010	del_h2	1000	8.61019112929853	0	0.3125
chrX	64400000	68400000	fastq0023_HPNE_T1	HCJY7AFX7_MIxT1XT3_24s001577-1-1_Jeong_lane1T1xiTRU3C95	CC	1	20	del_h1	0010	del_h2	1000	15.746585774441	0	0.3125
chrX	69400000	71000000	fastq0023_HPNE_T1	HCJY7AFX7_MIxT1XT3_24s001577-1-1_Jeong_lane1T1xiTRU3C17	CC	1	8	del_h2	1000	del_h1	0010	4.21080641794304	0	0.15625
chrX	69400000	71000000	fastq0023_HPNE_T1	HCJY7AFX7_MIxT1XT3_24s001577-1-1_Jeong_lane1T1xiTRU3C59	CC	1	8	del_h1	0010	del_h2	1000	4.4869264205133	0	0.15625
chrX	69400000	71000000	fastq0023_HPNE_T1	HCJY7AFX7_MIxT1XT3_24s001577-1-1_Jeong_lane1T1xiTRU3C61	CC	1	8	del_h2	1000	del_h1	0010	4.38605542303727	0	0.15625
chrX	69400000	71000000	fastq0023_HPNE_T1	HCJY7AFX7_MIxT1XT3_24s001577-1-1_Jeong_lane1T1xiTRU3C62	CC	1	8	del_h1	0010	del_h2	1000	4.28287148421414	0	0.15625
chrX	69400000	71000000	fastq0023_HPNE_T1	HCJY7AFX7_MIxT1XT3_24s001577-1-1_Jeong_lane1T1xiTRU3C75	CC	1	8	del_h1	0010	del_h2	1000	6.19082366465689	0	0.15625
chrX	69400000	71000000	fastq0023_HPNE_T1	HCJY7AFX7_MIxT1XT3_24s001577-1-1_Jeong_lane1T1xiTRU3C76	CC	1	8	del_h2	1000	del_h1	0010	7.32446766785946	0	0.15625
chrX	69400000	71000000	fastq0023_HPNE_T1	HCJY7AFX7_MIxT1XT3_24s001577-1-1_Jeong_lane1T1xiTRU3C81	WW	1	8	del_h2	1000	del_h1	0010	6.50322054835351	0	0.15625
chrX	69400000	71000000	fastq0023_HPNE_T1	HCJY7AFX7_MIxT1XT3_24s001577-1-1_Jeong_lane1T1xiTRU3C86	CC	1	8	del_h2	1000	del_h1	0010	5.11889350753034	0	0.15625
chrX	69400000	71000000	fastq0023_HPNE_T1	HCJY7AFX7_MIxT1XT3_24s001577-1-1_Jeong_lane1T1xiTRU3C87	WW	1	8	del_h1	0010	del_h2	1000	12.1043935082332	0	0.15625
chrX	69400000	71000000	fastq0023_HPNE_T1	HCJY7AFX7_MIxT1XT3_24s001577-1-1_Jeong_lane1T1xiTRU3C91	CC	1	8	del_h1	0010	del_h2	1000	6.18818009624706	0	0.15625
chrX	72400000	81800000	fastq0023_HPNE_T1	HCJY7AFX7_MIxT1XT3_24s001577-1-1_Jeong_lane1T1xiTRU3C15	WW	1	45	del_h2	1000	del_h1	0010	20.9033814264056	0	0.4375
chrX	72400000	81800000	fastq0023_HPNE_T1	HCJY7AFX7_MIxT1XT3_24s001577-1-1_Jeong_lane1T1xiTRU3C16	CC	1	45	del_h2	1000	del_h1	0010	13.8415618775799	0	0.4375
chrX	72400000	81800000	fastq0023_HPNE_T1	HCJY7AFX7_MIxT1XT3_24s001577-1-1_Jeong_lane1T1xiTRU3C17	CC	1	45	del_h1	0010	del_h2	1000	18.0808902446582	0	0.5625
chrX	72400000	81800000	fastq0023_HPNE_T1	HCJY7AFX7_MIxT1XT3_24s001577-1-1_Jeong_lane1T1xiTRU3C18	WW	1	45	del_h1	0010	del_h2	1000	18.8952320190571	0	0.5625
chrX	72400000	81800000	fastq0023_HPNE_T1	HCJY7AFX7_MIxT1XT3_24s001577-1-1_Jeong_lane1T1xiTRU3C19	CC	1	45	del_h2	1000	del_h1	0010	13.552776500521	0	0.4375
chrX	72400000	81800000	fastq0023_HPNE_T1	HCJY7AFX7_MIxT1XT3_24s001577-1-1_Jeong_lane1T1xiTRU3C20	WW	1	45	del_h1	0010	del_h2	1000	13.7319173255541	0	0.5625
chrX	72400000	81800000	fastq0023_HPNE_T1	HCJY7AFX7_MIxT1XT3_24s001577-1-1_Jeong_lane1T1xiTRU3C21	WW	1	45	del_h1	0010	del_h2	1000	17.9278330557532	0	0.5625
chrX	72400000	81800000	fastq0023_HPNE_T1	HCJY7AFX7_MIxT1XT3_24s001577-1-1_Jeong_lane1T1xiTRU3C22	WW	1	45	del_h1	0010	del_h2	1000	15.8643739501835	0	0.5625
chrX	72400000	81800000	fastq0023_HPNE_T1	HCJY7AFX7_MIxT1XT3_24s001577-1-1_Jeong_lane1T1xiTRU3C25	CC	1	45	del_h1	0010	del_h2	1000	14.1594339259911	0	0.5625
chrX	72400000	81800000	fastq0023_HPNE_T1	HCJY7AFX7_MIxT1XT3_24s001577-1-1_Jeong_lane1T1xiTRU3C26	CC	1	45	del_h1	0010	del_h2	1000	15.5083803103587	0	0.5625
chrX	72400000	81800000	fastq0023_HPNE_T1	HCJY7AFX7_MIxT1XT3_24s001577-1-1_Jeong_lane1T1xiTRU3C27	CC	1	45	del_h2	1000	del_h1	0010	19.2556259887818	0	0.4375
chrX	72400000	81800000	fastq0023_HPNE_T1	HCJY7AFX7_MIxT1XT3_24s001577-1-1_Jeong_lane1T1xiTRU3C30	WW	1	45	del_h1	0010	del_h2	1000	17.0211422414229	0	0.5625
chrX	72400000	81800000	fastq0023_HPNE_T1	HCJY7AFX7_MIxT1XT3_24s001577-1-1_Jeong_lane1T1xiTRU3C31	CC	1	45	del_h1	0010	del_h2	1000	25.4693311930458	0	0.5625
chrX	72400000	81800000	fastq0023_HPNE_T1	HCJY7AFX7_MIxT1XT3_24s001577-1-1_Jeong_lane1T1xiTRU3C33	CC	1	45	del_h2	1000	del_h1	0010	22.6625047123012	0	0.4375
chrX	72400000	81800000	fastq0023_HPNE_T1	HCJY7AFX7_MIxT1XT3_24s001577-1-1_Jeong_lane1T1xiTRU3C52	CC	1	45	del_h2	1000	del_h1	0010	23.6741726392591	0	0.4375
chrX	72400000	81800000	fastq0023_HPNE_T1	HCJY7AFX7_MIxT1XT3_24s001577-1-1_Jeong_lane1T1xiTRU3C55	WW	1	45	del_h2	1000	del_h1	0010	24.7660926501134	0	0.4375
chrX	72400000	81800000	fastq0023_HPNE_T1	HCJY7AFX7_MIxT1XT3_24s001577-1-1_Jeong_lane1T1xiTRU3C59	CC	1	45	del_h2	1000	del_h1	0010	19.6415393278756	0	0.4375
chrX	72400000	81800000	fastq0023_HPNE_T1	HCJY7AFX7_MIxT1XT3_24s001577-1-1_Jeong_lane1T1xiTRU3C61	CC	1	45	del_h1	0010	del_h2	1000	19.7821953948481	0	0.5625
chrX	72400000	81800000	fastq0023_HPNE_T1	HCJY7AFX7_MIxT1XT3_24s001577-1-1_Jeong_lane1T1xiTRU3C62	CC	1	45	del_h1	0010	del_h2	1000	19.335046961123	0	0.5625
chrX	72400000	81800000	fastq0023_HPNE_T1	HCJY7AFX7_MIxT1XT3_24s001577-1-1_Jeong_lane1T1xiTRU3C69	CC	1	45	del_h1	0010	del_h2	1000	24.6070221289768	0	0.5625
chrX	72400000	81800000	fastq0023_HPNE_T1	HCJY7AFX7_MIxT1XT3_24s001577-1-1_Jeong_lane1T1xiTRU3C75	CC	1	45	del_h1	0010	del_h2	1000	25.4900721605683	0	0.5625
chrX	72400000	81800000	fastq0023_HPNE_T1	HCJY7AFX7_MIxT1XT3_24s001577-1-1_Jeong_lane1T1xiTRU3C76	CC	1	45	del_h1	0010	del_h2	1000	25.4904098169441	0	0.5625
chrX	72400000	81800000	fastq0023_HPNE_T1	HCJY7AFX7_MIxT1XT3_24s001577-1-1_Jeong_lane1T1xiTRU3C81	WW	1	45	del_h2	1000	del_h1	0010	25.4904130252138	0	0.4375
chrX	72400000	81800000	fastq0023_HPNE_T1	HCJY7AFX7_MIxT1XT3_24s001577-1-1_Jeong_lane1T1xiTRU3C83	CC	1	45	del_h1	0010	del_h2	1000	25.4865378699082	0	0.5625
chrX	72400000	81800000	fastq0023_HPNE_T1	HCJY7AFX7_MIxT1XT3_24s001577-1-1_Jeong_lane1T1xiTRU3C84	WW	1	45	del_h2	1000	del_h1	0010	25.4803751043579	0	0.4375
chrX	72400000	81800000	fastq0023_HPNE_T1	HCJY7AFX7_MIxT1XT3_24s001577-1-1_Jeong_lane1T1xiTRU3C85	WW	1	45	del_h2	1000	del_h1	0010	25.4682217784714	0	0.4375
chrX	72400000	81800000	fastq0023_HPNE_T1	HCJY7AFX7_MIxT1XT3_24s001577-1-1_Jeong_lane1T1xiTRU3C86	CC	1	45	del_h2	1000	del_h1	0010	25.4904151378232	0	0.4375
chrX	72400000	81800000	fastq0023_HPNE_T1	HCJY7AFX7_MIxT1XT3_24s001577-1-1_Jeong_lane1T1xiTRU3C87	WW	1	45	del_h1	0010	del_h2	1000	25.4904157507852	0	0.5625
chrX	72400000	81800000	fastq0023_HPNE_T1	HCJY7AFX7_MIxT1XT3_24s001577-1-1_Jeong_lane1T1xiTRU3C89	WW	1	45	del_h1	0010	del_h2	1000	25.3332933399941	0	0.5625
chrX	72400000	81800000	fastq0023_HPNE_T1	HCJY7AFX7_MIxT1XT3_24s001577-1-1_Jeong_lane1T1xiTRU3C90	CC	1	45	del_h2	1000	del_h1	0010	25.4885904754353	0	0.4375
chrX	72400000	81800000	fastq0023_HPNE_T1	HCJY7AFX7_MIxT1XT3_24s001577-1-1_Jeong_lane1T1xiTRU3C91	CC	1	45	del_h1	0010	del_h2	1000	25.4897594998472	0	0.5625
chrX	72400000	81800000	fastq0023_HPNE_T1	HCJY7AFX7_MIxT1XT3_24s001577-1-1_Jeong_lane1T1xiTRU3C95	CC	1	45	del_h2	1000	del_h1	0010	25.490412794382	0	0.4375
chrX	81800000	84800000	fastq0023_HPNE_T1	HCJY7AFX7_MIxT1XT3_24s001577-1-1_Jeong_lane1T1xiTRU3C15	WW	1	15	del_h2	1000	del_h1	0010	8.51492846565075	0	0.59375
chrX	81800000	84800000	fastq0023_HPNE_T1	HCJY7AFX7_MIxT1XT3_24s001577-1-1_Jeong_lane1T1xiTRU3C16	CC	1	15	del_h2	1000	del_h1	0010	8.6383523667402	0	0.59375
chrX	81800000	84800000	fastq0023_HPNE_T1	HCJY7AFX7_MIxT1XT3_24s001577-1-1_Jeong_lane1T1xiTRU3C17	CC	1	15	del_h1	0010	del_h2	1000	9.04163880892149	0	0.40625
chrX	81800000	84800000	fastq0023_HPNE_T1	HCJY7AFX7_MIxT1XT3_24s001577-1-1_Jeong_lane1T1xiTRU3C18	WW	1	15	del_h1	0010	del_h2	1000	5.56266595296524	0	0.40625
chrX	81800000	84800000	fastq0023_HPNE_T1	HCJY7AFX7_MIxT1XT3_24s001577-1-1_Jeong_lane1T1xiTRU3C19	CC	1	15	del_h2	1000	del_h1	0010	6.82572948199245	0	0.59375
chrX	81800000	84800000	fastq0023_HPNE_T1	HCJY7AFX7_MIxT1XT3_24s001577-1-1_Jeong_lane1T1xiTRU3C20	WW	1	15	del_h1	0010	del_h2	1000	8.44146686473202	0	0.40625
chrX	81800000	84800000	fastq0023_HPNE_T1	HCJY7AFX7_MIxT1XT3_24s001577-1-1_Jeong_lane1T1xiTRU3C21	WW	1	15	del_h1	0010	del_h2	1000	7.01399289599641	0	0.40625
chrX	81800000	84800000	fastq0023_HPNE_T1	HCJY7AFX7_MIxT1XT3_24s001577-1-1_Jeong_lane1T1xiTRU3C22	WW	1	15	del_h2	1000	del_h1	0010	4.64976285703607	0	0.59375
chrX	81800000	84800000	fastq0023_HPNE_T1	HCJY7AFX7_MIxT1XT3_24s001577-1-1_Jeong_lane1T1xiTRU3C25	CC	1	15	del_h2	1000	del_h1	0010	12.1492323390301	0	0.59375
chrX	81800000	84800000	fastq0023_HPNE_T1	HCJY7AFX7_MIxT1XT3_24s001577-1-1_Jeong_lane1T1xiTRU3C26	CC	1	15	del_h2	1000	del_h1	0010	9.97928622078736	0	0.59375
chrX	81800000	84800000	fastq0023_HPNE_T1	HCJY7AFX7_MIxT1XT3_24s001577-1-1_Jeong_lane1T1xiTRU3C27	CC	1	15	del_h1	0010	del_h2	1000	12.366615475735	0	0.40625
chrX	81800000	84800000	fastq0023_HPNE_T1	HCJY7AFX7_MIxT1XT3_24s001577-1-1_Jeong_lane1T1xiTRU3C30	WW	1	15	del_h1	0010	del_h2	1000	9.09535892638091	0	0.40625
chrX	81800000	84800000	fastq0023_HPNE_T1	HCJY7AFX7_MIxT1XT3_24s001577-1-1_Jeong_lane1T1xiTRU3C31	CC	1	15	del_h2	1000	del_h1	0010	13.381561847288	0	0.59375
chrX	81800000	84800000	fastq0023_HPNE_T1	HCJY7AFX7_MIxT1XT3_24s001577-1-1_Jeong_lane1T1xiTRU3C33	CC	1	15	del_h2	1000	del_h1	0010	14.1129389106109	0	0.59375
chrX	81800000	84800000	fastq0023_HPNE_T1	HCJY7AFX7_MIxT1XT3_24s001577-1-1_Jeong_lane1T1xiTRU3C52	CC	1	15	del_h1	0010	del_h2	1000	10.2229563732331	0	0.40625
chrX	81800000	84800000	fastq0023_HPNE_T1	HCJY7AFX7_MIxT1XT3_24s001577-1-1_Jeong_lane1T1xiTRU3C55	WW	1	15	del_h2	1000	del_h1	0010	17.8880475165081	0	0.59375
chrX	81800000	84800000	fastq0023_HPNE_T1	HCJY7AFX7_MIxT1XT3_24s001577-1-1_Jeong_lane1T1xiTRU3C59	CC	1	15	del_h1	0010	del_h2	1000	10.1155740951076	0	0.40625
chrX	81800000	84800000	fastq0023_HPNE_T1	HCJY7AFX7_MIxT1XT3_24s001577-1-1_Jeong_lane1T1xiTRU3C61	CC	1	15	del_h2	1000	del_h1	0010	11.0861029907319	0	0.59375
chrX	81800000	84800000	fastq0023_HPNE_T1	HCJY7AFX7_MIxT1XT3_24s001577-1-1_Jeong_lane1T1xiTRU3C62	CC	1	15	del_h1	0010	del_h2	1000	8.80293110786212	0	0.40625
chrX	81800000	84800000	fastq0023_HPNE_T1	HCJY7AFX7_MIxT1XT3_24s001577-1-1_Jeong_lane1T1xiTRU3C69	CC	1	15	del_h2	1000	del_h1	0010	10.4518752587879	0	0.59375
chrX	81800000	84800000	fastq0023_HPNE_T1	HCJY7AFX7_MIxT1XT3_24s001577-1-1_Jeong_lane1T1xiTRU3C75	CC	1	15	del_h1	0010	del_h2	1000	21.344629245227	0	0.40625
chrX	81800000	84800000	fastq0023_HPNE_T1	HCJY7AFX7_MIxT1XT3_24s001577-1-1_Jeong_lane1T1xiTRU3C76	CC	1	15	del_h1	0010	del_h2	1000	13.9865004878841	0	0.40625
chrX	81800000	84800000	fastq0023_HPNE_T1	HCJY7AFX7_MIxT1XT3_24s001577-1-1_Jeong_lane1T1xiTRU3C81	WW	1	15	del_h1	0010	del_h2	1000	20.5930630884208	0	0.40625
chrX	81800000	84800000	fastq0023_HPNE_T1	HCJY7AFX7_MIxT1XT3_24s001577-1-1_Jeong_lane1T1xiTRU3C83	CC	1	15	del_h2	1000	del_h1	0010	16.5795786402136	0	0.59375
chrX	81800000	84800000	fastq0023_HPNE_T1	HCJY7AFX7_MIxT1XT3_24s001577-1-1_Jeong_lane1T1xiTRU3C84	WW	1	15	del_h2	1000	del_h1	0010	15.0691344525501	0	0.59375
chrX	81800000	84800000	fastq0023_HPNE_T1	HCJY7AFX7_MIxT1XT3_24s001577-1-1_Jeong_lane1T1xiTRU3C85	WW	1	15	del_h2	1000	del_h1	0010	10.9859518728085	0	0.59375
chrX	81800000	84800000	fastq0023_HPNE_T1	HCJY7AFX7_MIxT1XT3_24s001577-1-1_Jeong_lane1T1xiTRU3C86	CC	1	15	del_h2	1000	del_h1	0010	16.4911280916582	0	0.59375
chrX	81800000	84800000	fastq0023_HPNE_T1	HCJY7AFX7_MIxT1XT3_24s001577-1-1_Jeong_lane1T1xiTRU3C87	WW	1	15	del_h2	1000	del_h1	0010	21.2561282355322	0	0.59375
chrX	81800000	84800000	fastq0023_HPNE_T1	HCJY7AFX7_MIxT1XT3_24s001577-1-1_Jeong_lane1T1xiTRU3C89	WW	1	15	del_h2	1000	del_h1	0010	16.727519412595	0	0.59375
chrX	81800000	84800000	fastq0023_HPNE_T1	HCJY7AFX7_MIxT1XT3_24s001577-1-1_Jeong_lane1T1xiTRU3C90	CC	1	15	del_h2	1000	del_h1	0010	10.7033100596903	0	0.59375
chrX	81800000	84800000	fastq0023_HPNE_T1	HCJY7AFX7_MIxT1XT3_24s001577-1-1_Jeong_lane1T1xiTRU3C91	CC	1	15	del_h1	0010	del_h2	1000	18.2762658689485	0	0.40625
chrX	81800000	84800000	fastq0023_HPNE_T1	HCJY7AFX7_MIxT1XT3_24s001577-1-1_Jeong_lane1T1xiTRU3C95	CC	1	15	del_h2	1000	del_h1	0010	16.3748304135391	0	0.59375
chrX	93600000	100600000	fastq0023_HPNE_T1	HCJY7AFX7_MIxT1XT3_24s001577-1-1_Jeong_lane1T1xiTRU3C15	CC	1	35	del_h2	1000	del_h1	0010	15.4124164499018	0	0.53125
chrX	93600000	100600000	fastq0023_HPNE_T1	HCJY7AFX7_MIxT1XT3_24s001577-1-1_Jeong_lane1T1xiTRU3C16	CC	1	35	del_h2	1000	del_h1	0010	18.9337776413012	0	0.53125
chrX	93600000	100600000	fastq0023_HPNE_T1	HCJY7AFX7_MIxT1XT3_24s001577-1-1_Jeong_lane1T1xiTRU3C17	CC	1	35	del_h1	0010	del_h2	1000	14.7203096860166	0	0.4375
chrX	93600000	100600000	fastq0023_HPNE_T1	HCJY7AFX7_MIxT1XT3_24s001577-1-1_Jeong_lane1T1xiTRU3C18	WW	1	35	del_h2	1000	del_h1	0010	12.0381133937514	0	0.53125
chrX	93600000	100600000	fastq0023_HPNE_T1	HCJY7AFX7_MIxT1XT3_24s001577-1-1_Jeong_lane1T1xiTRU3C19	CC	1	35	del_h2	1000	del_h1	0010	17.5501044753615	0	0.53125
chrX	93600000	100600000	fastq0023_HPNE_T1	HCJY7AFX7_MIxT1XT3_24s001577-1-1_Jeong_lane1T1xiTRU3C20	WW	1	35	del_h1	0010	del_h2	1000	12.0253090720492	0	0.4375
chrX	93600000	100600000	fastq0023_HPNE_T1	HCJY7AFX7_MIxT1XT3_24s001577-1-1_Jeong_lane1T1xiTRU3C21	WW	1	35	del_h2	1000	del_h1	0010	8.0354755992847	0	0.53125
chrX	93600000	100600000	fastq0023_HPNE_T1	HCJY7AFX7_MIxT1XT3_24s001577-1-1_Jeong_lane1T1xiTRU3C22	?	1	35	del_h1	0010	del_h2	1000	4.32446007363773	0	0.4375
chrX	93600000	100600000	fastq0023_HPNE_T1	HCJY7AFX7_MIxT1XT3_24s001577-1-1_Jeong_lane1T1xiTRU3C25	CC	1	35	del_h2	1000	del_h1	0010	13.6045368845746	0	0.53125
chrX	93600000	100600000	fastq0023_HPNE_T1	HCJY7AFX7_MIxT1XT3_24s001577-1-1_Jeong_lane1T1xiTRU3C26	CC	1	35	del_h2	1000	del_h1	0010	9.38518799270094	0	0.53125
chrX	93600000	100600000	fastq0023_HPNE_T1	HCJY7AFX7_MIxT1XT3_24s001577-1-1_Jeong_lane1T1xiTRU3C27	CC	1	35	del_h2	1000	del_h1	0010	21.2313701692138	0	0.53125
chrX	93600000	100600000	fastq0023_HPNE_T1	HCJY7AFX7_MIxT1XT3_24s001577-1-1_Jeong_lane1T1xiTRU3C31	CC	1	35	del_h1	0010	del_h2	1000	18.4110221280238	0	0.4375
chrX	93600000	100600000	fastq0023_HPNE_T1	HCJY7AFX7_MIxT1XT3_24s001577-1-1_Jeong_lane1T1xiTRU3C33	CC	1	35	del_h1	0010	del_h2	1000	11.122173707115	0	0.4375
chrX	93600000	100600000	fastq0023_HPNE_T1	HCJY7AFX7_MIxT1XT3_24s001577-1-1_Jeong_lane1T1xiTRU3C52	CC	1	35	del_h1	0010	del_h2	1000	18.844516842348	0	0.4375
chrX	93600000	100600000	fastq0023_HPNE_T1	HCJY7AFX7_MIxT1XT3_24s001577-1-1_Jeong_lane1T1xiTRU3C55	WW	1	35	del_h1	0010	del_h2	1000	20.0180911927324	0	0.4375
chrX	93600000	100600000	fastq0023_HPNE_T1	HCJY7AFX7_MIxT1XT3_24s001577-1-1_Jeong_lane1T1xiTRU3C59	CC	1	35	del_h1	0010	del_h2	1000	14.3946604179786	0	0.4375
chrX	93600000	100600000	fastq0023_HPNE_T1	HCJY7AFX7_MIxT1XT3_24s001577-1-1_Jeong_lane1T1xiTRU3C61	CC	1	35	del_h1	0010	del_h2	1000	12.7395684942641	0	0.4375
chrX	93600000	100600000	fastq0023_HPNE_T1	HCJY7AFX7_MIxT1XT3_24s001577-1-1_Jeong_lane1T1xiTRU3C62	CC	1	35	del_h1	0010	del_h2	1000	13.0314668204787	0	0.4375
chrX	93600000	100600000	fastq0023_HPNE_T1	HCJY7AFX7_MIxT1XT3_24s001577-1-1_Jeong_lane1T1xiTRU3C69	CC	1	35	del_h2	1000	del_h1	0010	21.8336155311881	0	0.53125
chrX	93600000	100600000	fastq0023_HPNE_T1	HCJY7AFX7_MIxT1XT3_24s001577-1-1_Jeong_lane1T1xiTRU3C75	CC	1	35	del_h1	0010	del_h2	1000	22.3880032705814	0	0.4375
chrX	93600000	100600000	fastq0023_HPNE_T1	HCJY7AFX7_MIxT1XT3_24s001577-1-1_Jeong_lane1T1xiTRU3C76	CC	1	35	del_h1	0010	del_h2	1000	22.3884646626342	0	0.4375
chrX	93600000	100600000	fastq0023_HPNE_T1	HCJY7AFX7_MIxT1XT3_24s001577-1-1_Jeong_lane1T1xiTRU3C81	WW	1	35	del_h1	0010	del_h2	1000	22.3884208132314	0	0.4375
chrX	93600000	100600000	fastq0023_HPNE_T1	HCJY7AFX7_MIxT1XT3_24s001577-1-1_Jeong_lane1T1xiTRU3C83	CC	1	35	del_h2	1000	del_h1	0010	19.4671779779	0	0.53125
chrX	93600000	100600000	fastq0023_HPNE_T1	HCJY7AFX7_MIxT1XT3_24s001577-1-1_Jeong_lane1T1xiTRU3C84	WW	1	35	del_h2	1000	del_h1	0010	22.2175389572986	0	0.53125
chrX	93600000	100600000	fastq0023_HPNE_T1	HCJY7AFX7_MIxT1XT3_24s001577-1-1_Jeong_lane1T1xiTRU3C85	WW	1	35	del_h2	1000	del_h1	0010	20.5455833140518	0	0.53125
chrX	93600000	100600000	fastq0023_HPNE_T1	HCJY7AFX7_MIxT1XT3_24s001577-1-1_Jeong_lane1T1xiTRU3C86	CC	1	35	del_h1	0010	del_h2	1000	22.3884272156421	0	0.4375
chrX	93600000	100600000	fastq0023_HPNE_T1	HCJY7AFX7_MIxT1XT3_24s001577-1-1_Jeong_lane1T1xiTRU3C87	WW	1	35	del_h2	1000	del_h1	0010	22.3884648066505	0	0.53125
chrX	93600000	100600000	fastq0023_HPNE_T1	HCJY7AFX7_MIxT1XT3_24s001577-1-1_Jeong_lane1T1xiTRU3C89	WW	1	35	del_h2	1000	del_h1	0010	20.4291353129962	0	0.53125
chrX	93600000	100600000	fastq0023_HPNE_T1	HCJY7AFX7_MIxT1XT3_24s001577-1-1_Jeong_lane1T1xiTRU3C90	CC	1	35	del_h2	1000	del_h1	0010	22.3802447543565	0	0.53125
chrX	93600000	100600000	fastq0023_HPNE_T1	HCJY7AFX7_MIxT1XT3_24s001577-1-1_Jeong_lane1T1xiTRU3C91	CC	1	35	del_h2	1000	del_h1	0010	22.3884604282212	0	0.53125
chrX	93600000	100600000	fastq0023_HPNE_T1	HCJY7AFX7_MIxT1XT3_24s001577-1-1_Jeong_lane1T1xiTRU3C95	?	1	35	del_h2	1000	del_h1	0010	4.32446007363773	0	0.53125
chrX	101200000	113200000	fastq0023_HPNE_T1	HCJY7AFX7_MIxT1XT3_24s001577-1-1_Jeong_lane1T1xiTRU3C15	CC	1	59	del_h2	1000	del_h1	0010	20.3870510100292	0	0.4375
chrX	101200000	113200000	fastq0023_HPNE_T1	HCJY7AFX7_MIxT1XT3_24s001577-1-1_Jeong_lane1T1xiTRU3C16	CC	1	59	del_h1	0010	del_h2	1000	19.1916675157145	0	0.5625
chrX	101200000	113200000	fastq0023_HPNE_T1	HCJY7AFX7_MIxT1XT3_24s001577-1-1_Jeong_lane1T1xiTRU3C17	CC	1	59	del_h1	0010	del_h2	1000	24.5554254418393	0	0.5625
chrX	101200000	113200000	fastq0023_HPNE_T1	HCJY7AFX7_MIxT1XT3_24s001577-1-1_Jeong_lane1T1xiTRU3C18	WW	1	59	del_h2	1000	del_h1	0010	18.0249941739358	0	0.4375
chrX	101200000	113200000	fastq0023_HPNE_T1	HCJY7AFX7_MIxT1XT3_24s001577-1-1_Jeong_lane1T1xiTRU3C19	CC	1	59	del_h1	0010	del_h2	1000	17.1221786655584	0	0.5625
chrX	101200000	113200000	fastq0023_HPNE_T1	HCJY7AFX7_MIxT1XT3_24s001577-1-1_Jeong_lane1T1xiTRU3C20	WW	1	59	del_h1	0010	del_h2	1000	14.9999775740531	0	0.5625
chrX	101200000	113200000	fastq0023_HPNE_T1	HCJY7AFX7_MIxT1XT3_24s001577-1-1_Jeong_lane1T1xiTRU3C21	WW	1	59	del_h1	0010	del_h2	1000	13.3062371423066	0	0.5625
chrX	101200000	113200000	fastq0023_HPNE_T1	HCJY7AFX7_MIxT1XT3_24s001577-1-1_Jeong_lane1T1xiTRU3C22	CC	1	59	del_h2	1000	del_h1	0010	15.6044156052605	0	0.4375
chrX	101200000	113200000	fastq0023_HPNE_T1	HCJY7AFX7_MIxT1XT3_24s001577-1-1_Jeong_lane1T1xiTRU3C25	CC	1	59	del_h2	1000	del_h1	0010	15.9327278534405	0	0.4375
chrX	101200000	113200000	fastq0023_HPNE_T1	HCJY7AFX7_MIxT1XT3_24s001577-1-1_Jeong_lane1T1xiTRU3C26	CC	1	59	del_h1	0010	del_h2	1000	20.3916862014246	0	0.5625
chrX	101200000	113200000	fastq0023_HPNE_T1	HCJY7AFX7_MIxT1XT3_24s001577-1-1_Jeong_lane1T1xiTRU3C27	CC	1	59	del_h1	0010	del_h2	1000	24.8751091800564	0	0.5625
chrX	101200000	113200000	fastq0023_HPNE_T1	HCJY7AFX7_MIxT1XT3_24s001577-1-1_Jeong_lane1T1xiTRU3C30	WW	1	59	del_h1	0010	del_h2	1000	6.1423528545098	0	0.5625
chrX	101200000	113200000	fastq0023_HPNE_T1	HCJY7AFX7_MIxT1XT3_24s001577-1-1_Jeong_lane1T1xiTRU3C31	CC	1	59	del_h1	0010	del_h2	1000	24.884040986159	0	0.5625
chrX	101200000	113200000	fastq0023_HPNE_T1	HCJY7AFX7_MIxT1XT3_24s001577-1-1_Jeong_lane1T1xiTRU3C33	CC	1	59	del_h1	0010	del_h2	1000	13.8313077328269	0	0.5625
chrX	101200000	113200000	fastq0023_HPNE_T1	HCJY7AFX7_MIxT1XT3_24s001577-1-1_Jeong_lane1T1xiTRU3C52	CC	1	59	del_h1	0010	del_h2	1000	23.3688775083951	0	0.5625
chrX	101200000	113200000	fastq0023_HPNE_T1	HCJY7AFX7_MIxT1XT3_24s001577-1-1_Jeong_lane1T1xiTRU3C55	WW	1	59	del_h1	0010	del_h2	1000	24.7891576181642	0	0.5625
chrX	101200000	113200000	fastq0023_HPNE_T1	HCJY7AFX7_MIxT1XT3_24s001577-1-1_Jeong_lane1T1xiTRU3C59	CC	1	59	del_h1	0010	del_h2	1000	21.6920632728184	0	0.5625
chrX	101200000	113200000	fastq0023_HPNE_T1	HCJY7AFX7_MIxT1XT3_24s001577-1-1_Jeong_lane1T1xiTRU3C61	CC	1	59	del_h1	0010	del_h2	1000	22.3558510184748	0	0.5625
chrX	101200000	113200000	fastq0023_HPNE_T1	HCJY7AFX7_MIxT1XT3_24s001577-1-1_Jeong_lane1T1xiTRU3C62	CC	1	59	del_h2	1000	del_h1	0010	18.4486807111952	0	0.4375
chrX	101200000	113200000	fastq0023_HPNE_T1	HCJY7AFX7_MIxT1XT3_24s001577-1-1_Jeong_lane1T1xiTRU3C69	CC	1	59	del_h2	1000	del_h1	0010	24.8775879105136	0	0.4375
chrX	101200000	113200000	fastq0023_HPNE_T1	HCJY7AFX7_MIxT1XT3_24s001577-1-1_Jeong_lane1T1xiTRU3C75	CC	1	59	del_h2	1000	del_h1	0010	24.8912335524914	0	0.4375
chrX	101200000	113200000	fastq0023_HPNE_T1	HCJY7AFX7_MIxT1XT3_24s001577-1-1_Jeong_lane1T1xiTRU3C76	CC	1	59	del_h2	1000	del_h1	0010	24.8911840730395	0	0.4375
chrX	101200000	113200000	fastq0023_HPNE_T1	HCJY7AFX7_MIxT1XT3_24s001577-1-1_Jeong_lane1T1xiTRU3C81	WW	1	59	del_h2	1000	del_h1	0010	24.8912335525127	0	0.4375
chrX	101200000	113200000	fastq0023_HPNE_T1	HCJY7AFX7_MIxT1XT3_24s001577-1-1_Jeong_lane1T1xiTRU3C83	CC	1	59	del_h2	1000	del_h1	0010	21.8146381466739	0	0.4375
chrX	101200000	113200000	fastq0023_HPNE_T1	HCJY7AFX7_MIxT1XT3_24s001577-1-1_Jeong_lane1T1xiTRU3C84	WW	1	59	del_h1	0010	del_h2	1000	24.8911928515157	0	0.5625
chrX	101200000	113200000	fastq0023_HPNE_T1	HCJY7AFX7_MIxT1XT3_24s001577-1-1_Jeong_lane1T1xiTRU3C85	WW	1	59	del_h1	0010	del_h2	1000	24.8912262534788	0	0.5625
chrX	101200000	113200000	fastq0023_HPNE_T1	HCJY7AFX7_MIxT1XT3_24s001577-1-1_Jeong_lane1T1xiTRU3C86	CC	1	59	del_h1	0010	del_h2	1000	24.891233062885	0	0.5625
chrX	101200000	113200000	fastq0023_HPNE_T1	HCJY7AFX7_MIxT1XT3_24s001577-1-1_Jeong_lane1T1xiTRU3C87	WW	1	59	del_h1	0010	del_h2	1000	24.891233552514	0	0.5625
chrX	101200000	113200000	fastq0023_HPNE_T1	HCJY7AFX7_MIxT1XT3_24s001577-1-1_Jeong_lane1T1xiTRU3C89	WW	1	59	del_h2	1000	del_h1	0010	24.8105447688607	0	0.4375
chrX	101200000	113200000	fastq0023_HPNE_T1	HCJY7AFX7_MIxT1XT3_24s001577-1-1_Jeong_lane1T1xiTRU3C90	CC	1	59	del_h2	1000	del_h1	0010	24.370026558193	0	0.4375
chrX	101200000	113200000	fastq0023_HPNE_T1	HCJY7AFX7_MIxT1XT3_24s001577-1-1_Jeong_lane1T1xiTRU3C91	CC	1	59	del_h2	1000	del_h1	0010	24.8912335519832	0	0.4375
chrX	101200000	113200000	fastq0023_HPNE_T1	HCJY7AFX7_MIxT1XT3_24s001577-1-1_Jeong_lane1T1xiTRU3C95	WW	1	59	del_h2	1000	del_h1	0010	24.891226723285	0	0.4375
chrX	113200000	118400000	fastq0023_HPNE_T1	HCJY7AFX7_MIxT1XT3_24s001577-1-1_Jeong_lane1T1xiTRU3C15	CC	1	24	del_h1	0010	del_h2	1000	14.2567716654892	0	0.53125
chrX	113200000	118400000	fastq0023_HPNE_T1	HCJY7AFX7_MIxT1XT3_24s001577-1-1_Jeong_lane1T1xiTRU3C16	CC	1	24	del_h2	1000	del_h1	0010	14.7426966797355	0	0.46875
chrX	113200000	118400000	fastq0023_HPNE_T1	HCJY7AFX7_MIxT1XT3_24s001577-1-1_Jeong_lane1T1xiTRU3C17	CC	1	24	del_h1	0010	del_h2	1000	9.91948177392389	0	0.53125
chrX	113200000	118400000	fastq0023_HPNE_T1	HCJY7AFX7_MIxT1XT3_24s001577-1-1_Jeong_lane1T1xiTRU3C18	WW	1	24	del_h1	0010	del_h2	1000	19.1415274280673	0	0.53125
chrX	113200000	118400000	fastq0023_HPNE_T1	HCJY7AFX7_MIxT1XT3_24s001577-1-1_Jeong_lane1T1xiTRU3C19	CC	1	24	del_h1	0010	del_h2	1000	13.2784163833159	0	0.53125
chrX	113200000	118400000	fastq0023_HPNE_T1	HCJY7AFX7_MIxT1XT3_24s001577-1-1_Jeong_lane1T1xiTRU3C20	WW	1	24	del_h2	1000	del_h1	0010	11.8725251535869	0	0.46875
chrX	113200000	118400000	fastq0023_HPNE_T1	HCJY7AFX7_MIxT1XT3_24s001577-1-1_Jeong_lane1T1xiTRU3C21	WW	1	24	del_h2	1000	del_h1	0010	14.5910901295897	0	0.46875
chrX	113200000	118400000	fastq0023_HPNE_T1	HCJY7AFX7_MIxT1XT3_24s001577-1-1_Jeong_lane1T1xiTRU3C22	CC	1	24	del_h1	0010	del_h2	1000	10.0798316735686	0	0.53125
chrX	113200000	118400000	fastq0023_HPNE_T1	HCJY7AFX7_MIxT1XT3_24s001577-1-1_Jeong_lane1T1xiTRU3C25	CC	1	24	del_h2	1000	del_h1	0010	15.3059848757943	0	0.46875
chrX	113200000	118400000	fastq0023_HPNE_T1	HCJY7AFX7_MIxT1XT3_24s001577-1-1_Jeong_lane1T1xiTRU3C26	CC	1	24	del_h2	1000	del_h1	0010	12.9209826845323	0	0.46875
chrX	113200000	118400000	fastq0023_HPNE_T1	HCJY7AFX7_MIxT1XT3_24s001577-1-1_Jeong_lane1T1xiTRU3C27	CC	1	24	del_h2	1000	del_h1	0010	13.642522472016	0	0.46875
chrX	113200000	118400000	fastq0023_HPNE_T1	HCJY7AFX7_MIxT1XT3_24s001577-1-1_Jeong_lane1T1xiTRU3C30	WW	1	24	del_h2	1000	del_h1	0010	10.9816725681391	0	0.46875
chrX	113200000	118400000	fastq0023_HPNE_T1	HCJY7AFX7_MIxT1XT3_24s001577-1-1_Jeong_lane1T1xiTRU3C31	CC	1	24	del_h2	1000	del_h1	0010	16.9320979607277	0	0.46875
chrX	113200000	118400000	fastq0023_HPNE_T1	HCJY7AFX7_MIxT1XT3_24s001577-1-1_Jeong_lane1T1xiTRU3C33	CC	1	24	del_h1	0010	del_h2	1000	17.3487775080709	0	0.53125
chrX	113200000	118400000	fastq0023_HPNE_T1	HCJY7AFX7_MIxT1XT3_24s001577-1-1_Jeong_lane1T1xiTRU3C52	CC	1	24	del_h1	0010	del_h2	1000	18.3169242436738	0	0.53125
chrX	113200000	118400000	fastq0023_HPNE_T1	HCJY7AFX7_MIxT1XT3_24s001577-1-1_Jeong_lane1T1xiTRU3C55	WW	1	24	del_h1	0010	del_h2	1000	16.3749040966737	0	0.53125
chrX	113200000	118400000	fastq0023_HPNE_T1	HCJY7AFX7_MIxT1XT3_24s001577-1-1_Jeong_lane1T1xiTRU3C59	CC	1	24	del_h1	0010	del_h2	1000	18.6600182964025	0	0.53125
chrX	113200000	118400000	fastq0023_HPNE_T1	HCJY7AFX7_MIxT1XT3_24s001577-1-1_Jeong_lane1T1xiTRU3C61	CC	1	24	del_h2	1000	del_h1	0010	15.5779320384803	0	0.46875
chrX	113200000	118400000	fastq0023_HPNE_T1	HCJY7AFX7_MIxT1XT3_24s001577-1-1_Jeong_lane1T1xiTRU3C62	CC	1	24	del_h1	0010	del_h2	1000	10.1100386362469	0	0.53125
chrX	113200000	118400000	fastq0023_HPNE_T1	HCJY7AFX7_MIxT1XT3_24s001577-1-1_Jeong_lane1T1xiTRU3C69	CC	1	24	del_h1	0010	del_h2	1000	12.9814949402751	0	0.53125
chrX	113200000	118400000	fastq0023_HPNE_T1	HCJY7AFX7_MIxT1XT3_24s001577-1-1_Jeong_lane1T1xiTRU3C75	CC	1	24	del_h1	0010	del_h2	1000	23.5612738214777	0	0.53125
chrX	113200000	118400000	fastq0023_HPNE_T1	HCJY7AFX7_MIxT1XT3_24s001577-1-1_Jeong_lane1T1xiTRU3C76	CC	1	24	del_h1	0010	del_h2	1000	19.4858046474727	0	0.53125
chrX	113200000	118400000	fastq0023_HPNE_T1	HCJY7AFX7_MIxT1XT3_24s001577-1-1_Jeong_lane1T1xiTRU3C81	WW	1	24	del_h2	1000	del_h1	0010	23.5624904650741	0	0.46875
chrX	113200000	118400000	fastq0023_HPNE_T1	HCJY7AFX7_MIxT1XT3_24s001577-1-1_Jeong_lane1T1xiTRU3C83	CC	1	24	del_h1	0010	del_h2	1000	15.4951184870249	0	0.53125
chrX	113200000	118400000	fastq0023_HPNE_T1	HCJY7AFX7_MIxT1XT3_24s001577-1-1_Jeong_lane1T1xiTRU3C84	WW	1	24	del_h2	1000	del_h1	0010	19.9408326655985	0	0.46875
chrX	113200000	118400000	fastq0023_HPNE_T1	HCJY7AFX7_MIxT1XT3_24s001577-1-1_Jeong_lane1T1xiTRU3C85	WW	1	24	del_h1	0010	del_h2	1000	18.2439064255338	0	0.53125
chrX	113200000	118400000	fastq0023_HPNE_T1	HCJY7AFX7_MIxT1XT3_24s001577-1-1_Jeong_lane1T1xiTRU3C86	CC	1	24	del_h2	1000	del_h1	0010	22.9614411081896	0	0.46875
chrX	113200000	118400000	fastq0023_HPNE_T1	HCJY7AFX7_MIxT1XT3_24s001577-1-1_Jeong_lane1T1xiTRU3C87	WW	1	24	del_h2	1000	del_h1	0010	23.5500417195365	0	0.46875
chrX	113200000	118400000	fastq0023_HPNE_T1	HCJY7AFX7_MIxT1XT3_24s001577-1-1_Jeong_lane1T1xiTRU3C89	WW	1	24	del_h2	1000	del_h1	0010	16.8982316895903	0	0.46875
chrX	113200000	118400000	fastq0023_HPNE_T1	HCJY7AFX7_MIxT1XT3_24s001577-1-1_Jeong_lane1T1xiTRU3C90	CC	1	24	del_h1	0010	del_h2	1000	16.243544002723	0	0.53125
chrX	113200000	118400000	fastq0023_HPNE_T1	HCJY7AFX7_MIxT1XT3_24s001577-1-1_Jeong_lane1T1xiTRU3C91	CC	1	24	del_h1	0010	del_h2	1000	23.257569460098	0	0.53125
chrX	113200000	118400000	fastq0023_HPNE_T1	HCJY7AFX7_MIxT1XT3_24s001577-1-1_Jeong_lane1T1xiTRU3C95	WW	1	24	del_h2	1000	del_h1	0010	23.5085562239891	0	0.46875
chrX	118400000	120600000	fastq0023_HPNE_T1	HCJY7AFX7_MIxT1XT3_24s001577-1-1_Jeong_lane1T1xiTRU3C59	CC	1	11	del_h2	1000	del_h1	0010	4.71206465298153	0	0.09375
chrX	118400000	120600000	fastq0023_HPNE_T1	HCJY7AFX7_MIxT1XT3_24s001577-1-1_Jeong_lane1T1xiTRU3C69	CC	1	11	del_h2	1000	del_h1	0010	4.26134601043909	0	0.09375
chrX	118400000	120600000	fastq0023_HPNE_T1	HCJY7AFX7_MIxT1XT3_24s001577-1-1_Jeong_lane1T1xiTRU3C76	CC	1	11	del_h1	0010	del_h2	1000	4.79483037914155	0	0.125
chrX	118400000	120600000	fastq0023_HPNE_T1	HCJY7AFX7_MIxT1XT3_24s001577-1-1_Jeong_lane1T1xiTRU3C86	CC	1	11	del_h1	0010	del_h2	1000	5.36588167016108	0	0.125
chrX	118400000	120600000	fastq0023_HPNE_T1	HCJY7AFX7_MIxT1XT3_24s001577-1-1_Jeong_lane1T1xiTRU3C87	WW	1	11	del_h1	0010	del_h2	1000	5.5710966811223	0	0.125
chrX	118400000	120600000	fastq0023_HPNE_T1	HCJY7AFX7_MIxT1XT3_24s001577-1-1_Jeong_lane1T1xiTRU3C91	CC	1	11	del_h1	0010	del_h2	1000	4.14178839025557	0	0.125
chrX	118400000	120600000	fastq0023_HPNE_T1	HCJY7AFX7_MIxT1XT3_24s001577-1-1_Jeong_lane1T1xiTRU3C95	WW	1	11	del_h2	1000	del_h1	0010	4.83367217748181	0	0.09375
chrX	120600000	149800000	fastq0023_HPNE_T1	HCJY7AFX7_MIxT1XT3_24s001577-1-1_Jeong_lane1T1xiTRU3C15	CC	1	142	del_h1	0010	del_h2	1000	29.7407303887694	0	0.375
chrX	120600000	149800000	fastq0023_HPNE_T1	HCJY7AFX7_MIxT1XT3_24s001577-1-1_Jeong_lane1T1xiTRU3C16	CC	1	142	del_h2	1000	del_h1	0010	30.2374687081526	0	0.625
chrX	120600000	149800000	fastq0023_HPNE_T1	HCJY7AFX7_MIxT1XT3_24s001577-1-1_Jeong_lane1T1xiTRU3C17	CC	1	142	del_h2	1000	del_h1	0010	30.2374685903979	0	0.625
chrX	120600000	149800000	fastq0023_HPNE_T1	HCJY7AFX7_MIxT1XT3_24s001577-1-1_Jeong_lane1T1xiTRU3C18	WW	1	142	del_h2	1000	del_h1	0010	30.2366996450151	0	0.625
chrX	120600000	149800000	fastq0023_HPNE_T1	HCJY7AFX7_MIxT1XT3_24s001577-1-1_Jeong_lane1T1xiTRU3C19	CC	1	142	del_h2	1000	del_h1	0010	30.2374686354944	0	0.625
chrX	120600000	149800000	fastq0023_HPNE_T1	HCJY7AFX7_MIxT1XT3_24s001577-1-1_Jeong_lane1T1xiTRU3C20	WW	1	142	del_h2	1000	del_h1	0010	17.8945200534335	0	0.625
chrX	120600000	149800000	fastq0023_HPNE_T1	HCJY7AFX7_MIxT1XT3_24s001577-1-1_Jeong_lane1T1xiTRU3C21	WW	1	142	del_h1	0010	del_h2	1000	28.5226678751336	0	0.375
chrX	120600000	149800000	fastq0023_HPNE_T1	HCJY7AFX7_MIxT1XT3_24s001577-1-1_Jeong_lane1T1xiTRU3C22	CC	1	142	del_h2	1000	del_h1	0010	30.2364393311093	0	0.625
chrX	120600000	149800000	fastq0023_HPNE_T1	HCJY7AFX7_MIxT1XT3_24s001577-1-1_Jeong_lane1T1xiTRU3C25	CC	1	142	del_h2	1000	del_h1	0010	30.2374686062032	0	0.625
chrX	120600000	149800000	fastq0023_HPNE_T1	HCJY7AFX7_MIxT1XT3_24s001577-1-1_Jeong_lane1T1xiTRU3C26	CC	1	142	del_h2	1000	del_h1	0010	30.2346414975469	0	0.625
chrX	120600000	149800000	fastq0023_HPNE_T1	HCJY7AFX7_MIxT1XT3_24s001577-1-1_Jeong_lane1T1xiTRU3C27	CC	1	142	del_h2	1000	del_h1	0010	30.237468713945	0	0.625
chrX	120600000	149800000	fastq0023_HPNE_T1	HCJY7AFX7_MIxT1XT3_24s001577-1-1_Jeong_lane1T1xiTRU3C30	WW	1	142	del_h1	0010	del_h2	1000	30.0182165283135	0	0.375
chrX	120600000	149800000	fastq0023_HPNE_T1	HCJY7AFX7_MIxT1XT3_24s001577-1-1_Jeong_lane1T1xiTRU3C31	CC	1	142	del_h1	0010	del_h2	1000	30.2374687139464	0	0.375
chrX	120600000	149800000	fastq0023_HPNE_T1	HCJY7AFX7_MIxT1XT3_24s001577-1-1_Jeong_lane1T1xiTRU3C33	CC	1	142	del_h2	1000	del_h1	0010	30.2311860938459	0	0.625
chrX	120600000	149800000	fastq0023_HPNE_T1	HCJY7AFX7_MIxT1XT3_24s001577-1-1_Jeong_lane1T1xiTRU3C52	CC	1	142	del_h1	0010	del_h2	1000	30.2374687138613	0	0.375
chrX	120600000	149800000	fastq0023_HPNE_T1	HCJY7AFX7_MIxT1XT3_24s001577-1-1_Jeong_lane1T1xiTRU3C55	WW	1	142	del_h1	0010	del_h2	1000	30.2374687139464	0	0.375
chrX	120600000	149800000	fastq0023_HPNE_T1	HCJY7AFX7_MIxT1XT3_24s001577-1-1_Jeong_lane1T1xiTRU3C59	CC	1	142	del_h2	1000	del_h1	0010	30.2374687139464	0	0.625
chrX	120600000	149800000	fastq0023_HPNE_T1	HCJY7AFX7_MIxT1XT3_24s001577-1-1_Jeong_lane1T1xiTRU3C61	CC	1	142	del_h1	0010	del_h2	1000	30.2374654852852	0	0.375
chrX	120600000	149800000	fastq0023_HPNE_T1	HCJY7AFX7_MIxT1XT3_24s001577-1-1_Jeong_lane1T1xiTRU3C62	CC	1	142	del_h2	1000	del_h1	0010	30.2374180584078	0	0.625
chrX	120600000	149800000	fastq0023_HPNE_T1	HCJY7AFX7_MIxT1XT3_24s001577-1-1_Jeong_lane1T1xiTRU3C69	CC	1	142	del_h2	1000	del_h1	0010	30.2374687139464	0	0.625
chrX	120600000	149800000	fastq0023_HPNE_T1	HCJY7AFX7_MIxT1XT3_24s001577-1-1_Jeong_lane1T1xiTRU3C75	?	1	142	del_h2	1000	del_h1	0010	12.1734639809333	0	0.625
chrX	120600000	149800000	fastq0023_HPNE_T1	HCJY7AFX7_MIxT1XT3_24s001577-1-1_Jeong_lane1T1xiTRU3C76	CC	1	142	del_h1	0010	del_h2	1000	30.2374687139464	0	0.375
chrX	120600000	149800000	fastq0023_HPNE_T1	HCJY7AFX7_MIxT1XT3_24s001577-1-1_Jeong_lane1T1xiTRU3C81	WW	1	142	del_h2	1000	del_h1	0010	30.2374687139464	0	0.625
chrX	120600000	149800000	fastq0023_HPNE_T1	HCJY7AFX7_MIxT1XT3_24s001577-1-1_Jeong_lane1T1xiTRU3C83	CC	1	142	del_h2	1000	del_h1	0010	30.2374687138895	0	0.625
chrX	120600000	149800000	fastq0023_HPNE_T1	HCJY7AFX7_MIxT1XT3_24s001577-1-1_Jeong_lane1T1xiTRU3C84	WW	1	142	del_h2	1000	del_h1	0010	30.2374687139464	0	0.625
chrX	120600000	149800000	fastq0023_HPNE_T1	HCJY7AFX7_MIxT1XT3_24s001577-1-1_Jeong_lane1T1xiTRU3C85	WW	1	142	del_h1	0010	del_h2	1000	30.2374687139464	0	0.375
chrX	120600000	149800000	fastq0023_HPNE_T1	HCJY7AFX7_MIxT1XT3_24s001577-1-1_Jeong_lane1T1xiTRU3C86	CC	1	142	del_h2	1000	del_h1	0010	30.2374687139464	0	0.625
chrX	120600000	149800000	fastq0023_HPNE_T1	HCJY7AFX7_MIxT1XT3_24s001577-1-1_Jeong_lane1T1xiTRU3C87	WW	1	142	del_h1	0010	del_h2	1000	30.2374687139464	0	0.375
chrX	120600000	149800000	fastq0023_HPNE_T1	HCJY7AFX7_MIxT1XT3_24s001577-1-1_Jeong_lane1T1xiTRU3C89	WW	1	142	del_h2	1000	del_h1	0010	30.2374687139464	0	0.625
chrX	120600000	149800000	fastq0023_HPNE_T1	HCJY7AFX7_MIxT1XT3_24s001577-1-1_Jeong_lane1T1xiTRU3C90	CC	1	142	del_h1	0010	del_h2	1000	30.2374687139464	0	0.375
chrX	120600000	149800000	fastq0023_HPNE_T1	HCJY7AFX7_MIxT1XT3_24s001577-1-1_Jeong_lane1T1xiTRU3C91	CC	1	142	del_h2	1000	del_h1	0010	30.2374687139464	0	0.625
chrX	120600000	149800000	fastq0023_HPNE_T1	HCJY7AFX7_MIxT1XT3_24s001577-1-1_Jeong_lane1T1xiTRU3C95	WW	1	142	del_h1	0010	del_h2	1000	30.2374687139464	0	0.375
chrX	149800000	152200000	fastq0023_HPNE_T1	HCJY7AFX7_MIxT1XT3_24s001577-1-1_Jeong_lane1T1xiTRU3C59	CC	1	12	del_h1	0010	del_h2	1000	4.86713437981928	0	0.03125
chrX	149800000	152200000	fastq0023_HPNE_T1	HCJY7AFX7_MIxT1XT3_24s001577-1-1_Jeong_lane1T1xiTRU3C81	WW	1	12	del_h2	1000	del_h1	0010	7.51619861489674	0	0.09375
chrX	149800000	152200000	fastq0023_HPNE_T1	HCJY7AFX7_MIxT1XT3_24s001577-1-1_Jeong_lane1T1xiTRU3C87	WW	1	12	del_h2	1000	del_h1	0010	8.16763916162471	0	0.09375
chrX	149800000	152200000	fastq0023_HPNE_T1	HCJY7AFX7_MIxT1XT3_24s001577-1-1_Jeong_lane1T1xiTRU3C90	CC	1	12	del_h2	1000	del_h1	0010	4.67680684986889	0	0.09375
chrX	152200000	152800000	fastq0023_HPNE_T1	HCJY7AFX7_MIxT1XT3_24s001577-1-1_Jeong_lane1T1xiTRU3C81	WW	1	3	del_h2	1000	del_h1	0010	4.10430127087796	0	0.03125
chrX	154000000	155800000	fastq0023_HPNE_T1	HCJY7AFX7_MIxT1XT3_24s001577-1-1_Jeong_lane1T1xiTRU3C15	CC	1	8	del_h2	1000	del_h1	0010	5.0104860849823	0	0.15625
chrX	154000000	155800000	fastq0023_HPNE_T1	HCJY7AFX7_MIxT1XT3_24s001577-1-1_Jeong_lane1T1xiTRU3C27	CC	1	8	del_h2	1000	del_h1	0010	4.56553232109685	0	0.15625
chrX	154000000	155800000	fastq0023_HPNE_T1	HCJY7AFX7_MIxT1XT3_24s001577-1-1_Jeong_lane1T1xiTRU3C76	CC	1	8	del_h2	1000	del_h1	0010	4.13538770355277	0	0.15625
chrX	154000000	155800000	fastq0023_HPNE_T1	HCJY7AFX7_MIxT1XT3_24s001577-1-1_Jeong_lane1T1xiTRU3C81	WW	1	8	del_h2	1000	del_h1	0010	4.77314936972748	0	0.15625
chrX	154000000	155800000	fastq0023_HPNE_T1	HCJY7AFX7_MIxT1XT3_24s001577-1-1_Jeong_lane1T1xiTRU3C84	WW	1	8	del_h2	1000	del_h1	0010	4.87086789114974	0	0.15625
chrX	154000000	155800000	fastq0023_HPNE_T1	HCJY7AFX7_MIxT1XT3_24s001577-1-1_Jeong_lane1T1xiTRU3C87	WW	1	8	del_h1	0010	del_h2	1000	5.19074705028843	0	0.03125
chrX	155800000	156040895	fastq0023_HPNE_T1	HCJY7AFX7_MIxT1XT3_24s001577-1-1_Jeong_lane1T1xiTRU3C84	WW	1	1	inv_hom	0101	inv_h2	1001	6.00564349194815	2.21172686876597	0.03125
chrY	0	2800000	fastq0023_HPNE_T1	HCJY7AFX7_MIxT1XT3_24s001577-1-1_Jeong_lane1T1xiTRU3C15	CC	1	14	del_hom	0000	del_h1	0010	44.6720855643622	28.9938506749398	1
chrY	0	2800000	fastq0023_HPNE_T1	HCJY7AFX7_MIxT1XT3_24s001577-1-1_Jeong_lane1T1xiTRU3C16	CC	1	14	del_hom	0000	del_h1	0010	44.6597660001833	22.8132303534164	1
chrY	0	2800000	fastq0023_HPNE_T1	HCJY7AFX7_MIxT1XT3_24s001577-1-1_Jeong_lane1T1xiTRU3C17	WW	1	14	del_hom	0000	del_h2	1000	44.6720860151971	30.4454720844216	1
chrY	0	2800000	fastq0023_HPNE_T1	HCJY7AFX7_MIxT1XT3_24s001577-1-1_Jeong_lane1T1xiTRU3C18	WC	1	14	del_hom	0000	del_h2	1000	44.6720556520417	26.8946625580008	1
chrY	0	2800000	fastq0023_HPNE_T1	HCJY7AFX7_MIxT1XT3_24s001577-1-1_Jeong_lane1T1xiTRU3C19	WC	1	14	del_hom	0000	del_h2	1000	44.6720859447071	29.8560560689484	1
chrY	0	2800000	fastq0023_HPNE_T1	HCJY7AFX7_MIxT1XT3_24s001577-1-1_Jeong_lane1T1xiTRU3C20	CC	1	14	del_hom	0000	del_h1	0010	44.6720618003566	27.0040190211595	1
chrY	0	2800000	fastq0023_HPNE_T1	HCJY7AFX7_MIxT1XT3_24s001577-1-1_Jeong_lane1T1xiTRU3C21	WW	1	14	del_hom	0000	del_h1	0010	44.6720860077884	30.3509331701011	1
chrY	0	2800000	fastq0023_HPNE_T1	HCJY7AFX7_MIxT1XT3_24s001577-1-1_Jeong_lane1T1xiTRU3C22	CC	1	14	del_hom	0000	del_h2	1000	44.6720851631728	28.6681789804724	1
chrY	0	2800000	fastq0023_HPNE_T1	HCJY7AFX7_MIxT1XT3_24s001577-1-1_Jeong_lane1T1xiTRU3C25	CC	1	14	del_hom	0000	del_h2	1000	44.6720859628837	29.9628025580509	1
chrY	0	2800000	fastq0023_HPNE_T1	HCJY7AFX7_MIxT1XT3_24s001577-1-1_Jeong_lane1T1xiTRU3C26	WW	1	14	del_hom	0000	del_h1	0010	44.6720850588456	28.6090813147356	1
chrY	0	2800000	fastq0023_HPNE_T1	HCJY7AFX7_MIxT1XT3_24s001577-1-1_Jeong_lane1T1xiTRU3C27	WW	1	14	del_hom	0000	del_h1	0010	44.6720860470824	31.1242290351482	1
chrY	0	2800000	fastq0023_HPNE_T1	HCJY7AFX7_MIxT1XT3_24s001577-1-1_Jeong_lane1T1xiTRU3C30	CC	1	14	del_hom	0000	del_h2	1000	44.6720849240668	28.5417163887263	1
chrY	0	2800000	fastq0023_HPNE_T1	HCJY7AFX7_MIxT1XT3_24s001577-1-1_Jeong_lane1T1xiTRU3C31	CC	1	14	del_hom	0000	del_h1	0010	44.6720860434267	31.0071637649659	1
chrY	0	2800000	fastq0023_HPNE_T1	HCJY7AFX7_MIxT1XT3_24s001577-1-1_Jeong_lane1T1xiTRU3C33	CC	1	14	del_hom	0000	del_h1	0010	44.6720860471663	31.1270979566087	1
chrY	0	2800000	fastq0023_HPNE_T1	HCJY7AFX7_MIxT1XT3_24s001577-1-1_Jeong_lane1T1xiTRU3C52	WC	1	14	del_hom	0000	del_h2	1000	44.6720845209509	28.3815980772811	1
chrY	0	2800000	fastq0023_HPNE_T1	HCJY7AFX7_MIxT1XT3_24s001577-1-1_Jeong_lane1T1xiTRU3C55	WW	1	14	del_hom	0000	del_h1	0010	44.6720860457426	31.0786395330279	1
chrY	0	2800000	fastq0023_HPNE_T1	HCJY7AFX7_MIxT1XT3_24s001577-1-1_Jeong_lane1T1xiTRU3C59	CC	1	14	del_hom	0000	del_h2	1000	44.6720859881375	30.1513430579113	1
chrY	0	2800000	fastq0023_HPNE_T1	HCJY7AFX7_MIxT1XT3_24s001577-1-1_Jeong_lane1T1xiTRU3C61	WW	1	14	del_hom	0000	del_h2	1000	44.672085814971	29.614244918531	1
chrY	0	2800000	fastq0023_HPNE_T1	HCJY7AFX7_MIxT1XT3_24s001577-1-1_Jeong_lane1T1xiTRU3C62	CC	1	14	del_hom	0000	del_h1	0010	44.6719638916622	26.2264367477545	1
chrY	0	2800000	fastq0023_HPNE_T1	HCJY7AFX7_MIxT1XT3_24s001577-1-1_Jeong_lane1T1xiTRU3C69	WW	1	14	del_hom	0000	del_h1	0010	44.6720860327145	30.7406093380197	1
chrY	0	2800000	fastq0023_HPNE_T1	HCJY7AFX7_MIxT1XT3_24s001577-1-1_Jeong_lane1T1xiTRU3C75	CC	1	14	del_hom	0000	del_h2	1000	44.6720860472423	31.1297512282826	1
chrY	0	2800000	fastq0023_HPNE_T1	HCJY7AFX7_MIxT1XT3_24s001577-1-1_Jeong_lane1T1xiTRU3C76	WW	1	14	del_hom	0000	del_h2	1000	44.6720860472423	31.129751050961	1
chrY	0	2800000	fastq0023_HPNE_T1	HCJY7AFX7_MIxT1XT3_24s001577-1-1_Jeong_lane1T1xiTRU3C81	CC	1	14	del_hom	0000	del_h1	0010	44.6720860472423	31.1297512297892	1
chrY	0	2800000	fastq0023_HPNE_T1	HCJY7AFX7_MIxT1XT3_24s001577-1-1_Jeong_lane1T1xiTRU3C83	CC	1	14	del_hom	0000	del_h2	1000	44.6720860451999	31.0607767930489	1
chrY	0	2800000	fastq0023_HPNE_T1	HCJY7AFX7_MIxT1XT3_24s001577-1-1_Jeong_lane1T1xiTRU3C84	CC	1	14	del_hom	0000	del_h1	0010	44.6720860472404	31.129685276294	1
chrY	0	2800000	fastq0023_HPNE_T1	HCJY7AFX7_MIxT1XT3_24s001577-1-1_Jeong_lane1T1xiTRU3C85	CC	1	14	del_hom	0000	del_h2	1000	44.6720860472423	31.1297512297729	1
chrY	0	2800000	fastq0023_HPNE_T1	HCJY7AFX7_MIxT1XT3_24s001577-1-1_Jeong_lane1T1xiTRU3C86	CC	1	14	del_hom	0000	del_h2	1000	44.6720860472423	31.1297511033377	1
chrY	0	2800000	fastq0023_HPNE_T1	HCJY7AFX7_MIxT1XT3_24s001577-1-1_Jeong_lane1T1xiTRU3C87	CC	1	14	del_hom	0000	del_h1	0010	44.6720860472423	31.1297512306599	1
chrY	0	2800000	fastq0023_HPNE_T1	HCJY7AFX7_MIxT1XT3_24s001577-1-1_Jeong_lane1T1xiTRU3C89	WW	1	14	del_hom	0000	del_h2	1000	44.6720860472423	31.1297506681024	1
chrY	0	2800000	fastq0023_HPNE_T1	HCJY7AFX7_MIxT1XT3_24s001577-1-1_Jeong_lane1T1xiTRU3C90	WW	1	14	del_hom	0000	del_h2	1000	44.6720860467008	31.1109787169633	1
chrY	0	2800000	fastq0023_HPNE_T1	HCJY7AFX7_MIxT1XT3_24s001577-1-1_Jeong_lane1T1xiTRU3C91	WC	1	14	del_hom	0000	del_h2	1000	44.6720860472423	31.1297510420767	1
chrY	0	2800000	fastq0023_HPNE_T1	HCJY7AFX7_MIxT1XT3_24s001577-1-1_Jeong_lane1T1xiTRU3C95	WW	1	14	del_hom	0000	del_h2	1000	44.6720860470648	31.1235567550004	1
chrY	2800000	6800000	fastq0023_HPNE_T1	HCJY7AFX7_MIxT1XT3_24s001577-1-1_Jeong_lane1T1xiTRU3C15	CC	1	20	del_h2	1000	del_h1	0010	18.4055992297661	0.159414066630401	0.8125
chrY	2800000	6800000	fastq0023_HPNE_T1	HCJY7AFX7_MIxT1XT3_24s001577-1-1_Jeong_lane1T1xiTRU3C16	CC	1	20	del_h2	1000	del_h1	0010	16.2520263924271	0.159414066630401	0.8125
chrY	2800000	6800000	fastq0023_HPNE_T1	HCJY7AFX7_MIxT1XT3_24s001577-1-1_Jeong_lane1T1xiTRU3C17	WW	1	20	del_h2	1000	del_h1	0010	20.7740114585511	0.159414066630401	0.8125
chrY	2800000	6800000	fastq0023_HPNE_T1	HCJY7AFX7_MIxT1XT3_24s001577-1-1_Jeong_lane1T1xiTRU3C18	WC	1	20	del_h2	1000	complex	0001	26.8419599256849	5.29688155024994	0.8125
chrY	2800000	6800000	fastq0023_HPNE_T1	HCJY7AFX7_MIxT1XT3_24s001577-1-1_Jeong_lane1T1xiTRU3C19	WC	1	20	del_hom	0000	del_h1	0010	27.9226528847403	18.0170781446725	0.125
chrY	2800000	6800000	fastq0023_HPNE_T1	HCJY7AFX7_MIxT1XT3_24s001577-1-1_Jeong_lane1T1xiTRU3C20	CC	1	20	del_h2	1000	del_h1	0010	17.5890450977852	0.159414066630401	0.8125
chrY	2800000	6800000	fastq0023_HPNE_T1	HCJY7AFX7_MIxT1XT3_24s001577-1-1_Jeong_lane1T1xiTRU3C21	WW	1	20	del_h2	1000	del_h1	0010	20.9004444777476	0.159414066630401	0.8125
chrY	2800000	6800000	fastq0023_HPNE_T1	HCJY7AFX7_MIxT1XT3_24s001577-1-1_Jeong_lane1T1xiTRU3C22	CC	1	20	del_h2	1000	del_h1	0010	20.2313524573044	0.159414066630401	0.8125
chrY	2800000	6800000	fastq0023_HPNE_T1	HCJY7AFX7_MIxT1XT3_24s001577-1-1_Jeong_lane1T1xiTRU3C25	CC	1	20	del_h2	1000	del_h1	0010	15.8661003742357	0.1594140666304	0.8125
chrY	2800000	6800000	fastq0023_HPNE_T1	HCJY7AFX7_MIxT1XT3_24s001577-1-1_Jeong_lane1T1xiTRU3C26	WW	1	20	del_h2	1000	del_h1	0010	20.8275350016164	0.159414066630401	0.8125
chrY	2800000	6800000	fastq0023_HPNE_T1	HCJY7AFX7_MIxT1XT3_24s001577-1-1_Jeong_lane1T1xiTRU3C27	WW	1	20	del_h2	1000	del_h1	0010	22.4096841924168	0.1594140666304	0.8125
chrY	2800000	6800000	fastq0023_HPNE_T1	HCJY7AFX7_MIxT1XT3_24s001577-1-1_Jeong_lane1T1xiTRU3C30	CC	1	20	complex	0001	complex	0100	25.540285332004	0.348552450064912	0.0625
chrY	2800000	6800000	fastq0023_HPNE_T1	HCJY7AFX7_MIxT1XT3_24s001577-1-1_Jeong_lane1T1xiTRU3C31	CC	1	20	del_h2	1000	del_h1	0010	23.468011724618	0.1594140666304	0.8125
chrY	2800000	6800000	fastq0023_HPNE_T1	HCJY7AFX7_MIxT1XT3_24s001577-1-1_Jeong_lane1T1xiTRU3C33	CC	1	20	del_h2	1000	del_h1	0010	24.7704017886523	0.1594140666304	0.8125
chrY	2800000	6800000	fastq0023_HPNE_T1	HCJY7AFX7_MIxT1XT3_24s001577-1-1_Jeong_lane1T1xiTRU3C52	WC	1	20	del_hom	0000	del_h2	1000	27.9226529169294	19.0222541396745	0.125
chrY	2800000	6800000	fastq0023_HPNE_T1	HCJY7AFX7_MIxT1XT3_24s001577-1-1_Jeong_lane1T1xiTRU3C55	WW	1	20	del_h2	1000	del_h1	0010	25.7761304860057	0.159414066630401	0.8125
chrY	2800000	6800000	fastq0023_HPNE_T1	HCJY7AFX7_MIxT1XT3_24s001577-1-1_Jeong_lane1T1xiTRU3C59	CC	1	20	complex	0001	complex	0100	25.5465273347008	0.348552450064912	0.0625
chrY	2800000	6800000	fastq0023_HPNE_T1	HCJY7AFX7_MIxT1XT3_24s001577-1-1_Jeong_lane1T1xiTRU3C61	WW	1	20	del_hom	0000	complex	0001	25.6690049800281	0.220498805327707	0.125
chrY	2800000	6800000	fastq0023_HPNE_T1	HCJY7AFX7_MIxT1XT3_24s001577-1-1_Jeong_lane1T1xiTRU3C62	CC	1	20	del_h2	1000	del_h1	0010	18.1517028292451	0.159414066630401	0.8125
chrY	2800000	6800000	fastq0023_HPNE_T1	HCJY7AFX7_MIxT1XT3_24s001577-1-1_Jeong_lane1T1xiTRU3C69	WW	1	20	del_h2	1000	del_h1	0010	22.4256590175775	0.159414066630401	0.8125
chrY	2800000	6800000	fastq0023_HPNE_T1	HCJY7AFX7_MIxT1XT3_24s001577-1-1_Jeong_lane1T1xiTRU3C75	CC	1	20	del_h2	1000	del_h1	0010	26.2514051448035	0.159414066630401	0.8125
chrY	2800000	6800000	fastq0023_HPNE_T1	HCJY7AFX7_MIxT1XT3_24s001577-1-1_Jeong_lane1T1xiTRU3C76	WW	1	20	del_h2	1000	del_h1	0010	26.2512280513045	0.159414066630401	0.8125
chrY	2800000	6800000	fastq0023_HPNE_T1	HCJY7AFX7_MIxT1XT3_24s001577-1-1_Jeong_lane1T1xiTRU3C81	CC	1	20	del_h2	1000	del_h1	0010	26.2339664126509	0.159414066630401	0.8125
chrY	2800000	6800000	fastq0023_HPNE_T1	HCJY7AFX7_MIxT1XT3_24s001577-1-1_Jeong_lane1T1xiTRU3C83	CC	1	20	del_h2	1000	del_h1	0010	25.2256079122152	0.159414066630401	0.8125
chrY	2800000	6800000	fastq0023_HPNE_T1	HCJY7AFX7_MIxT1XT3_24s001577-1-1_Jeong_lane1T1xiTRU3C84	CC	1	20	del_h2	1000	del_h1	0010	26.2480315963256	0.1594140666304	0.8125
chrY	2800000	6800000	fastq0023_HPNE_T1	HCJY7AFX7_MIxT1XT3_24s001577-1-1_Jeong_lane1T1xiTRU3C85	CC	1	20	del_h2	1000	del_h1	0010	26.2504240526554	0.159414066630401	0.8125
chrY	2800000	6800000	fastq0023_HPNE_T1	HCJY7AFX7_MIxT1XT3_24s001577-1-1_Jeong_lane1T1xiTRU3C86	CC	1	20	del_h2	1000	del_h1	0010	26.1228068683106	0.159414066630401	0.8125
chrY	2800000	6800000	fastq0023_HPNE_T1	HCJY7AFX7_MIxT1XT3_24s001577-1-1_Jeong_lane1T1xiTRU3C87	CC	1	20	del_h2	1000	del_h1	0010	26.2514207498975	0.159414066630401	0.8125
chrY	2800000	6800000	fastq0023_HPNE_T1	HCJY7AFX7_MIxT1XT3_24s001577-1-1_Jeong_lane1T1xiTRU3C89	WW	1	20	del_h2	1000	del_h1	0010	26.1549678033078	0.1594140666304	0.8125
chrY	2800000	6800000	fastq0023_HPNE_T1	HCJY7AFX7_MIxT1XT3_24s001577-1-1_Jeong_lane1T1xiTRU3C90	WW	1	20	del_h2	1000	del_h1	0010	26.0913403832517	0.159414066630401	0.8125
chrY	2800000	6800000	fastq0023_HPNE_T1	HCJY7AFX7_MIxT1XT3_24s001577-1-1_Jeong_lane1T1xiTRU3C91	WC	1	20	del_hom	0000	del_h2	1000	27.9226529175085	19.0420898144614	0.125
chrY	2800000	6800000	fastq0023_HPNE_T1	HCJY7AFX7_MIxT1XT3_24s001577-1-1_Jeong_lane1T1xiTRU3C95	WW	1	20	del_h2	1000	del_h1	0010	26.2234043691372	0.159414066630401	0.8125
chrY	6800000	8600000	fastq0023_HPNE_T1	HCJY7AFX7_MIxT1XT3_24s001577-1-1_Jeong_lane1T1xiTRU3C18	WC	1	9	del_h2	1000	inv_h2	1001	9.9711582640247	4.85026502212726	0.21875
chrY	6800000	8600000	fastq0023_HPNE_T1	HCJY7AFX7_MIxT1XT3_24s001577-1-1_Jeong_lane1T1xiTRU3C19	WC	1	9	del_hom	0000	del_h2	1000	20.4202282229381	12.0329116797342	0.09375
chrY	6800000	8600000	fastq0023_HPNE_T1	HCJY7AFX7_MIxT1XT3_24s001577-1-1_Jeong_lane1T1xiTRU3C30	CC	1	9	inv_hom	0101	complex	0001	16.2491876135772	1.47603974427124	0.09375
chrY	6800000	8600000	fastq0023_HPNE_T1	HCJY7AFX7_MIxT1XT3_24s001577-1-1_Jeong_lane1T1xiTRU3C31	CC	1	9	del_h2	1000	del_h1	0010	4.47457582597385	0.0849826365851087	0.21875
chrY	6800000	8600000	fastq0023_HPNE_T1	HCJY7AFX7_MIxT1XT3_24s001577-1-1_Jeong_lane1T1xiTRU3C52	WC	1	9	del_hom	0000	del_h2	1000	20.3179736650797	10.9171746378894	0.09375
chrY	6800000	8600000	fastq0023_HPNE_T1	HCJY7AFX7_MIxT1XT3_24s001577-1-1_Jeong_lane1T1xiTRU3C55	WW	1	9	del_h2	1000	del_h1	0010	5.2496687551402	0.0849826365851087	0.21875
chrY	6800000	8600000	fastq0023_HPNE_T1	HCJY7AFX7_MIxT1XT3_24s001577-1-1_Jeong_lane1T1xiTRU3C59	CC	1	9	inv_hom	0101	complex	0001	16.1430729502959	0.52217429532442	0.09375
chrY	6800000	8600000	fastq0023_HPNE_T1	HCJY7AFX7_MIxT1XT3_24s001577-1-1_Jeong_lane1T1xiTRU3C61	WW	1	9	inv_hom	0101	complex	0001	16.2760582331551	1.91651315455622	0.09375
chrY	6800000	8600000	fastq0023_HPNE_T1	HCJY7AFX7_MIxT1XT3_24s001577-1-1_Jeong_lane1T1xiTRU3C76	WW	1	9	del_h2	1000	del_h1	0010	5.72744697295169	0.0849826365851087	0.21875
chrY	6800000	8600000	fastq0023_HPNE_T1	HCJY7AFX7_MIxT1XT3_24s001577-1-1_Jeong_lane1T1xiTRU3C81	CC	1	9	del_h2	1000	del_h1	0010	4.86439640920401	0.0849826365851087	0.21875
chrY	6800000	8600000	fastq0023_HPNE_T1	HCJY7AFX7_MIxT1XT3_24s001577-1-1_Jeong_lane1T1xiTRU3C87	CC	1	9	del_h2	1000	del_h1	0010	5.77037136317688	0.0849826365851087	0.21875
chrY	6800000	8600000	fastq0023_HPNE_T1	HCJY7AFX7_MIxT1XT3_24s001577-1-1_Jeong_lane1T1xiTRU3C89	WW	1	9	del_h2	1000	del_h1	0010	5.07399786376571	0.0849826365851087	0.21875
chrY	6800000	8600000	fastq0023_HPNE_T1	HCJY7AFX7_MIxT1XT3_24s001577-1-1_Jeong_lane1T1xiTRU3C91	WC	1	9	del_hom	0000	del_h2	1000	20.4315856975065	19.0633258405585	0.09375
chrY	8600000	8800000	fastq0023_HPNE_T1	HCJY7AFX7_MIxT1XT3_24s001577-1-1_Jeong_lane1T1xiTRU3C59	CC	1	1	inv_hom	0101	inv_h2	1001	4.42519819549733	2.02492823191931	0.03125
chrY	8600000	8800000	fastq0023_HPNE_T1	HCJY7AFX7_MIxT1XT3_24s001577-1-1_Jeong_lane1T1xiTRU3C91	WC	1	1	del_hom	0000	del_h2	1000	4.9295812758746	2.96422765467965	0.03125
chrY	8800000	10200000	fastq0023_HPNE_T1	HCJY7AFX7_MIxT1XT3_24s001577-1-1_Jeong_lane1T1xiTRU3C17	WW	1	7	del_h2	1000	del_h1	0010	4.15818238668546	0.0981454935214314	0.5
chrY	8800000	10200000	fastq0023_HPNE_T1	HCJY7AFX7_MIxT1XT3_24s001577-1-1_Jeong_lane1T1xiTRU3C18	WC	1	7	del_h2	1000	del_hom	0000	8.6200929881062	3.93776977990897	0.5
chrY	8800000	10200000	fastq0023_HPNE_T1	HCJY7AFX7_MIxT1XT3_24s001577-1-1_Jeong_lane1T1xiTRU3C19	WC	1	7	del_hom	0000	del_h1	0010	15.6612532573481	5.08443521034165	0.09375
chrY	8800000	10200000	fastq0023_HPNE_T1	HCJY7AFX7_MIxT1XT3_24s001577-1-1_Jeong_lane1T1xiTRU3C27	WW	1	7	del_h2	1000	del_h1	0010	7.05786897917013	0.0981454935214314	0.5
chrY	8800000	10200000	fastq0023_HPNE_T1	HCJY7AFX7_MIxT1XT3_24s001577-1-1_Jeong_lane1T1xiTRU3C30	CC	1	7	inv_hom	0101	del_hom	0000	15.2113245505214	0.204403143131984	0.09375
chrY	8800000	10200000	fastq0023_HPNE_T1	HCJY7AFX7_MIxT1XT3_24s001577-1-1_Jeong_lane1T1xiTRU3C33	CC	1	7	del_h2	1000	del_h1	0010	4.32534752201256	0.0981454935214316	0.5
chrY	8800000	10200000	fastq0023_HPNE_T1	HCJY7AFX7_MIxT1XT3_24s001577-1-1_Jeong_lane1T1xiTRU3C52	WC	1	7	del_hom	0000	del_h2	1000	10.8572787357936	4.11804721519222	0.09375
chrY	8800000	10200000	fastq0023_HPNE_T1	HCJY7AFX7_MIxT1XT3_24s001577-1-1_Jeong_lane1T1xiTRU3C55	WW	1	7	del_h2	1000	del_h1	0010	4.62474164289414	0.0981454935214314	0.5
chrY	8800000	10200000	fastq0023_HPNE_T1	HCJY7AFX7_MIxT1XT3_24s001577-1-1_Jeong_lane1T1xiTRU3C59	CC	1	7	inv_hom	0101	complex	0001	16.3424712064858	1.12324958180059	0.09375
chrY	8800000	10200000	fastq0023_HPNE_T1	HCJY7AFX7_MIxT1XT3_24s001577-1-1_Jeong_lane1T1xiTRU3C61	WW	1	7	inv_hom	0101	del_hom	0000	13.2624912175218	0.253443016144622	0.09375
chrY	8800000	10200000	fastq0023_HPNE_T1	HCJY7AFX7_MIxT1XT3_24s001577-1-1_Jeong_lane1T1xiTRU3C75	CC	1	7	del_h2	1000	del_h1	0010	7.53384202059503	0.0981454935214314	0.5
chrY	8800000	10200000	fastq0023_HPNE_T1	HCJY7AFX7_MIxT1XT3_24s001577-1-1_Jeong_lane1T1xiTRU3C76	WW	1	7	del_h2	1000	del_h1	0010	10.0480801015595	0.0981454935214314	0.5
chrY	8800000	10200000	fastq0023_HPNE_T1	HCJY7AFX7_MIxT1XT3_24s001577-1-1_Jeong_lane1T1xiTRU3C81	CC	1	7	del_h2	1000	del_h1	0010	6.19117031985202	0.0981454935214316	0.5
chrY	8800000	10200000	fastq0023_HPNE_T1	HCJY7AFX7_MIxT1XT3_24s001577-1-1_Jeong_lane1T1xiTRU3C83	CC	1	7	del_h2	1000	del_h1	0010	5.95029508353829	0.0981454935214314	0.5
chrY	8800000	10200000	fastq0023_HPNE_T1	HCJY7AFX7_MIxT1XT3_24s001577-1-1_Jeong_lane1T1xiTRU3C84	CC	1	7	del_h2	1000	del_h1	0010	5.04933369907036	0.0981454935214312	0.5
chrY	8800000	10200000	fastq0023_HPNE_T1	HCJY7AFX7_MIxT1XT3_24s001577-1-1_Jeong_lane1T1xiTRU3C85	CC	1	7	del_h2	1000	del_h1	0010	9.30946367814681	0.0981454935214314	0.5
chrY	8800000	10200000	fastq0023_HPNE_T1	HCJY7AFX7_MIxT1XT3_24s001577-1-1_Jeong_lane1T1xiTRU3C86	CC	1	7	del_h2	1000	del_h1	0010	5.29148099667841	0.0981454935214312	0.5
chrY	8800000	10200000	fastq0023_HPNE_T1	HCJY7AFX7_MIxT1XT3_24s001577-1-1_Jeong_lane1T1xiTRU3C87	CC	1	7	del_h2	1000	del_h1	0010	8.88288662591864	0.0981454935214316	0.5
chrY	8800000	10200000	fastq0023_HPNE_T1	HCJY7AFX7_MIxT1XT3_24s001577-1-1_Jeong_lane1T1xiTRU3C89	WW	1	7	del_h2	1000	del_h1	0010	6.63833014258493	0.0981454935214312	0.5
chrY	8800000	10200000	fastq0023_HPNE_T1	HCJY7AFX7_MIxT1XT3_24s001577-1-1_Jeong_lane1T1xiTRU3C90	WW	1	7	del_h2	1000	del_h1	0010	4.68461878522436	0.0981454935214314	0.5
chrY	8800000	10200000	fastq0023_HPNE_T1	HCJY7AFX7_MIxT1XT3_24s001577-1-1_Jeong_lane1T1xiTRU3C91	WC	1	7	del_hom	0000	del_h1	0010	19.3694991347368	13.284657776015	0.09375
chrY	8800000	10200000	fastq0023_HPNE_T1	HCJY7AFX7_MIxT1XT3_24s001577-1-1_Jeong_lane1T1xiTRU3C95	WW	1	7	del_h2	1000	del_h1	0010	5.20735509532676	0.0981454935214312	0.5
chrY	10200000	10600000	fastq0023_HPNE_T1	HCJY7AFX7_MIxT1XT3_24s001577-1-1_Jeong_lane1T1xiTRU3C15	CC	1	2	del_hom	0000	del_h2	1000	4.95465423531862	1.47461905002292	1
chrY	10200000	10600000	fastq0023_HPNE_T1	HCJY7AFX7_MIxT1XT3_24s001577-1-1_Jeong_lane1T1xiTRU3C16	CC	1	2	del_hom	0000	del_h2	1000	7.5784070107579	3.93882120553673	1
chrY	10200000	10600000	fastq0023_HPNE_T1	HCJY7AFX7_MIxT1XT3_24s001577-1-1_Jeong_lane1T1xiTRU3C17	WW	1	2	del_hom	0000	del_h2	1000	9.20385637916799	4.70877151194317	1
chrY	10200000	10600000	fastq0023_HPNE_T1	HCJY7AFX7_MIxT1XT3_24s001577-1-1_Jeong_lane1T1xiTRU3C18	WC	1	2	del_hom	0000	del_h2	1000	7.92563429927343	4.10329734970616	1
chrY	10200000	10600000	fastq0023_HPNE_T1	HCJY7AFX7_MIxT1XT3_24s001577-1-1_Jeong_lane1T1xiTRU3C19	WC	1	2	del_hom	0000	del_h1	0010	4.90447487558702	0.651592532831459	1
chrY	10200000	10600000	fastq0023_HPNE_T1	HCJY7AFX7_MIxT1XT3_24s001577-1-1_Jeong_lane1T1xiTRU3C20	CC	1	2	del_hom	0000	del_h2	1000	7.95912724704289	4.11916243725026	1
chrY	10200000	10600000	fastq0023_HPNE_T1	HCJY7AFX7_MIxT1XT3_24s001577-1-1_Jeong_lane1T1xiTRU3C21	WW	1	2	del_hom	0000	del_h2	1000	5.5112645267774	1.73827656898233	1
chrY	10200000	10600000	fastq0023_HPNE_T1	HCJY7AFX7_MIxT1XT3_24s001577-1-1_Jeong_lane1T1xiTRU3C22	CC	1	2	del_hom	0000	del_h2	1000	8.48299498576764	4.36731046162778	1
chrY	10200000	10600000	fastq0023_HPNE_T1	HCJY7AFX7_MIxT1XT3_24s001577-1-1_Jeong_lane1T1xiTRU3C25	CC	1	2	del_hom	0000	del_h2	1000	4.62829873781348	1.6483624840031	1
chrY	10200000	10600000	fastq0023_HPNE_T1	HCJY7AFX7_MIxT1XT3_24s001577-1-1_Jeong_lane1T1xiTRU3C26	WW	1	2	del_hom	0000	del_h2	1000	8.46356225811248	4.35810547833167	1
chrY	10200000	10600000	fastq0023_HPNE_T1	HCJY7AFX7_MIxT1XT3_24s001577-1-1_Jeong_lane1T1xiTRU3C27	WW	1	2	del_hom	0000	del_h2	1000	4.73140777099994	1.34542052225541	1
chrY	10200000	10600000	fastq0023_HPNE_T1	HCJY7AFX7_MIxT1XT3_24s001577-1-1_Jeong_lane1T1xiTRU3C30	CC	1	2	del_hom	0000	inv_hom	0101	7.66717058756746	4.13947083582399	1
chrY	10200000	10600000	fastq0023_HPNE_T1	HCJY7AFX7_MIxT1XT3_24s001577-1-1_Jeong_lane1T1xiTRU3C31	CC	1	2	del_hom	0000	del_h2	1000	6.1752355883009	2.05278920959529	1
chrY	10200000	10600000	fastq0023_HPNE_T1	HCJY7AFX7_MIxT1XT3_24s001577-1-1_Jeong_lane1T1xiTRU3C33	CC	1	2	del_hom	0000	del_h2	1000	11.8750695501634	5.97409353850529	1
chrY	10200000	10600000	fastq0023_HPNE_T1	HCJY7AFX7_MIxT1XT3_24s001577-1-1_Jeong_lane1T1xiTRU3C52	WC	1	2	del_hom	0000	del_h2	1000	5.39390671217454	1.37864997340465	1
chrY	10200000	10600000	fastq0023_HPNE_T1	HCJY7AFX7_MIxT1XT3_24s001577-1-1_Jeong_lane1T1xiTRU3C55	WW	1	2	del_hom	0000	del_h2	1000	10.975582994619	5.5480142300099	1
chrY	10200000	10600000	fastq0023_HPNE_T1	HCJY7AFX7_MIxT1XT3_24s001577-1-1_Jeong_lane1T1xiTRU3C59	CC	1	2	del_hom	0000	del_h2	1000	9.04559433674582	4.63380516949569	1
chrY	10200000	10600000	fastq0023_HPNE_T1	HCJY7AFX7_MIxT1XT3_24s001577-1-1_Jeong_lane1T1xiTRU3C61	WW	1	2	del_hom	0000	del_h2	1000	8.81624222999228	4.52516456477168	1
chrY	10200000	10600000	fastq0023_HPNE_T1	HCJY7AFX7_MIxT1XT3_24s001577-1-1_Jeong_lane1T1xiTRU3C62	CC	1	2	del_hom	0000	del_h2	1000	7.7219542321614	4.00681728006405	1
chrY	10200000	10600000	fastq0023_HPNE_T1	HCJY7AFX7_MIxT1XT3_24s001577-1-1_Jeong_lane1T1xiTRU3C69	WW	1	2	del_hom	0000	del_h2	1000	9.42254388322753	4.81236051710317	1
chrY	10200000	10600000	fastq0023_HPNE_T1	HCJY7AFX7_MIxT1XT3_24s001577-1-1_Jeong_lane1T1xiTRU3C75	CC	1	2	del_hom	0000	del_h2	1000	12.4375717261209	5.01918084914152	1
chrY	10200000	10600000	fastq0023_HPNE_T1	HCJY7AFX7_MIxT1XT3_24s001577-1-1_Jeong_lane1T1xiTRU3C76	WW	1	2	del_hom	0000	del_h2	1000	11.1331397611882	4.40127643114501	1
chrY	10200000	10600000	fastq0023_HPNE_T1	HCJY7AFX7_MIxT1XT3_24s001577-1-1_Jeong_lane1T1xiTRU3C81	CC	1	2	del_hom	0000	del_h2	1000	15.4892329114827	7.68647819877553	1
chrY	10200000	10600000	fastq0023_HPNE_T1	HCJY7AFX7_MIxT1XT3_24s001577-1-1_Jeong_lane1T1xiTRU3C83	CC	1	2	del_hom	0000	del_h2	1000	5.52955813401814	1.39081225393182	1
chrY	10200000	10600000	fastq0023_HPNE_T1	HCJY7AFX7_MIxT1XT3_24s001577-1-1_Jeong_lane1T1xiTRU3C84	CC	1	2	del_hom	0000	del_h2	1000	12.9896499595653	6.50207600439769	1
chrY	10200000	10600000	fastq0023_HPNE_T1	HCJY7AFX7_MIxT1XT3_24s001577-1-1_Jeong_lane1T1xiTRU3C85	CC	1	2	del_hom	0000	del_h2	1000	9.08089938605526	3.26234069239454	1
chrY	10200000	10600000	fastq0023_HPNE_T1	HCJY7AFX7_MIxT1XT3_24s001577-1-1_Jeong_lane1T1xiTRU3C86	CC	1	2	del_hom	0000	del_h2	1000	9.90935876933342	3.32289329978986	1
chrY	10200000	10600000	fastq0023_HPNE_T1	HCJY7AFX7_MIxT1XT3_24s001577-1-1_Jeong_lane1T1xiTRU3C87	CC	1	2	del_hom	0000	del_h2	1000	20.7285793926806	10.2554221594169	1
chrY	10200000	10600000	fastq0023_HPNE_T1	HCJY7AFX7_MIxT1XT3_24s001577-1-1_Jeong_lane1T1xiTRU3C89	WW	1	2	del_hom	0000	del_h2	1000	7.95766774389595	2.45406023806794	1
chrY	10200000	10600000	fastq0023_HPNE_T1	HCJY7AFX7_MIxT1XT3_24s001577-1-1_Jeong_lane1T1xiTRU3C90	WW	1	2	del_hom	0000	del_h2	1000	6.53667582217651	1.82890174303231	1
chrY	10200000	10600000	fastq0023_HPNE_T1	HCJY7AFX7_MIxT1XT3_24s001577-1-1_Jeong_lane1T1xiTRU3C91	WC	1	2	del_hom	0000	del_h2	1000	13.8680008298188	6.91818587119849	1
chrY	10200000	10600000	fastq0023_HPNE_T1	HCJY7AFX7_MIxT1XT3_24s001577-1-1_Jeong_lane1T1xiTRU3C95	WW	1	2	del_hom	0000	del_h2	1000	12.3352868906997	6.1920978735981	1
chrY	10600000	10800000	fastq0023_HPNE_T1	HCJY7AFX7_MIxT1XT3_24s001577-1-1_Jeong_lane1T1xiTRU3C33	CC	1	1	idup_h1	1110	idup_h2	1011	4.00462716369976	0.043718590036006	0.125
chrY	10600000	10800000	fastq0023_HPNE_T1	HCJY7AFX7_MIxT1XT3_24s001577-1-1_Jeong_lane1T1xiTRU3C75	CC	1	1	idup_h1	1110	idup_h2	1011	5.56587844091212	0.0437185900360069	0.125
chrY	10600000	10800000	fastq0023_HPNE_T1	HCJY7AFX7_MIxT1XT3_24s001577-1-1_Jeong_lane1T1xiTRU3C76	WW	1	1	idup_h1	1110	idup_h2	1011	4.06983508199391	0.043718590036006	0.125
chrY	10600000	10800000	fastq0023_HPNE_T1	HCJY7AFX7_MIxT1XT3_24s001577-1-1_Jeong_lane1T1xiTRU3C87	CC	1	1	idup_h1	1110	idup_h2	1011	4.78110557061168	0.043718590036006	0.125
chrY	10800000	11000000	fastq0023_HPNE_T1	HCJY7AFX7_MIxT1XT3_24s001577-1-1_Jeong_lane1T1xiTRU3C17	WW	1	1	idup_h1	1110	idup_h2	1011	4.07512525696873	0.0652845172944811	0.59375
chrY	10800000	11000000	fastq0023_HPNE_T1	HCJY7AFX7_MIxT1XT3_24s001577-1-1_Jeong_lane1T1xiTRU3C21	WW	1	1	idup_h1	1110	idup_h2	1011	4.3030165277881	0.0652845172944811	0.59375
chrY	10800000	11000000	fastq0023_HPNE_T1	HCJY7AFX7_MIxT1XT3_24s001577-1-1_Jeong_lane1T1xiTRU3C25	CC	1	1	idup_h1	1110	idup_h2	1011	4.05404748897352	0.0652845172944811	0.59375
chrY	10800000	11000000	fastq0023_HPNE_T1	HCJY7AFX7_MIxT1XT3_24s001577-1-1_Jeong_lane1T1xiTRU3C27	WW	1	1	idup_h1	1110	idup_h2	1011	4.07593161797757	0.0652845172944811	0.59375
chrY	10800000	11000000	fastq0023_HPNE_T1	HCJY7AFX7_MIxT1XT3_24s001577-1-1_Jeong_lane1T1xiTRU3C30	CC	1	1	idup_h1	1110	idup_h2	1011	4.39172886717824	0.0652845172944811	0.59375
chrY	10800000	11000000	fastq0023_HPNE_T1	HCJY7AFX7_MIxT1XT3_24s001577-1-1_Jeong_lane1T1xiTRU3C31	CC	1	1	idup_h1	1110	idup_h2	1011	4.19728707296842	0.065284517294482	0.59375
chrY	10800000	11000000	fastq0023_HPNE_T1	HCJY7AFX7_MIxT1XT3_24s001577-1-1_Jeong_lane1T1xiTRU3C33	CC	1	1	idup_h1	1110	idup_h2	1011	5.12619788608531	0.0652845172944811	0.59375
chrY	10800000	11000000	fastq0023_HPNE_T1	HCJY7AFX7_MIxT1XT3_24s001577-1-1_Jeong_lane1T1xiTRU3C55	WW	1	1	idup_h1	1110	idup_h2	1011	5.09068339593956	0.0652845172944811	0.59375
chrY	10800000	11000000	fastq0023_HPNE_T1	HCJY7AFX7_MIxT1XT3_24s001577-1-1_Jeong_lane1T1xiTRU3C59	CC	1	1	idup_h1	1110	idup_h2	1011	4.24624074927536	0.0652845172944811	0.59375
chrY	10800000	11000000	fastq0023_HPNE_T1	HCJY7AFX7_MIxT1XT3_24s001577-1-1_Jeong_lane1T1xiTRU3C61	WW	1	1	idup_h1	1110	idup_h2	1011	4.65870959161563	0.0652845172944811	0.59375
chrY	10800000	11000000	fastq0023_HPNE_T1	HCJY7AFX7_MIxT1XT3_24s001577-1-1_Jeong_lane1T1xiTRU3C75	CC	1	1	idup_h1	1110	idup_h2	1011	6.60952681377992	0.065284517294482	0.59375
chrY	10800000	11000000	fastq0023_HPNE_T1	HCJY7AFX7_MIxT1XT3_24s001577-1-1_Jeong_lane1T1xiTRU3C76	WW	1	1	idup_h1	1110	idup_h2	1011	5.28952145326075	0.0652845172944811	0.59375
chrY	10800000	11000000	fastq0023_HPNE_T1	HCJY7AFX7_MIxT1XT3_24s001577-1-1_Jeong_lane1T1xiTRU3C81	CC	1	1	idup_h1	1110	idup_h2	1011	5.19296729503798	0.0652845172944811	0.59375
chrY	10800000	11000000	fastq0023_HPNE_T1	HCJY7AFX7_MIxT1XT3_24s001577-1-1_Jeong_lane1T1xiTRU3C84	CC	1	1	idup_h1	1110	idup_h2	1011	4.30973716438648	0.0652845172944811	0.59375
chrY	10800000	11000000	fastq0023_HPNE_T1	HCJY7AFX7_MIxT1XT3_24s001577-1-1_Jeong_lane1T1xiTRU3C85	CC	1	1	idup_h1	1110	idup_h2	1011	5.20315540970348	0.0652845172944811	0.59375
chrY	10800000	11000000	fastq0023_HPNE_T1	HCJY7AFX7_MIxT1XT3_24s001577-1-1_Jeong_lane1T1xiTRU3C86	CC	1	1	idup_h1	1110	idup_h2	1011	5.54063844881544	0.0652845172944811	0.59375
chrY	10800000	11000000	fastq0023_HPNE_T1	HCJY7AFX7_MIxT1XT3_24s001577-1-1_Jeong_lane1T1xiTRU3C87	CC	1	1	dup_hom	2020	idup_h1	1110	7.22792741044382	2.11325527052077	0.03125
chrY	10800000	11000000	fastq0023_HPNE_T1	HCJY7AFX7_MIxT1XT3_24s001577-1-1_Jeong_lane1T1xiTRU3C89	WW	1	1	idup_h1	1110	idup_h2	1011	4.47661495980822	0.065284517294482	0.59375
chrY	10800000	11000000	fastq0023_HPNE_T1	HCJY7AFX7_MIxT1XT3_24s001577-1-1_Jeong_lane1T1xiTRU3C90	WW	1	1	idup_h1	1110	idup_h2	1011	5.12133587783258	0.0652845172944811	0.59375
chrY	10800000	11000000	fastq0023_HPNE_T1	HCJY7AFX7_MIxT1XT3_24s001577-1-1_Jeong_lane1T1xiTRU3C95	WW	1	1	idup_h1	1110	idup_h2	1011	5.01682861681542	0.065284517294482	0.59375
chrY	11200000	11400000	fastq0023_HPNE_T1	HCJY7AFX7_MIxT1XT3_24s001577-1-1_Jeong_lane1T1xiTRU3C15	CC	1	1	idup_h1	1110	idup_h2	1011	5.20952696140492	0.0139309257060223	0.78125
chrY	11200000	11400000	fastq0023_HPNE_T1	HCJY7AFX7_MIxT1XT3_24s001577-1-1_Jeong_lane1T1xiTRU3C16	CC	1	1	idup_h1	1110	idup_h2	1011	4.56823709544875	0.0139309257060223	0.78125
chrY	11200000	11400000	fastq0023_HPNE_T1	HCJY7AFX7_MIxT1XT3_24s001577-1-1_Jeong_lane1T1xiTRU3C17	WW	1	1	idup_h1	1110	idup_h2	1011	5.12833271609689	0.0139309257060223	0.78125
chrY	11200000	11400000	fastq0023_HPNE_T1	HCJY7AFX7_MIxT1XT3_24s001577-1-1_Jeong_lane1T1xiTRU3C18	WC	1	1	dup_hom	2020	idup_h2	1011	4.2061443387763	1.09930636899175	0.125
chrY	11200000	11400000	fastq0023_HPNE_T1	HCJY7AFX7_MIxT1XT3_24s001577-1-1_Jeong_lane1T1xiTRU3C19	WC	1	1	dup_hom	2020	idup_h2	1011	4.90339448375329	1.89146620459199	0.125
chrY	11200000	11400000	fastq0023_HPNE_T1	HCJY7AFX7_MIxT1XT3_24s001577-1-1_Jeong_lane1T1xiTRU3C20	CC	1	1	idup_h1	1110	idup_h2	1011	4.74668950106071	0.0139309257060214	0.78125
chrY	11200000	11400000	fastq0023_HPNE_T1	HCJY7AFX7_MIxT1XT3_24s001577-1-1_Jeong_lane1T1xiTRU3C21	WW	1	1	idup_h1	1110	idup_h2	1011	5.26552450216654	0.0139309257060223	0.78125
chrY	11200000	11400000	fastq0023_HPNE_T1	HCJY7AFX7_MIxT1XT3_24s001577-1-1_Jeong_lane1T1xiTRU3C22	CC	1	1	idup_h1	1110	idup_h2	1011	4.8648940833686	0.0139309257060223	0.78125
chrY	11200000	11400000	fastq0023_HPNE_T1	HCJY7AFX7_MIxT1XT3_24s001577-1-1_Jeong_lane1T1xiTRU3C25	CC	1	1	idup_h1	1110	idup_h2	1011	4.77783497610691	0.0139309257060214	0.78125
chrY	11200000	11400000	fastq0023_HPNE_T1	HCJY7AFX7_MIxT1XT3_24s001577-1-1_Jeong_lane1T1xiTRU3C26	WW	1	1	idup_h1	1110	idup_h2	1011	4.72554043165068	0.0139309257060214	0.78125
chrY	11200000	11400000	fastq0023_HPNE_T1	HCJY7AFX7_MIxT1XT3_24s001577-1-1_Jeong_lane1T1xiTRU3C27	WW	1	1	idup_h1	1110	idup_h2	1011	5.81550769021462	0.0139309257060214	0.78125
chrY	11200000	11400000	fastq0023_HPNE_T1	HCJY7AFX7_MIxT1XT3_24s001577-1-1_Jeong_lane1T1xiTRU3C30	CC	1	1	idup_h1	1110	idup_h2	1011	5.23213735882353	0.0139309257060214	0.78125
chrY	11200000	11400000	fastq0023_HPNE_T1	HCJY7AFX7_MIxT1XT3_24s001577-1-1_Jeong_lane1T1xiTRU3C31	CC	1	1	idup_h1	1110	idup_h2	1011	4.26524582680297	0.0139309257060214	0.78125
chrY	11200000	11400000	fastq0023_HPNE_T1	HCJY7AFX7_MIxT1XT3_24s001577-1-1_Jeong_lane1T1xiTRU3C33	CC	1	1	idup_h1	1110	idup_h2	1011	5.57486519781411	0.0139309257060214	0.78125
chrY	11200000	11400000	fastq0023_HPNE_T1	HCJY7AFX7_MIxT1XT3_24s001577-1-1_Jeong_lane1T1xiTRU3C55	WW	1	1	idup_h1	1110	idup_h2	1011	5.64116760454593	0.0139309257060214	0.78125
chrY	11200000	11400000	fastq0023_HPNE_T1	HCJY7AFX7_MIxT1XT3_24s001577-1-1_Jeong_lane1T1xiTRU3C59	CC	1	1	idup_h1	1110	idup_h2	1011	5.26387521735813	0.0139309257060223	0.78125
chrY	11200000	11400000	fastq0023_HPNE_T1	HCJY7AFX7_MIxT1XT3_24s001577-1-1_Jeong_lane1T1xiTRU3C61	WW	1	1	dup_hom	2020	idup_h1	1110	4.53682994674146	0.143633479039824	0.125
chrY	11200000	11400000	fastq0023_HPNE_T1	HCJY7AFX7_MIxT1XT3_24s001577-1-1_Jeong_lane1T1xiTRU3C62	CC	1	1	idup_h1	1110	idup_h2	1011	4.61906459390534	0.0139309257060214	0.78125
chrY	11200000	11400000	fastq0023_HPNE_T1	HCJY7AFX7_MIxT1XT3_24s001577-1-1_Jeong_lane1T1xiTRU3C69	WW	1	1	idup_h1	1110	idup_h2	1011	5.27380211569146	0.0139309257060214	0.78125
chrY	11200000	11400000	fastq0023_HPNE_T1	HCJY7AFX7_MIxT1XT3_24s001577-1-1_Jeong_lane1T1xiTRU3C75	CC	1	1	complex	1111	complex	2200	8.85849110749033	0	0.0625
chrY	11200000	11400000	fastq0023_HPNE_T1	HCJY7AFX7_MIxT1XT3_24s001577-1-1_Jeong_lane1T1xiTRU3C76	WW	1	1	idup_h1	1110	idup_h2	1011	6.83060026966972	0.0139309257060214	0.78125
chrY	11200000	11400000	fastq0023_HPNE_T1	HCJY7AFX7_MIxT1XT3_24s001577-1-1_Jeong_lane1T1xiTRU3C81	CC	1	1	idup_h1	1110	idup_h2	1011	7.5119581306263	0.0139309257060214	0.78125
chrY	11200000	11400000	fastq0023_HPNE_T1	HCJY7AFX7_MIxT1XT3_24s001577-1-1_Jeong_lane1T1xiTRU3C83	CC	1	1	idup_h1	1110	idup_h2	1011	5.45838469038892	0.0139309257060214	0.78125
chrY	11200000	11400000	fastq0023_HPNE_T1	HCJY7AFX7_MIxT1XT3_24s001577-1-1_Jeong_lane1T1xiTRU3C84	CC	1	1	idup_h1	1110	idup_h2	1011	6.10210625444228	0.0139309257060223	0.78125
chrY	11200000	11400000	fastq0023_HPNE_T1	HCJY7AFX7_MIxT1XT3_24s001577-1-1_Jeong_lane1T1xiTRU3C85	CC	1	1	idup_h1	1110	idup_h2	1011	7.37983902917374	0.0139309257060214	0.78125
chrY	11200000	11400000	fastq0023_HPNE_T1	HCJY7AFX7_MIxT1XT3_24s001577-1-1_Jeong_lane1T1xiTRU3C86	CC	1	1	idup_h1	1110	idup_h2	1011	7.07512493725786	0.0139309257060214	0.78125
chrY	11200000	11400000	fastq0023_HPNE_T1	HCJY7AFX7_MIxT1XT3_24s001577-1-1_Jeong_lane1T1xiTRU3C87	CC	1	1	complex	2200	complex	0022	9.6197704377028	0	0.0625
chrY	11200000	11400000	fastq0023_HPNE_T1	HCJY7AFX7_MIxT1XT3_24s001577-1-1_Jeong_lane1T1xiTRU3C89	WW	1	1	idup_h1	1110	idup_h2	1011	6.67284407002614	0.0139309257060214	0.78125
chrY	11200000	11400000	fastq0023_HPNE_T1	HCJY7AFX7_MIxT1XT3_24s001577-1-1_Jeong_lane1T1xiTRU3C90	WW	1	1	idup_h1	1110	idup_h2	1011	6.04309710269959	0.0139309257060214	0.78125
chrY	11200000	11400000	fastq0023_HPNE_T1	HCJY7AFX7_MIxT1XT3_24s001577-1-1_Jeong_lane1T1xiTRU3C91	WC	1	1	dup_hom	2020	idup_h2	1011	6.50933109938854	2.71410470655181	0.125
chrY	11200000	11400000	fastq0023_HPNE_T1	HCJY7AFX7_MIxT1XT3_24s001577-1-1_Jeong_lane1T1xiTRU3C95	WW	1	1	idup_h1	1110	idup_h2	1011	6.32106093771801	0.0139309257060214	0.78125
chrY	11600000	11800000	fastq0023_HPNE_T1	HCJY7AFX7_MIxT1XT3_24s001577-1-1_Jeong_lane1T1xiTRU3C22	CC	1	1	idup_h1	1110	idup_h2	1011	4.13663392879892	0.00030496065577168	0.25
chrY	11600000	11800000	fastq0023_HPNE_T1	HCJY7AFX7_MIxT1XT3_24s001577-1-1_Jeong_lane1T1xiTRU3C33	CC	1	1	idup_h1	1110	idup_h2	1011	4.63876347364132	0.00030496065577168	0.25
chrY	11600000	11800000	fastq0023_HPNE_T1	HCJY7AFX7_MIxT1XT3_24s001577-1-1_Jeong_lane1T1xiTRU3C76	WW	1	1	idup_h1	1110	idup_h2	1011	4.5026258712091	0.00030496065577168	0.25
chrY	11600000	11800000	fastq0023_HPNE_T1	HCJY7AFX7_MIxT1XT3_24s001577-1-1_Jeong_lane1T1xiTRU3C81	CC	1	1	idup_h1	1110	idup_h2	1011	5.49923548147542	0.00030496065577168	0.25
chrY	11600000	11800000	fastq0023_HPNE_T1	HCJY7AFX7_MIxT1XT3_24s001577-1-1_Jeong_lane1T1xiTRU3C85	CC	1	1	idup_h1	1110	idup_h2	1011	4.77125979764113	0.00030496065577168	0.25
chrY	11600000	11800000	fastq0023_HPNE_T1	HCJY7AFX7_MIxT1XT3_24s001577-1-1_Jeong_lane1T1xiTRU3C86	CC	1	1	idup_h1	1110	idup_h2	1011	5.56649213278778	0.00030496065577168	0.25
chrY	11600000	11800000	fastq0023_HPNE_T1	HCJY7AFX7_MIxT1XT3_24s001577-1-1_Jeong_lane1T1xiTRU3C87	CC	1	1	idup_h1	1110	idup_h2	1011	5.93408254283383	0.000304960655772568	0.25
chrY	11600000	11800000	fastq0023_HPNE_T1	HCJY7AFX7_MIxT1XT3_24s001577-1-1_Jeong_lane1T1xiTRU3C89	WW	1	1	idup_h1	1110	idup_h2	1011	4.13484802962797	0.00030496065577168	0.25
chrY	11800000	15600000	fastq0023_HPNE_T1	HCJY7AFX7_MIxT1XT3_24s001577-1-1_Jeong_lane1T1xiTRU3C15	CC	1	19	del_h2	1000	del_h1	0010	5.15997441825386	0.0544783348744895	0.875
chrY	11800000	15600000	fastq0023_HPNE_T1	HCJY7AFX7_MIxT1XT3_24s001577-1-1_Jeong_lane1T1xiTRU3C16	CC	1	19	del_h2	1000	del_h1	0010	5.55549557382559	0.0544783348744895	0.875
chrY	11800000	15600000	fastq0023_HPNE_T1	HCJY7AFX7_MIxT1XT3_24s001577-1-1_Jeong_lane1T1xiTRU3C17	WW	1	19	del_h2	1000	del_h1	0010	6.06817180428133	0.0544783348744895	0.875
chrY	11800000	15600000	fastq0023_HPNE_T1	HCJY7AFX7_MIxT1XT3_24s001577-1-1_Jeong_lane1T1xiTRU3C18	WC	1	19	del_h2	1000	complex	0001	19.8491757247152	7.19254759916126	0.875
chrY	11800000	15600000	fastq0023_HPNE_T1	HCJY7AFX7_MIxT1XT3_24s001577-1-1_Jeong_lane1T1xiTRU3C19	WC	1	19	del_hom	0000	del_h1	0010	22.1036285420073	17.5774643887306	0.09375
chrY	11800000	15600000	fastq0023_HPNE_T1	HCJY7AFX7_MIxT1XT3_24s001577-1-1_Jeong_lane1T1xiTRU3C20	CC	1	19	del_h2	1000	del_h1	0010	5.6811478738035	0.0544783348744895	0.875
chrY	11800000	15600000	fastq0023_HPNE_T1	HCJY7AFX7_MIxT1XT3_24s001577-1-1_Jeong_lane1T1xiTRU3C21	WW	1	19	del_h2	1000	del_h1	0010	10.0374736846759	0.0544783348744897	0.875
chrY	11800000	15600000	fastq0023_HPNE_T1	HCJY7AFX7_MIxT1XT3_24s001577-1-1_Jeong_lane1T1xiTRU3C22	CC	1	19	del_h2	1000	del_h1	0010	7.25493306794941	0.0544783348744897	0.875
chrY	11800000	15600000	fastq0023_HPNE_T1	HCJY7AFX7_MIxT1XT3_24s001577-1-1_Jeong_lane1T1xiTRU3C25	CC	1	19	del_h2	1000	del_h1	0010	7.98250245049835	0.0544783348744897	0.875
chrY	11800000	15600000	fastq0023_HPNE_T1	HCJY7AFX7_MIxT1XT3_24s001577-1-1_Jeong_lane1T1xiTRU3C26	WW	1	19	del_h2	1000	del_h1	0010	6.97457620935395	0.0544783348744897	0.875
chrY	11800000	15600000	fastq0023_HPNE_T1	HCJY7AFX7_MIxT1XT3_24s001577-1-1_Jeong_lane1T1xiTRU3C27	WW	1	19	del_h2	1000	del_h1	0010	6.78541018201193	0.0544783348744895	0.875
chrY	11800000	15600000	fastq0023_HPNE_T1	HCJY7AFX7_MIxT1XT3_24s001577-1-1_Jeong_lane1T1xiTRU3C30	CC	1	19	del_h2	1000	del_h1	0010	7.1163303034897	0.0544783348744897	0.875
chrY	11800000	15600000	fastq0023_HPNE_T1	HCJY7AFX7_MIxT1XT3_24s001577-1-1_Jeong_lane1T1xiTRU3C31	CC	1	19	del_h2	1000	del_h1	0010	9.79177747558256	0.0544783348744897	0.875
chrY	11800000	15600000	fastq0023_HPNE_T1	HCJY7AFX7_MIxT1XT3_24s001577-1-1_Jeong_lane1T1xiTRU3C33	CC	1	19	del_h2	1000	del_h1	0010	10.5468657842304	0.0544783348744897	0.875
chrY	11800000	15600000	fastq0023_HPNE_T1	HCJY7AFX7_MIxT1XT3_24s001577-1-1_Jeong_lane1T1xiTRU3C52	WC	1	19	del_hom	0000	del_h2	1000	22.1036285557293	18.1898657532102	0.09375
chrY	11800000	15600000	fastq0023_HPNE_T1	HCJY7AFX7_MIxT1XT3_24s001577-1-1_Jeong_lane1T1xiTRU3C55	WW	1	19	del_h2	1000	del_h1	0010	9.51994099793152	0.0544783348744897	0.875
chrY	11800000	15600000	fastq0023_HPNE_T1	HCJY7AFX7_MIxT1XT3_24s001577-1-1_Jeong_lane1T1xiTRU3C59	CC	1	19	complex	0001	inv_hom	0101	16.6713470626564	0.845094213108372	0.03125
chrY	11800000	15600000	fastq0023_HPNE_T1	HCJY7AFX7_MIxT1XT3_24s001577-1-1_Jeong_lane1T1xiTRU3C61	WW	1	19	del_h2	1000	del_h1	0010	9.0857375765995	0.0544783348744897	0.875
chrY	11800000	15600000	fastq0023_HPNE_T1	HCJY7AFX7_MIxT1XT3_24s001577-1-1_Jeong_lane1T1xiTRU3C62	CC	1	19	del_h2	1000	del_h1	0010	7.56709036888852	0.0544783348744899	0.875
chrY	11800000	15600000	fastq0023_HPNE_T1	HCJY7AFX7_MIxT1XT3_24s001577-1-1_Jeong_lane1T1xiTRU3C69	WW	1	19	del_h2	1000	del_h1	0010	10.5406483927991	0.0544783348744897	0.875
chrY	11800000	15600000	fastq0023_HPNE_T1	HCJY7AFX7_MIxT1XT3_24s001577-1-1_Jeong_lane1T1xiTRU3C75	CC	1	19	del_h2	1000	del_h1	0010	9.00107713821644	0.0544783348744899	0.875
chrY	11800000	15600000	fastq0023_HPNE_T1	HCJY7AFX7_MIxT1XT3_24s001577-1-1_Jeong_lane1T1xiTRU3C76	WW	1	19	del_h2	1000	del_h1	0010	11.8238702166444	0.0544783348744897	0.875
chrY	11800000	15600000	fastq0023_HPNE_T1	HCJY7AFX7_MIxT1XT3_24s001577-1-1_Jeong_lane1T1xiTRU3C81	CC	1	19	del_h2	1000	del_h1	0010	16.9175870454723	0.0544783348744899	0.875
chrY	11800000	15600000	fastq0023_HPNE_T1	HCJY7AFX7_MIxT1XT3_24s001577-1-1_Jeong_lane1T1xiTRU3C83	CC	1	19	del_h2	1000	del_h1	0010	12.2602457008456	0.0544783348744899	0.875
chrY	11800000	15600000	fastq0023_HPNE_T1	HCJY7AFX7_MIxT1XT3_24s001577-1-1_Jeong_lane1T1xiTRU3C84	CC	1	19	del_h2	1000	del_h1	0010	15.6478580067232	0.0544783348744897	0.875
chrY	11800000	15600000	fastq0023_HPNE_T1	HCJY7AFX7_MIxT1XT3_24s001577-1-1_Jeong_lane1T1xiTRU3C85	CC	1	19	del_h2	1000	del_h1	0010	14.854706364776	0.0544783348744897	0.875
chrY	11800000	15600000	fastq0023_HPNE_T1	HCJY7AFX7_MIxT1XT3_24s001577-1-1_Jeong_lane1T1xiTRU3C86	CC	1	19	del_h2	1000	del_h1	0010	18.8123344126762	0.0544783348744897	0.875
chrY	11800000	15600000	fastq0023_HPNE_T1	HCJY7AFX7_MIxT1XT3_24s001577-1-1_Jeong_lane1T1xiTRU3C87	CC	1	19	del_h2	1000	del_h1	0010	21.173307445022	0.0544783348744899	0.875
chrY	11800000	15600000	fastq0023_HPNE_T1	HCJY7AFX7_MIxT1XT3_24s001577-1-1_Jeong_lane1T1xiTRU3C89	WW	1	19	del_h2	1000	del_h1	0010	12.6783495558227	0.0544783348744897	0.875
chrY	11800000	15600000	fastq0023_HPNE_T1	HCJY7AFX7_MIxT1XT3_24s001577-1-1_Jeong_lane1T1xiTRU3C90	WW	1	19	del_h2	1000	del_h1	0010	16.8059065221497	0.0544783348744897	0.875
chrY	11800000	15600000	fastq0023_HPNE_T1	HCJY7AFX7_MIxT1XT3_24s001577-1-1_Jeong_lane1T1xiTRU3C91	WC	1	19	del_hom	0000	del_h2	1000	22.103628557474	18.2482360071662	0.09375
chrY	11800000	15600000	fastq0023_HPNE_T1	HCJY7AFX7_MIxT1XT3_24s001577-1-1_Jeong_lane1T1xiTRU3C95	WW	1	19	del_h2	1000	del_h1	0010	11.9083911261458	0.0544783348744897	0.875
chrY	15600000	17400000	fastq0023_HPNE_T1	HCJY7AFX7_MIxT1XT3_24s001577-1-1_Jeong_lane1T1xiTRU3C15	CC	1	9	del_h2	1000	del_h1	0010	6.40119197361124	0.0676993561070414	0.8125
chrY	15600000	17400000	fastq0023_HPNE_T1	HCJY7AFX7_MIxT1XT3_24s001577-1-1_Jeong_lane1T1xiTRU3C16	CC	1	9	del_h2	1000	del_h1	0010	4.52721311939592	0.0676993561070414	0.8125
chrY	15600000	17400000	fastq0023_HPNE_T1	HCJY7AFX7_MIxT1XT3_24s001577-1-1_Jeong_lane1T1xiTRU3C17	WW	1	9	del_h2	1000	del_h1	0010	5.11254885744924	0.0676993561070414	0.8125
chrY	15600000	17400000	fastq0023_HPNE_T1	HCJY7AFX7_MIxT1XT3_24s001577-1-1_Jeong_lane1T1xiTRU3C18	WC	1	9	del_h2	1000	del_hom	0000	11.5597952023415	3.74715840793721	0.8125
chrY	15600000	17400000	fastq0023_HPNE_T1	HCJY7AFX7_MIxT1XT3_24s001577-1-1_Jeong_lane1T1xiTRU3C19	WC	1	9	del_hom	0000	del_h2	1000	21.3376348002173	11.5074596155045	0.09375
chrY	15600000	17400000	fastq0023_HPNE_T1	HCJY7AFX7_MIxT1XT3_24s001577-1-1_Jeong_lane1T1xiTRU3C21	WW	1	9	del_h2	1000	del_h1	0010	4.55219986621906	0.0676993561070414	0.8125
chrY	15600000	17400000	fastq0023_HPNE_T1	HCJY7AFX7_MIxT1XT3_24s001577-1-1_Jeong_lane1T1xiTRU3C25	CC	1	9	del_h2	1000	del_h1	0010	4.93670821451805	0.0676993561070414	0.8125
chrY	15600000	17400000	fastq0023_HPNE_T1	HCJY7AFX7_MIxT1XT3_24s001577-1-1_Jeong_lane1T1xiTRU3C26	WW	1	9	del_h2	1000	del_h1	0010	5.06787540887045	0.0676993561070409	0.8125
chrY	15600000	17400000	fastq0023_HPNE_T1	HCJY7AFX7_MIxT1XT3_24s001577-1-1_Jeong_lane1T1xiTRU3C27	WW	1	9	del_h2	1000	del_h1	0010	4.93614996627965	0.0676993561070414	0.8125
chrY	15600000	17400000	fastq0023_HPNE_T1	HCJY7AFX7_MIxT1XT3_24s001577-1-1_Jeong_lane1T1xiTRU3C30	CC	1	9	del_h2	1000	del_h1	0010	5.2866838407722	0.0676993561070414	0.8125
chrY	15600000	17400000	fastq0023_HPNE_T1	HCJY7AFX7_MIxT1XT3_24s001577-1-1_Jeong_lane1T1xiTRU3C31	CC	1	9	del_h2	1000	del_h1	0010	8.8074264709901	0.0676993561070414	0.8125
chrY	15600000	17400000	fastq0023_HPNE_T1	HCJY7AFX7_MIxT1XT3_24s001577-1-1_Jeong_lane1T1xiTRU3C33	CC	1	9	del_h2	1000	del_h1	0010	8.84820248004924	0.0676993561070414	0.8125
chrY	15600000	17400000	fastq0023_HPNE_T1	HCJY7AFX7_MIxT1XT3_24s001577-1-1_Jeong_lane1T1xiTRU3C52	WC	1	9	del_hom	0000	del_h2	1000	21.2353802423588	10.3917225736597	0.09375
chrY	15600000	17400000	fastq0023_HPNE_T1	HCJY7AFX7_MIxT1XT3_24s001577-1-1_Jeong_lane1T1xiTRU3C55	WW	1	9	del_h2	1000	del_h1	0010	8.30031043948964	0.0676993561070409	0.8125
chrY	15600000	17400000	fastq0023_HPNE_T1	HCJY7AFX7_MIxT1XT3_24s001577-1-1_Jeong_lane1T1xiTRU3C59	CC	1	9	del_h2	1000	del_h1	0010	6.3912654182097	0.0676993561070414	0.8125
chrY	15600000	17400000	fastq0023_HPNE_T1	HCJY7AFX7_MIxT1XT3_24s001577-1-1_Jeong_lane1T1xiTRU3C61	WW	1	9	del_h2	1000	del_h1	0010	7.14178797740502	0.0676993561070414	0.8125
chrY	15600000	17400000	fastq0023_HPNE_T1	HCJY7AFX7_MIxT1XT3_24s001577-1-1_Jeong_lane1T1xiTRU3C69	WW	1	9	del_h2	1000	del_h1	0010	7.10130070367881	0.0676993561070409	0.8125
chrY	15600000	17400000	fastq0023_HPNE_T1	HCJY7AFX7_MIxT1XT3_24s001577-1-1_Jeong_lane1T1xiTRU3C75	CC	1	9	del_h2	1000	del_h1	0010	13.6001228490948	0.0676993561070414	0.8125
chrY	15600000	17400000	fastq0023_HPNE_T1	HCJY7AFX7_MIxT1XT3_24s001577-1-1_Jeong_lane1T1xiTRU3C76	WW	1	9	del_h2	1000	del_h1	0010	12.2919633140855	0.0676993561070414	0.8125
chrY	15600000	17400000	fastq0023_HPNE_T1	HCJY7AFX7_MIxT1XT3_24s001577-1-1_Jeong_lane1T1xiTRU3C81	CC	1	9	del_h2	1000	del_h1	0010	13.3730508157035	0.0676993561070414	0.8125
chrY	15600000	17400000	fastq0023_HPNE_T1	HCJY7AFX7_MIxT1XT3_24s001577-1-1_Jeong_lane1T1xiTRU3C83	CC	1	9	del_h2	1000	del_h1	0010	8.12554180872143	0.0676993561070414	0.8125
chrY	15600000	17400000	fastq0023_HPNE_T1	HCJY7AFX7_MIxT1XT3_24s001577-1-1_Jeong_lane1T1xiTRU3C84	CC	1	9	del_h2	1000	del_h1	0010	8.28618021817512	0.0676993561070414	0.8125
chrY	15600000	17400000	fastq0023_HPNE_T1	HCJY7AFX7_MIxT1XT3_24s001577-1-1_Jeong_lane1T1xiTRU3C85	CC	1	9	del_h2	1000	del_h1	0010	5.65579701598497	0.0676993561070414	0.8125
chrY	15600000	17400000	fastq0023_HPNE_T1	HCJY7AFX7_MIxT1XT3_24s001577-1-1_Jeong_lane1T1xiTRU3C86	CC	1	9	del_h2	1000	del_h1	0010	12.6467729001868	0.0676993561070414	0.8125
chrY	15600000	17400000	fastq0023_HPNE_T1	HCJY7AFX7_MIxT1XT3_24s001577-1-1_Jeong_lane1T1xiTRU3C87	CC	1	9	del_h2	1000	del_h1	0010	13.8239383090289	0.0676993561070409	0.8125
chrY	15600000	17400000	fastq0023_HPNE_T1	HCJY7AFX7_MIxT1XT3_24s001577-1-1_Jeong_lane1T1xiTRU3C89	WW	1	9	del_h2	1000	del_h1	0010	9.17419668345866	0.0676993561070414	0.8125
chrY	15600000	17400000	fastq0023_HPNE_T1	HCJY7AFX7_MIxT1XT3_24s001577-1-1_Jeong_lane1T1xiTRU3C90	WW	1	9	del_h2	1000	del_h1	0010	10.8843450731344	0.0676993561070414	0.8125
chrY	15600000	17400000	fastq0023_HPNE_T1	HCJY7AFX7_MIxT1XT3_24s001577-1-1_Jeong_lane1T1xiTRU3C91	WC	1	9	del_hom	0000	del_h2	1000	21.3489922747857	18.5378737763287	0.09375
chrY	15600000	17400000	fastq0023_HPNE_T1	HCJY7AFX7_MIxT1XT3_24s001577-1-1_Jeong_lane1T1xiTRU3C95	WW	1	9	del_h2	1000	del_h1	0010	11.5676376266827	0.0676993561070414	0.8125
chrY	17400000	18800000	fastq0023_HPNE_T1	HCJY7AFX7_MIxT1XT3_24s001577-1-1_Jeong_lane1T1xiTRU3C15	CC	1	7	del_hom	0000	del_h2	1000	22.279111615867	8.14506164364678	1
chrY	17400000	18800000	fastq0023_HPNE_T1	HCJY7AFX7_MIxT1XT3_24s001577-1-1_Jeong_lane1T1xiTRU3C16	CC	1	7	del_hom	0000	del_h2	1000	24.6923961859212	11.1144060122939	1
chrY	17400000	18800000	fastq0023_HPNE_T1	HCJY7AFX7_MIxT1XT3_24s001577-1-1_Jeong_lane1T1xiTRU3C17	WW	1	7	del_hom	0000	del_h2	1000	24.3372461178629	9.08661959944108	1
chrY	17400000	18800000	fastq0023_HPNE_T1	HCJY7AFX7_MIxT1XT3_24s001577-1-1_Jeong_lane1T1xiTRU3C18	WC	1	7	del_hom	0000	del_h2	1000	20.0377825724501	5.94816752829355	1
chrY	17400000	18800000	fastq0023_HPNE_T1	HCJY7AFX7_MIxT1XT3_24s001577-1-1_Jeong_lane1T1xiTRU3C19	WC	1	7	del_hom	0000	del_h2	1000	28.9619253859977	13.3275210554541	1
chrY	17400000	18800000	fastq0023_HPNE_T1	HCJY7AFX7_MIxT1XT3_24s001577-1-1_Jeong_lane1T1xiTRU3C20	CC	1	7	del_hom	0000	del_h2	1000	20.1595374812503	7.1820121573547	1
chrY	17400000	18800000	fastq0023_HPNE_T1	HCJY7AFX7_MIxT1XT3_24s001577-1-1_Jeong_lane1T1xiTRU3C21	WW	1	7	del_hom	0000	del_h2	1000	26.526200266472	10.7735991401415	1
chrY	17400000	18800000	fastq0023_HPNE_T1	HCJY7AFX7_MIxT1XT3_24s001577-1-1_Jeong_lane1T1xiTRU3C22	CC	1	7	del_hom	0000	del_h2	1000	20.0896204829148	6.71807171625168	1
chrY	17400000	18800000	fastq0023_HPNE_T1	HCJY7AFX7_MIxT1XT3_24s001577-1-1_Jeong_lane1T1xiTRU3C25	CC	1	7	del_hom	0000	del_h2	1000	29.0654390589	13.4032641296895	1
chrY	17400000	18800000	fastq0023_HPNE_T1	HCJY7AFX7_MIxT1XT3_24s001577-1-1_Jeong_lane1T1xiTRU3C26	WW	1	7	del_hom	0000	del_h2	1000	24.1547830390395	9.63746842889169	1
chrY	17400000	18800000	fastq0023_HPNE_T1	HCJY7AFX7_MIxT1XT3_24s001577-1-1_Jeong_lane1T1xiTRU3C27	WW	1	7	del_hom	0000	del_h2	1000	25.7119972256399	8.76908874588959	1
chrY	17400000	18800000	fastq0023_HPNE_T1	HCJY7AFX7_MIxT1XT3_24s001577-1-1_Jeong_lane1T1xiTRU3C30	CC	1	7	del_hom	0000	del_h2	1000	21.7732674552116	7.91464092257	1
chrY	17400000	18800000	fastq0023_HPNE_T1	HCJY7AFX7_MIxT1XT3_24s001577-1-1_Jeong_lane1T1xiTRU3C31	CC	1	7	del_hom	0000	del_h2	1000	28.6109276288515	11.874381817671	1
chrY	17400000	18800000	fastq0023_HPNE_T1	HCJY7AFX7_MIxT1XT3_24s001577-1-1_Jeong_lane1T1xiTRU3C33	CC	1	7	del_hom	0000	del_h2	1000	30.0231544584289	13.2833443156465	1
chrY	17400000	18800000	fastq0023_HPNE_T1	HCJY7AFX7_MIxT1XT3_24s001577-1-1_Jeong_lane1T1xiTRU3C52	WC	1	7	del_hom	0000	del_h2	1000	27.4589999533888	12.4593195218936	1
chrY	17400000	18800000	fastq0023_HPNE_T1	HCJY7AFX7_MIxT1XT3_24s001577-1-1_Jeong_lane1T1xiTRU3C55	WW	1	7	del_hom	0000	del_h2	1000	29.503618970901	11.8582556120132	1
chrY	17400000	18800000	fastq0023_HPNE_T1	HCJY7AFX7_MIxT1XT3_24s001577-1-1_Jeong_lane1T1xiTRU3C59	CC	1	7	del_hom	0000	del_h2	1000	21.9019916800602	7.51263330677111	1
chrY	17400000	18800000	fastq0023_HPNE_T1	HCJY7AFX7_MIxT1XT3_24s001577-1-1_Jeong_lane1T1xiTRU3C61	WW	1	7	del_hom	0000	del_h2	1000	21.160893718627	7.18682221531747	1
chrY	17400000	18800000	fastq0023_HPNE_T1	HCJY7AFX7_MIxT1XT3_24s001577-1-1_Jeong_lane1T1xiTRU3C62	CC	1	7	del_hom	0000	del_h2	1000	25.1917569943914	11.3523901047861	1
chrY	17400000	18800000	fastq0023_HPNE_T1	HCJY7AFX7_MIxT1XT3_24s001577-1-1_Jeong_lane1T1xiTRU3C69	WW	1	7	del_hom	0000	del_h2	1000	25.0731308143848	9.42550627522287	1
chrY	17400000	18800000	fastq0023_HPNE_T1	HCJY7AFX7_MIxT1XT3_24s001577-1-1_Jeong_lane1T1xiTRU3C75	CC	1	7	del_hom	0000	del_h2	1000	30.0569506233804	16.5726822009694	1
chrY	17400000	18800000	fastq0023_HPNE_T1	HCJY7AFX7_MIxT1XT3_24s001577-1-1_Jeong_lane1T1xiTRU3C76	WW	1	7	del_hom	0000	del_h2	1000	30.0555039471564	13.2494782085142	1
chrY	17400000	18800000	fastq0023_HPNE_T1	HCJY7AFX7_MIxT1XT3_24s001577-1-1_Jeong_lane1T1xiTRU3C81	CC	1	7	del_hom	0000	del_h2	1000	30.0567217792772	14.2936124632533	1
chrY	17400000	18800000	fastq0023_HPNE_T1	HCJY7AFX7_MIxT1XT3_24s001577-1-1_Jeong_lane1T1xiTRU3C83	CC	1	7	del_hom	0000	del_h2	1000	25.3978097233511	8.93284497763789	1
chrY	17400000	18800000	fastq0023_HPNE_T1	HCJY7AFX7_MIxT1XT3_24s001577-1-1_Jeong_lane1T1xiTRU3C84	CC	1	7	del_hom	0000	del_h2	1000	30.0561593134932	15.0608730481304	1
chrY	17400000	18800000	fastq0023_HPNE_T1	HCJY7AFX7_MIxT1XT3_24s001577-1-1_Jeong_lane1T1xiTRU3C85	CC	1	7	del_hom	0000	del_h2	1000	30.0569659907861	19.0515759519206	1
chrY	17400000	18800000	fastq0023_HPNE_T1	HCJY7AFX7_MIxT1XT3_24s001577-1-1_Jeong_lane1T1xiTRU3C86	CC	1	7	del_hom	0000	del_h2	1000	30.0569294184476	15.8958778379573	1
chrY	17400000	18800000	fastq0023_HPNE_T1	HCJY7AFX7_MIxT1XT3_24s001577-1-1_Jeong_lane1T1xiTRU3C87	CC	1	7	del_hom	0000	del_h2	1000	30.0569672978425	20.7931395495606	1
chrY	17400000	18800000	fastq0023_HPNE_T1	HCJY7AFX7_MIxT1XT3_24s001577-1-1_Jeong_lane1T1xiTRU3C89	WW	1	7	del_hom	0000	del_h2	1000	30.0556538739675	14.2281227684345	1
chrY	17400000	18800000	fastq0023_HPNE_T1	HCJY7AFX7_MIxT1XT3_24s001577-1-1_Jeong_lane1T1xiTRU3C90	WW	1	7	del_hom	0000	del_h2	1000	30.0568821093223	18.4226202554541	1
chrY	17400000	18800000	fastq0023_HPNE_T1	HCJY7AFX7_MIxT1XT3_24s001577-1-1_Jeong_lane1T1xiTRU3C91	WC	1	7	del_hom	0000	del_h2	1000	30.0569673255096	21.2990676837167	1
chrY	17400000	18800000	fastq0023_HPNE_T1	HCJY7AFX7_MIxT1XT3_24s001577-1-1_Jeong_lane1T1xiTRU3C95	WW	1	7	del_hom	0000	del_h2	1000	29.9918682220197	12.3846434295294	1
chrY	18800000	21600000	fastq0023_HPNE_T1	HCJY7AFX7_MIxT1XT3_24s001577-1-1_Jeong_lane1T1xiTRU3C16	CC	1	14	del_h2	1000	del_h1	0010	6.58327863325815	0.0797298252369143	0.84375
chrY	18800000	21600000	fastq0023_HPNE_T1	HCJY7AFX7_MIxT1XT3_24s001577-1-1_Jeong_lane1T1xiTRU3C17	WW	1	14	del_h2	1000	del_h1	0010	5.49473605101731	0.0797298252369143	0.84375
chrY	18800000	21600000	fastq0023_HPNE_T1	HCJY7AFX7_MIxT1XT3_24s001577-1-1_Jeong_lane1T1xiTRU3C18	WC	1	14	del_h2	1000	del_hom	0000	17.0644034516064	4.30026320983517	0.84375
chrY	18800000	21600000	fastq0023_HPNE_T1	HCJY7AFX7_MIxT1XT3_24s001577-1-1_Jeong_lane1T1xiTRU3C19	WC	1	14	del_hom	0000	del_h2	1000	21.7887519443889	17.5145435474302	0.09375
chrY	18800000	21600000	fastq0023_HPNE_T1	HCJY7AFX7_MIxT1XT3_24s001577-1-1_Jeong_lane1T1xiTRU3C20	CC	1	14	del_h2	1000	del_h1	0010	5.28877511201637	0.0797298252369143	0.84375
chrY	18800000	21600000	fastq0023_HPNE_T1	HCJY7AFX7_MIxT1XT3_24s001577-1-1_Jeong_lane1T1xiTRU3C21	WW	1	14	del_h2	1000	del_h1	0010	6.97043430075614	0.0797298252369143	0.84375
chrY	18800000	21600000	fastq0023_HPNE_T1	HCJY7AFX7_MIxT1XT3_24s001577-1-1_Jeong_lane1T1xiTRU3C22	CC	1	14	del_h2	1000	del_h1	0010	4.91637236542326	0.0797298252369143	0.84375
chrY	18800000	21600000	fastq0023_HPNE_T1	HCJY7AFX7_MIxT1XT3_24s001577-1-1_Jeong_lane1T1xiTRU3C25	CC	1	14	del_h2	1000	del_h1	0010	4.03942310015403	0.0797298252369143	0.84375
chrY	18800000	21600000	fastq0023_HPNE_T1	HCJY7AFX7_MIxT1XT3_24s001577-1-1_Jeong_lane1T1xiTRU3C26	WW	1	14	del_h2	1000	del_h1	0010	4.79494940365627	0.0797298252369143	0.84375
chrY	18800000	21600000	fastq0023_HPNE_T1	HCJY7AFX7_MIxT1XT3_24s001577-1-1_Jeong_lane1T1xiTRU3C27	WW	1	14	del_h2	1000	del_h1	0010	7.89399458085228	0.0797298252369143	0.84375
chrY	18800000	21600000	fastq0023_HPNE_T1	HCJY7AFX7_MIxT1XT3_24s001577-1-1_Jeong_lane1T1xiTRU3C31	CC	1	14	del_h2	1000	del_h1	0010	5.98897143334833	0.0797298252369143	0.84375
chrY	18800000	21600000	fastq0023_HPNE_T1	HCJY7AFX7_MIxT1XT3_24s001577-1-1_Jeong_lane1T1xiTRU3C33	CC	1	14	del_h2	1000	del_h1	0010	8.67784855309062	0.0797298252369143	0.84375
chrY	18800000	21600000	fastq0023_HPNE_T1	HCJY7AFX7_MIxT1XT3_24s001577-1-1_Jeong_lane1T1xiTRU3C52	WC	1	14	del_hom	0000	del_h2	1000	21.7887505206326	16.0400855557629	0.09375
chrY	18800000	21600000	fastq0023_HPNE_T1	HCJY7AFX7_MIxT1XT3_24s001577-1-1_Jeong_lane1T1xiTRU3C55	WW	1	14	del_h2	1000	del_h1	0010	8.95828159800925	0.0797298252369143	0.84375
chrY	18800000	21600000	fastq0023_HPNE_T1	HCJY7AFX7_MIxT1XT3_24s001577-1-1_Jeong_lane1T1xiTRU3C59	CC	1	14	del_h2	1000	del_h1	0010	6.23815630717332	0.0797298252369143	0.84375
chrY	18800000	21600000	fastq0023_HPNE_T1	HCJY7AFX7_MIxT1XT3_24s001577-1-1_Jeong_lane1T1xiTRU3C61	WW	1	14	del_h2	1000	del_h1	0010	9.17792553092369	0.0797298252369143	0.84375
chrY	18800000	21600000	fastq0023_HPNE_T1	HCJY7AFX7_MIxT1XT3_24s001577-1-1_Jeong_lane1T1xiTRU3C62	CC	1	14	del_h2	1000	del_h1	0010	4.91466673552936	0.0797298252369143	0.84375
chrY	18800000	21600000	fastq0023_HPNE_T1	HCJY7AFX7_MIxT1XT3_24s001577-1-1_Jeong_lane1T1xiTRU3C69	WW	1	14	del_h2	1000	del_h1	0010	9.92834770431692	0.0797298252369143	0.84375
chrY	18800000	21600000	fastq0023_HPNE_T1	HCJY7AFX7_MIxT1XT3_24s001577-1-1_Jeong_lane1T1xiTRU3C75	CC	1	14	del_h2	1000	del_h1	0010	9.62651059846895	0.0797298252369143	0.84375
chrY	18800000	21600000	fastq0023_HPNE_T1	HCJY7AFX7_MIxT1XT3_24s001577-1-1_Jeong_lane1T1xiTRU3C76	WW	1	14	del_h2	1000	del_h1	0010	14.2668912823489	0.0797298252369143	0.84375
chrY	18800000	21600000	fastq0023_HPNE_T1	HCJY7AFX7_MIxT1XT3_24s001577-1-1_Jeong_lane1T1xiTRU3C81	CC	1	14	del_h2	1000	del_h1	0010	12.2209127156164	0.0797298252369143	0.84375
chrY	18800000	21600000	fastq0023_HPNE_T1	HCJY7AFX7_MIxT1XT3_24s001577-1-1_Jeong_lane1T1xiTRU3C83	CC	1	14	del_h2	1000	del_h1	0010	7.77156170831371	0.0797298252369143	0.84375
chrY	18800000	21600000	fastq0023_HPNE_T1	HCJY7AFX7_MIxT1XT3_24s001577-1-1_Jeong_lane1T1xiTRU3C84	CC	1	14	del_h2	1000	del_h1	0010	12.7212133618228	0.0797298252369143	0.84375
chrY	18800000	21600000	fastq0023_HPNE_T1	HCJY7AFX7_MIxT1XT3_24s001577-1-1_Jeong_lane1T1xiTRU3C85	CC	1	14	del_h2	1000	del_h1	0010	5.52235912297117	0.0797298252369143	0.84375
chrY	18800000	21600000	fastq0023_HPNE_T1	HCJY7AFX7_MIxT1XT3_24s001577-1-1_Jeong_lane1T1xiTRU3C86	CC	1	14	del_h2	1000	del_h1	0010	14.8608624940136	0.0797298252369143	0.84375
chrY	18800000	21600000	fastq0023_HPNE_T1	HCJY7AFX7_MIxT1XT3_24s001577-1-1_Jeong_lane1T1xiTRU3C87	CC	1	14	del_h2	1000	del_h1	0010	14.1228472247954	0.0797298252369143	0.84375
chrY	18800000	21600000	fastq0023_HPNE_T1	HCJY7AFX7_MIxT1XT3_24s001577-1-1_Jeong_lane1T1xiTRU3C89	WW	1	14	del_h2	1000	del_h1	0010	9.03694930622031	0.0797298252369143	0.84375
chrY	18800000	21600000	fastq0023_HPNE_T1	HCJY7AFX7_MIxT1XT3_24s001577-1-1_Jeong_lane1T1xiTRU3C90	WW	1	14	del_h2	1000	del_h1	0010	11.6058059049483	0.0797298252369143	0.84375
chrY	18800000	21600000	fastq0023_HPNE_T1	HCJY7AFX7_MIxT1XT3_24s001577-1-1_Jeong_lane1T1xiTRU3C91	WC	1	14	del_hom	0000	del_h2	1000	21.788752046924	18.7882385205585	0.09375
chrY	18800000	21600000	fastq0023_HPNE_T1	HCJY7AFX7_MIxT1XT3_24s001577-1-1_Jeong_lane1T1xiTRU3C95	WW	1	14	del_h2	1000	del_h1	0010	11.1558469564719	0.0797298252369143	0.84375
chrY	21600000	26400000	fastq0023_HPNE_T1	HCJY7AFX7_MIxT1XT3_24s001577-1-1_Jeong_lane1T1xiTRU3C15	CC	1	24	del_hom	0000	del_h2	1000	42.9520319290628	24.5910969182912	1
chrY	21600000	26400000	fastq0023_HPNE_T1	HCJY7AFX7_MIxT1XT3_24s001577-1-1_Jeong_lane1T1xiTRU3C16	CC	1	24	del_hom	0000	del_h2	1000	42.9519534927067	18.2808509722311	1
chrY	21600000	26400000	fastq0023_HPNE_T1	HCJY7AFX7_MIxT1XT3_24s001577-1-1_Jeong_lane1T1xiTRU3C17	WW	1	24	del_hom	0000	del_h2	1000	42.9520319509041	24.7747190924492	1
chrY	21600000	26400000	fastq0023_HPNE_T1	HCJY7AFX7_MIxT1XT3_24s001577-1-1_Jeong_lane1T1xiTRU3C18	WC	1	24	del_hom	0000	del_h2	1000	42.9520255622448	20.000300181829	1
chrY	21600000	26400000	fastq0023_HPNE_T1	HCJY7AFX7_MIxT1XT3_24s001577-1-1_Jeong_lane1T1xiTRU3C19	WC	1	24	del_hom	0000	del_h2	1000	42.9520320306478	26.1073418303207	1
chrY	21600000	26400000	fastq0023_HPNE_T1	HCJY7AFX7_MIxT1XT3_24s001577-1-1_Jeong_lane1T1xiTRU3C20	CC	1	24	del_hom	0000	del_h2	1000	42.9519036728828	17.7240733758268	1
chrY	21600000	26400000	fastq0023_HPNE_T1	HCJY7AFX7_MIxT1XT3_24s001577-1-1_Jeong_lane1T1xiTRU3C21	WW	1	24	del_hom	0000	del_h2	1000	42.952018441219	19.9406954702235	1
chrY	21600000	26400000	fastq0023_HPNE_T1	HCJY7AFX7_MIxT1XT3_24s001577-1-1_Jeong_lane1T1xiTRU3C22	CC	1	24	del_hom	0000	del_h2	1000	42.9519330960757	17.9603457654659	1
chrY	21600000	26400000	fastq0023_HPNE_T1	HCJY7AFX7_MIxT1XT3_24s001577-1-1_Jeong_lane1T1xiTRU3C25	CC	1	24	del_hom	0000	del_h2	1000	42.9520319631704	24.8949132332033	1
chrY	21600000	26400000	fastq0023_HPNE_T1	HCJY7AFX7_MIxT1XT3_24s001577-1-1_Jeong_lane1T1xiTRU3C26	WW	1	24	del_hom	0000	del_h2	1000	42.9520311789338	22.6798898438617	1
chrY	21600000	26400000	fastq0023_HPNE_T1	HCJY7AFX7_MIxT1XT3_24s001577-1-1_Jeong_lane1T1xiTRU3C27	WW	1	24	del_hom	0000	del_h2	1000	42.952032030643	26.1071715193819	1
chrY	21600000	26400000	fastq0023_HPNE_T1	HCJY7AFX7_MIxT1XT3_24s001577-1-1_Jeong_lane1T1xiTRU3C30	CC	1	24	del_hom	0000	del_h2	1000	42.9497658942627	14.843325264566	1
chrY	21600000	26400000	fastq0023_HPNE_T1	HCJY7AFX7_MIxT1XT3_24s001577-1-1_Jeong_lane1T1xiTRU3C31	CC	1	24	del_hom	0000	del_h2	1000	42.9520318426607	24.081900212283	1
chrY	21600000	26400000	fastq0023_HPNE_T1	HCJY7AFX7_MIxT1XT3_24s001577-1-1_Jeong_lane1T1xiTRU3C33	CC	1	24	del_hom	0000	del_h2	1000	42.9520320306218	26.1064307058192	1
chrY	21600000	26400000	fastq0023_HPNE_T1	HCJY7AFX7_MIxT1XT3_24s001577-1-1_Jeong_lane1T1xiTRU3C52	WC	1	24	del_hom	0000	del_h2	1000	42.9520320306411	26.1071072318775	1
chrY	21600000	26400000	fastq0023_HPNE_T1	HCJY7AFX7_MIxT1XT3_24s001577-1-1_Jeong_lane1T1xiTRU3C55	WW	1	24	del_hom	0000	del_h2	1000	42.9520319531586	24.7957474261834	1
chrY	21600000	26400000	fastq0023_HPNE_T1	HCJY7AFX7_MIxT1XT3_24s001577-1-1_Jeong_lane1T1xiTRU3C59	CC	1	24	del_hom	0000	del_h2	1000	42.9520318532489	24.1320441182706	1
chrY	21600000	26400000	fastq0023_HPNE_T1	HCJY7AFX7_MIxT1XT3_24s001577-1-1_Jeong_lane1T1xiTRU3C61	WW	1	24	del_hom	0000	del_h2	1000	42.9520319992585	25.3660780358394	1
chrY	21600000	26400000	fastq0023_HPNE_T1	HCJY7AFX7_MIxT1XT3_24s001577-1-1_Jeong_lane1T1xiTRU3C62	CC	1	24	del_hom	0000	del_h2	1000	42.3141657179969	10.3574361860255	1
chrY	21600000	26400000	fastq0023_HPNE_T1	HCJY7AFX7_MIxT1XT3_24s001577-1-1_Jeong_lane1T1xiTRU3C69	WW	1	24	del_hom	0000	del_h2	1000	42.9520002688602	19.0928744185531	1
chrY	21600000	26400000	fastq0023_HPNE_T1	HCJY7AFX7_MIxT1XT3_24s001577-1-1_Jeong_lane1T1xiTRU3C75	CC	1	24	del_hom	0000	del_h2	1000	42.9520320306482	26.1073544252019	1
chrY	21600000	26400000	fastq0023_HPNE_T1	HCJY7AFX7_MIxT1XT3_24s001577-1-1_Jeong_lane1T1xiTRU3C76	WW	1	24	del_hom	0000	del_h2	1000	42.9520320306482	26.1073531460204	1
chrY	21600000	26400000	fastq0023_HPNE_T1	HCJY7AFX7_MIxT1XT3_24s001577-1-1_Jeong_lane1T1xiTRU3C81	CC	1	24	del_hom	0000	del_h2	1000	42.9520320306482	26.1073544266209	1
chrY	21600000	26400000	fastq0023_HPNE_T1	HCJY7AFX7_MIxT1XT3_24s001577-1-1_Jeong_lane1T1xiTRU3C83	CC	1	24	del_hom	0000	del_h2	1000	42.9520320296572	26.0732555463448	1
chrY	21600000	26400000	fastq0023_HPNE_T1	HCJY7AFX7_MIxT1XT3_24s001577-1-1_Jeong_lane1T1xiTRU3C84	CC	1	24	del_hom	0000	del_h2	1000	42.9520320259375	25.9547417967428	1
chrY	21600000	26400000	fastq0023_HPNE_T1	HCJY7AFX7_MIxT1XT3_24s001577-1-1_Jeong_lane1T1xiTRU3C85	CC	1	24	del_hom	0000	del_h2	1000	42.9520320306478	26.1073391911777	1
chrY	21600000	26400000	fastq0023_HPNE_T1	HCJY7AFX7_MIxT1XT3_24s001577-1-1_Jeong_lane1T1xiTRU3C86	CC	1	24	del_hom	0000	del_h2	1000	42.9520320306482	26.1073543592402	1
chrY	21600000	26400000	fastq0023_HPNE_T1	HCJY7AFX7_MIxT1XT3_24s001577-1-1_Jeong_lane1T1xiTRU3C87	CC	1	24	del_hom	0000	del_h2	1000	42.9520320306482	26.1073544273033	1
chrY	21600000	26400000	fastq0023_HPNE_T1	HCJY7AFX7_MIxT1XT3_24s001577-1-1_Jeong_lane1T1xiTRU3C89	WW	1	24	del_hom	0000	del_h2	1000	42.9520320295277	26.0688844266682	1
chrY	21600000	26400000	fastq0023_HPNE_T1	HCJY7AFX7_MIxT1XT3_24s001577-1-1_Jeong_lane1T1xiTRU3C90	WW	1	24	del_hom	0000	del_h2	1000	42.9520320304582	26.1007248822909	1
chrY	21600000	26400000	fastq0023_HPNE_T1	HCJY7AFX7_MIxT1XT3_24s001577-1-1_Jeong_lane1T1xiTRU3C91	WC	1	24	del_hom	0000	del_h2	1000	42.9520320306482	26.1073544273036	1
chrY	21600000	26400000	fastq0023_HPNE_T1	HCJY7AFX7_MIxT1XT3_24s001577-1-1_Jeong_lane1T1xiTRU3C95	WW	1	24	del_hom	0000	del_h2	1000	42.9520320305248	26.1030432504385	1
chrY	26800000	56600000	fastq0023_HPNE_T1	HCJY7AFX7_MIxT1XT3_24s001577-1-1_Jeong_lane1T1xiTRU3C15	CC	1	149	del_hom	0000	del_h1	0010	304.036920920021	153.943428859663	1
chrY	26800000	56600000	fastq0023_HPNE_T1	HCJY7AFX7_MIxT1XT3_24s001577-1-1_Jeong_lane1T1xiTRU3C16	CC	1	149	del_hom	0000	complex	0100	304.036920920021	153.943428859663	1
chrY	26800000	56600000	fastq0023_HPNE_T1	HCJY7AFX7_MIxT1XT3_24s001577-1-1_Jeong_lane1T1xiTRU3C17	WW	1	149	del_hom	0000	del_h2	1000	304.036920920021	153.943428859663	1
chrY	26800000	56600000	fastq0023_HPNE_T1	HCJY7AFX7_MIxT1XT3_24s001577-1-1_Jeong_lane1T1xiTRU3C18	WC	1	149	del_hom	0000	del_h1	0010	304.036920920021	153.943428859663	1
chrY	26800000	56600000	fastq0023_HPNE_T1	HCJY7AFX7_MIxT1XT3_24s001577-1-1_Jeong_lane1T1xiTRU3C19	WC	1	149	del_hom	0000	del_h1	0010	304.036920920021	153.943428859663	1
chrY	26800000	56600000	fastq0023_HPNE_T1	HCJY7AFX7_MIxT1XT3_24s001577-1-1_Jeong_lane1T1xiTRU3C20	CC	1	149	del_hom	0000	complex	0001	304.036920920021	153.943428859663	1
chrY	26800000	56600000	fastq0023_HPNE_T1	HCJY7AFX7_MIxT1XT3_24s001577-1-1_Jeong_lane1T1xiTRU3C21	WW	1	149	del_hom	0000	del_h2	1000	304.036920920021	153.943428859663	1
chrY	26800000	56600000	fastq0023_HPNE_T1	HCJY7AFX7_MIxT1XT3_24s001577-1-1_Jeong_lane1T1xiTRU3C22	CC	1	149	del_hom	0000	complex	0100	304.036920920021	153.943428859663	1
chrY	26800000	56600000	fastq0023_HPNE_T1	HCJY7AFX7_MIxT1XT3_24s001577-1-1_Jeong_lane1T1xiTRU3C25	CC	1	149	del_hom	0000	del_h1	0010	304.036920920021	153.943428859663	1
chrY	26800000	56600000	fastq0023_HPNE_T1	HCJY7AFX7_MIxT1XT3_24s001577-1-1_Jeong_lane1T1xiTRU3C26	WW	1	149	del_hom	0000	del_h2	1000	304.036920920021	153.943428859663	1
chrY	26800000	56600000	fastq0023_HPNE_T1	HCJY7AFX7_MIxT1XT3_24s001577-1-1_Jeong_lane1T1xiTRU3C27	WW	1	149	del_hom	0000	complex	0100	304.036920920021	153.943428859663	1
chrY	26800000	56600000	fastq0023_HPNE_T1	HCJY7AFX7_MIxT1XT3_24s001577-1-1_Jeong_lane1T1xiTRU3C30	CC	1	149	del_hom	0000	del_h1	0010	304.036920920021	153.943428859663	1
chrY	26800000	56600000	fastq0023_HPNE_T1	HCJY7AFX7_MIxT1XT3_24s001577-1-1_Jeong_lane1T1xiTRU3C31	CC	1	149	del_hom	0000	complex	0001	304.036920920021	153.943428859663	1
chrY	26800000	56600000	fastq0023_HPNE_T1	HCJY7AFX7_MIxT1XT3_24s001577-1-1_Jeong_lane1T1xiTRU3C33	CC	1	149	del_hom	0000	complex	0001	304.036920920021	153.943428859663	1
chrY	26800000	56600000	fastq0023_HPNE_T1	HCJY7AFX7_MIxT1XT3_24s001577-1-1_Jeong_lane1T1xiTRU3C52	WC	1	149	del_hom	0000	complex	0001	304.036920920021	153.943428859663	1
chrY	26800000	56600000	fastq0023_HPNE_T1	HCJY7AFX7_MIxT1XT3_24s001577-1-1_Jeong_lane1T1xiTRU3C55	WW	1	149	del_hom	0000	del_h2	1000	304.036920920021	153.943428859663	1
chrY	26800000	56600000	fastq0023_HPNE_T1	HCJY7AFX7_MIxT1XT3_24s001577-1-1_Jeong_lane1T1xiTRU3C59	CC	1	149	del_hom	0000	del_h2	1000	304.036920920021	153.943428859663	1
chrY	26800000	56600000	fastq0023_HPNE_T1	HCJY7AFX7_MIxT1XT3_24s001577-1-1_Jeong_lane1T1xiTRU3C61	WW	1	149	del_hom	0000	del_h1	0010	304.036920920021	153.943428859663	1
chrY	26800000	56600000	fastq0023_HPNE_T1	HCJY7AFX7_MIxT1XT3_24s001577-1-1_Jeong_lane1T1xiTRU3C62	CC	1	149	del_hom	0000	complex	0001	304.036920920021	153.943428859663	1
chrY	26800000	56600000	fastq0023_HPNE_T1	HCJY7AFX7_MIxT1XT3_24s001577-1-1_Jeong_lane1T1xiTRU3C69	WW	1	149	del_hom	0000	del_h2	1000	304.036920920021	153.943428859663	1
chrY	26800000	56600000	fastq0023_HPNE_T1	HCJY7AFX7_MIxT1XT3_24s001577-1-1_Jeong_lane1T1xiTRU3C75	CC	1	149	del_hom	0000	del_h1	0010	304.036920920021	153.943428859663	1
chrY	26800000	56600000	fastq0023_HPNE_T1	HCJY7AFX7_MIxT1XT3_24s001577-1-1_Jeong_lane1T1xiTRU3C76	WW	1	149	del_hom	0000	del_h2	1000	304.036920920021	153.943428859663	1
chrY	26800000	56600000	fastq0023_HPNE_T1	HCJY7AFX7_MIxT1XT3_24s001577-1-1_Jeong_lane1T1xiTRU3C81	CC	1	149	del_hom	0000	del_h2	1000	304.036920920021	153.943428859663	1
chrY	26800000	56600000	fastq0023_HPNE_T1	HCJY7AFX7_MIxT1XT3_24s001577-1-1_Jeong_lane1T1xiTRU3C83	CC	1	149	del_hom	0000	complex	0001	304.036920920021	153.943428859663	1
chrY	26800000	56600000	fastq0023_HPNE_T1	HCJY7AFX7_MIxT1XT3_24s001577-1-1_Jeong_lane1T1xiTRU3C84	CC	1	149	del_hom	0000	complex	0001	304.036920920021	153.943428859663	1
chrY	26800000	56600000	fastq0023_HPNE_T1	HCJY7AFX7_MIxT1XT3_24s001577-1-1_Jeong_lane1T1xiTRU3C85	CC	1	149	del_hom	0000	complex	0100	304.036920920021	153.943428859663	1
chrY	26800000	56600000	fastq0023_HPNE_T1	HCJY7AFX7_MIxT1XT3_24s001577-1-1_Jeong_lane1T1xiTRU3C86	CC	1	149	del_hom	0000	del_h1	0010	304.036920920021	153.943428859663	1
chrY	26800000	56600000	fastq0023_HPNE_T1	HCJY7AFX7_MIxT1XT3_24s001577-1-1_Jeong_lane1T1xiTRU3C87	CC	1	149	del_hom	0000	complex	0100	304.036920920021	153.943428859663	1
chrY	26800000	56600000	fastq0023_HPNE_T1	HCJY7AFX7_MIxT1XT3_24s001577-1-1_Jeong_lane1T1xiTRU3C89	WW	1	149	del_hom	0000	del_h2	1000	304.036920920021	153.943428859663	1
chrY	26800000	56600000	fastq0023_HPNE_T1	HCJY7AFX7_MIxT1XT3_24s001577-1-1_Jeong_lane1T1xiTRU3C90	WW	1	149	del_hom	0000	complex	0001	304.036920920021	153.943428859663	1
chrY	26800000	56600000	fastq0023_HPNE_T1	HCJY7AFX7_MIxT1XT3_24s001577-1-1_Jeong_lane1T1xiTRU3C91	WC	1	149	del_hom	0000	del_h2	1000	304.036920920021	153.943428859663	1
chrY	26800000	56600000	fastq0023_HPNE_T1	HCJY7AFX7_MIxT1XT3_24s001577-1-1_Jeong_lane1T1xiTRU3C95	WW	1	149	del_hom	0000	del_h1	0010	304.036920920021	153.943428859663	1
chrY	56600000	56800000	fastq0023_HPNE_T1	HCJY7AFX7_MIxT1XT3_24s001577-1-1_Jeong_lane1T1xiTRU3C91	WC	1	1	del_hom	0000	del_h2	1000	4.94409899169866	2.86050878406255	0.03125
chrY	56800000	57000000	fastq0023_HPNE_T1	HCJY7AFX7_MIxT1XT3_24s001577-1-1_Jeong_lane1T1xiTRU3C17	WW	1	1	idup_h2	1011	idup_h1	1110	4.02149621838028	0.0451840288515015	0.46875
chrY	56800000	57000000	fastq0023_HPNE_T1	HCJY7AFX7_MIxT1XT3_24s001577-1-1_Jeong_lane1T1xiTRU3C21	WW	1	1	idup_h2	1011	idup_h1	1110	4.01633622097301	0.0451840288515015	0.46875
chrY	56800000	57000000	fastq0023_HPNE_T1	HCJY7AFX7_MIxT1XT3_24s001577-1-1_Jeong_lane1T1xiTRU3C27	WW	1	1	idup_h2	1011	idup_h1	1110	4.40911672494913	0.0451840288515015	0.46875
chrY	56800000	57000000	fastq0023_HPNE_T1	HCJY7AFX7_MIxT1XT3_24s001577-1-1_Jeong_lane1T1xiTRU3C31	CC	1	1	idup_h2	1011	idup_h1	1110	4.1664568995407	0.0451840288515015	0.46875
chrY	56800000	57000000	fastq0023_HPNE_T1	HCJY7AFX7_MIxT1XT3_24s001577-1-1_Jeong_lane1T1xiTRU3C33	CC	1	1	idup_h2	1011	idup_h1	1110	4.86123505858851	0.0451840288515024	0.46875
chrY	56800000	57000000	fastq0023_HPNE_T1	HCJY7AFX7_MIxT1XT3_24s001577-1-1_Jeong_lane1T1xiTRU3C75	CC	1	1	idup_h2	1011	idup_h1	1110	5.82996314872757	0.0451840288515015	0.46875
chrY	56800000	57000000	fastq0023_HPNE_T1	HCJY7AFX7_MIxT1XT3_24s001577-1-1_Jeong_lane1T1xiTRU3C76	WW	1	1	idup_h2	1011	idup_h1	1110	5.77472742130738	0.0451840288515024	0.46875
chrY	56800000	57000000	fastq0023_HPNE_T1	HCJY7AFX7_MIxT1XT3_24s001577-1-1_Jeong_lane1T1xiTRU3C81	CC	1	1	idup_h2	1011	idup_h1	1110	4.20668245741013	0.0451840288515015	0.46875
chrY	56800000	57000000	fastq0023_HPNE_T1	HCJY7AFX7_MIxT1XT3_24s001577-1-1_Jeong_lane1T1xiTRU3C83	CC	1	1	idup_h2	1011	idup_h1	1110	4.67212508540079	0.0451840288515024	0.46875
chrY	56800000	57000000	fastq0023_HPNE_T1	HCJY7AFX7_MIxT1XT3_24s001577-1-1_Jeong_lane1T1xiTRU3C84	CC	1	1	idup_h2	1011	idup_h1	1110	4.16860599870004	0.0451840288515015	0.46875
chrY	56800000	57000000	fastq0023_HPNE_T1	HCJY7AFX7_MIxT1XT3_24s001577-1-1_Jeong_lane1T1xiTRU3C85	CC	1	1	idup_h2	1011	idup_h1	1110	5.43058760585319	0.0451840288515015	0.46875
chrY	56800000	57000000	fastq0023_HPNE_T1	HCJY7AFX7_MIxT1XT3_24s001577-1-1_Jeong_lane1T1xiTRU3C86	CC	1	1	idup_h2	1011	idup_h1	1110	5.17412323790386	0.0451840288515024	0.46875
chrY	56800000	57000000	fastq0023_HPNE_T1	HCJY7AFX7_MIxT1XT3_24s001577-1-1_Jeong_lane1T1xiTRU3C87	CC	1	1	idup_h2	1011	idup_h1	1110	7.63067682303109	0.0451840288515024	0.46875
chrY	56800000	57000000	fastq0023_HPNE_T1	HCJY7AFX7_MIxT1XT3_24s001577-1-1_Jeong_lane1T1xiTRU3C89	WW	1	1	idup_h2	1011	idup_h1	1110	5.44273634512976	0.0451840288515015	0.46875
chrY	56800000	57000000	fastq0023_HPNE_T1	HCJY7AFX7_MIxT1XT3_24s001577-1-1_Jeong_lane1T1xiTRU3C95	WW	1	1	idup_h2	1011	idup_h1	1110	4.77988116233084	0.0451840288515015	0.46875
chrY	57000000	57227415	fastq0023_HPNE_T1	HCJY7AFX7_MIxT1XT3_24s001577-1-1_Jeong_lane1T1xiTRU3C15	CC	1	2	del_hom	0000	del_h2	1000	9.34238943119097	4.98131647513258	1
chrY	57000000	57227415	fastq0023_HPNE_T1	HCJY7AFX7_MIxT1XT3_24s001577-1-1_Jeong_lane1T1xiTRU3C16	CC	1	2	del_hom	0000	del_h1	0010	8.32855710060234	4.50107985042209	1
chrY	57000000	57227415	fastq0023_HPNE_T1	HCJY7AFX7_MIxT1XT3_24s001577-1-1_Jeong_lane1T1xiTRU3C17	WW	1	2	del_hom	0000	del_h2	1000	9.95400646901243	5.27103015682852	1
chrY	57000000	57227415	fastq0023_HPNE_T1	HCJY7AFX7_MIxT1XT3_24s001577-1-1_Jeong_lane1T1xiTRU3C18	WC	1	2	del_hom	0000	del_h1	0010	8.67578438911787	4.66555599459151	1
chrY	57000000	57227415	fastq0023_HPNE_T1	HCJY7AFX7_MIxT1XT3_24s001577-1-1_Jeong_lane1T1xiTRU3C19	WC	1	2	del_hom	0000	del_h1	0010	9.66349087748647	5.13341731584724	1
chrY	57000000	57227415	fastq0023_HPNE_T1	HCJY7AFX7_MIxT1XT3_24s001577-1-1_Jeong_lane1T1xiTRU3C20	CC	1	2	del_hom	0000	del_h1	0010	8.70927733688733	4.68142108213562	1
chrY	57000000	57227415	fastq0023_HPNE_T1	HCJY7AFX7_MIxT1XT3_24s001577-1-1_Jeong_lane1T1xiTRU3C21	WW	1	2	del_hom	0000	del_h1	0010	9.89899905316551	5.24497397154853	1
chrY	57000000	57227415	fastq0023_HPNE_T1	HCJY7AFX7_MIxT1XT3_24s001577-1-1_Jeong_lane1T1xiTRU3C22	CC	1	2	del_hom	0000	del_h2	1000	9.23314507561208	4.92956910651314	1
chrY	57000000	57227415	fastq0023_HPNE_T1	HCJY7AFX7_MIxT1XT3_24s001577-1-1_Jeong_lane1T1xiTRU3C25	CC	1	2	del_hom	0000	del_h2	1000	9.70918064832838	5.15505986547881	1
chrY	57000000	57227415	fastq0023_HPNE_T1	HCJY7AFX7_MIxT1XT3_24s001577-1-1_Jeong_lane1T1xiTRU3C26	WW	1	2	del_hom	0000	del_h1	0010	9.21371234795692	4.92036412321703	1
chrY	57000000	57227415	fastq0023_HPNE_T1	HCJY7AFX7_MIxT1XT3_24s001577-1-1_Jeong_lane1T1xiTRU3C27	WW	1	2	del_hom	0000	del_h1	0010	11.5157401394206	6.0108016616972	1
chrY	57000000	57227415	fastq0023_HPNE_T1	HCJY7AFX7_MIxT1XT3_24s001577-1-1_Jeong_lane1T1xiTRU3C30	CC	1	2	del_hom	0000	del_h2	1000	9.19168295997993	4.90992914215404	1
chrY	57000000	57227415	fastq0023_HPNE_T1	HCJY7AFX7_MIxT1XT3_24s001577-1-1_Jeong_lane1T1xiTRU3C31	CC	1	2	del_hom	0000	del_h2	1000	10.5629686284071	5.55948656199533	1
chrY	57000000	57227415	fastq0023_HPNE_T1	HCJY7AFX7_MIxT1XT3_24s001577-1-1_Jeong_lane1T1xiTRU3C33	CC	1	2	del_hom	0000	del_h2	1000	12.6252196400079	6.53635218339065	1
chrY	57000000	57227415	fastq0023_HPNE_T1	HCJY7AFX7_MIxT1XT3_24s001577-1-1_Jeong_lane1T1xiTRU3C52	WC	1	2	del_hom	0000	del_h1	0010	9.13978824847122	4.88534741898715	1
chrY	57000000	57227415	fastq0023_HPNE_T1	HCJY7AFX7_MIxT1XT3_24s001577-1-1_Jeong_lane1T1xiTRU3C55	WW	1	2	del_hom	0000	del_h2	1000	11.7257330844634	6.11027287489525	1
chrY	57000000	57227415	fastq0023_HPNE_T1	HCJY7AFX7_MIxT1XT3_24s001577-1-1_Jeong_lane1T1xiTRU3C59	CC	1	2	del_hom	0000	del_h2	1000	9.79574442659026	5.19606381438105	1
chrY	57000000	57227415	fastq0023_HPNE_T1	HCJY7AFX7_MIxT1XT3_24s001577-1-1_Jeong_lane1T1xiTRU3C61	WW	1	2	del_hom	0000	del_h1	0010	9.56639231983672	5.08742320965704	1
chrY	57000000	57227415	fastq0023_HPNE_T1	HCJY7AFX7_MIxT1XT3_24s001577-1-1_Jeong_lane1T1xiTRU3C62	CC	1	2	del_hom	0000	del_h2	1000	8.47210432200584	4.56907592494941	1
chrY	57000000	57227415	fastq0023_HPNE_T1	HCJY7AFX7_MIxT1XT3_24s001577-1-1_Jeong_lane1T1xiTRU3C69	WW	1	2	del_hom	0000	del_h2	1000	10.172693973072	5.37461916198852	1
chrY	57000000	57227415	fastq0023_HPNE_T1	HCJY7AFX7_MIxT1XT3_24s001577-1-1_Jeong_lane1T1xiTRU3C75	CC	1	2	del_hom	0000	del_h1	0010	16.8237384805311	8.52587382825363	1
chrY	57000000	57227415	fastq0023_HPNE_T1	HCJY7AFX7_MIxT1XT3_24s001577-1-1_Jeong_lane1T1xiTRU3C76	WW	1	2	del_hom	0000	del_h1	0010	15.5204488007777	7.90797154915151	1
chrY	57000000	57227415	fastq0023_HPNE_T1	HCJY7AFX7_MIxT1XT3_24s001577-1-1_Jeong_lane1T1xiTRU3C81	CC	1	2	del_hom	0000	del_h1	0010	16.2393830013272	8.24873684366088	1
chrY	57000000	57227415	fastq0023_HPNE_T1	HCJY7AFX7_MIxT1XT3_24s001577-1-1_Jeong_lane1T1xiTRU3C83	CC	1	2	del_hom	0000	del_h2	1000	11.6326209223712	6.06616670497936	1
chrY	57000000	57227415	fastq0023_HPNE_T1	HCJY7AFX7_MIxT1XT3_24s001577-1-1_Jeong_lane1T1xiTRU3C84	CC	1	2	del_hom	0000	del_h1	0010	13.7398000494097	7.06433464928305	1
chrY	57000000	57227415	fastq0023_HPNE_T1	HCJY7AFX7_MIxT1XT3_24s001577-1-1_Jeong_lane1T1xiTRU3C85	CC	1	2	del_hom	0000	del_h2	1000	16.2337730981857	8.24607714712268	1
chrY	57000000	57227415	fastq0023_HPNE_T1	HCJY7AFX7_MIxT1XT3_24s001577-1-1_Jeong_lane1T1xiTRU3C86	CC	1	2	del_hom	0000	del_h2	1000	16.3776039951845	8.31427285518152	1
chrY	57000000	57227415	fastq0023_HPNE_T1	HCJY7AFX7_MIxT1XT3_24s001577-1-1_Jeong_lane1T1xiTRU3C87	CC	1	2	del_hom	0000	del_h1	0010	21.4787294825251	10.8176808043022	1
chrY	57000000	57227415	fastq0023_HPNE_T1	HCJY7AFX7_MIxT1XT3_24s001577-1-1_Jeong_lane1T1xiTRU3C89	WW	1	2	del_hom	0000	del_h2	1000	14.2885799278156	7.32430843212982	1
chrY	57000000	57227415	fastq0023_HPNE_T1	HCJY7AFX7_MIxT1XT3_24s001577-1-1_Jeong_lane1T1xiTRU3C90	WW	1	2	del_hom	0000	del_h2	1000	12.7440323213717	6.59263330863719	1
chrY	57000000	57227415	fastq0023_HPNE_T1	HCJY7AFX7_MIxT1XT3_24s001577-1-1_Jeong_lane1T1xiTRU3C91	WC	1	2	del_hom	0000	del_h2	1000	14.6181509196633	7.48044451608384	1
chrY	57000000	57227415	fastq0023_HPNE_T1	HCJY7AFX7_MIxT1XT3_24s001577-1-1_Jeong_lane1T1xiTRU3C95	WW	1	2	del_hom	0000	del_h2	1000	13.0854369805441	6.75435651848345	1
